,eqt_code_cat
0,13
1,3
2,19
3,6
4,22
5,15
6,4
7,0
8,14
9,14
10,20
11,20
12,7
13,16
14,6
15,9
16,19
17,1
18,15
19,7
20,5
21,19
22,1
23,15
24,22
25,0
26,17
27,4
28,1
29,19
30,5
31,17
32,15
33,7
34,16
35,13
36,12
37,15
38,20
39,23
40,19
41,22
42,17
43,17
44,9
45,4
46,11
47,19
48,6
49,3
50,17
51,23
52,9
53,7
54,6
55,18
56,15
57,16
58,4
59,20
60,7
61,16
62,10
63,7
64,13
65,17
66,16
67,11
68,15
69,7
70,4
71,11
72,18
73,20
74,4
75,8
76,22
77,15
78,15
79,17
80,0
81,19
82,0
83,23
84,16
85,22
86,17
87,22
88,22
89,6
90,15
91,6
92,17
93,1
94,15
95,17
96,16
97,18
98,17
99,1
100,17
101,22
102,19
103,0
104,11
105,14
106,21
107,21
108,11
109,9
110,4
111,8
112,13
113,7
114,0
115,1
116,1
117,17
118,19
119,4
120,5
121,21
122,12
123,23
124,7
125,20
126,13
127,23
128,0
129,15
130,9
131,15
132,13
133,8
134,9
135,7
136,10
137,19
138,6
139,7
140,19
141,19
142,11
143,2
144,13
145,18
146,7
147,18
148,12
149,4
150,19
151,4
152,22
153,10
154,6
155,5
156,1
157,23
158,0
159,0
160,19
161,0
162,20
163,15
164,0
165,20
166,9
167,3
168,17
169,22
170,13
171,22
172,21
173,0
174,7
175,4
176,13
177,5
178,15
179,19
180,17
181,10
182,5
183,10
184,1
185,22
186,12
187,22
188,4
189,10
190,0
191,21
192,5
193,21
194,20
195,15
196,8
197,8
198,5
199,4
200,17
201,21
202,12
203,6
204,1
205,7
206,0
207,15
208,5
209,6
210,9
211,8
212,21
213,1
214,21
215,10
216,3
217,7
218,7
219,12
220,7
221,8
222,18
223,19
224,19
225,3
226,21
227,23
228,19
229,3
230,7
231,23
232,21
233,8
234,19
235,17
236,22
237,19
238,6
239,22
240,4
241,10
242,16
243,4
244,22
245,17
246,4
247,21
248,9
249,10
250,22
251,12
252,21
253,19
254,14
255,19
256,22
257,5
258,22
259,17
260,4
261,18
262,13
263,1
264,15
265,17
266,13
267,15
268,4
269,16
270,1
271,20
272,21
273,23
274,7
275,20
276,8
277,4
278,1
279,12
280,20
281,18
282,4
283,13
284,7
285,20
286,7
287,17
288,2
289,7
290,15
291,15
292,13
293,20
294,9
295,5
296,8
297,15
298,3
299,9
300,17
301,5
302,7
303,22
304,22
305,14
306,5
307,21
308,5
309,22
310,7
311,16
312,22
313,7
314,20
315,18
316,15
317,21
318,23
319,23
320,20
321,0
322,3
323,7
324,6
325,23
326,18
327,11
328,15
329,7
330,4
331,7
332,19
333,23
334,19
335,18
336,22
337,4
338,7
339,9
340,18
341,16
342,4
343,7
344,22
345,21
346,20
347,15
348,23
349,9
350,19
351,18
352,1
353,23
354,11
355,7
356,1
357,15
358,7
359,8
360,7
361,16
362,21
363,3
364,8
365,12
366,14
367,18
368,17
369,23
370,23
371,18
372,6
373,5
374,7
375,2
376,19
377,6
378,1
379,5
380,16
381,8
382,20
383,11
384,5
385,15
386,21
387,5
388,12
389,17
390,21
391,20
392,9
393,7
394,7
395,2
396,17
397,10
398,9
399,2
400,10
401,15
402,12
403,11
404,5
405,22
406,20
407,4
408,11
409,5
410,17
411,1
412,21
413,6
414,16
415,4
416,22
417,6
418,9
419,12
420,4
421,13
422,7
423,12
424,4
425,18
426,23
427,10
428,7
429,8
430,16
431,6
432,23
433,1
434,18
435,19
436,11
437,1
438,18
439,18
440,17
441,18
442,12
443,1
444,6
445,10
446,17
447,5
448,7
449,22
450,12
451,0
452,14
453,6
454,23
455,1
456,21
457,22
458,20
459,11
460,12
461,11
462,22
463,11
464,15
465,8
466,0
467,15
468,6
469,17
470,4
471,8
472,22
473,8
474,0
475,13
476,12
477,8
478,7
479,19
480,4
481,13
482,22
483,21
484,18
485,9
486,19
487,19
488,12
489,3
490,10
491,22
492,22
493,23
494,20
495,6
496,23
497,6
498,11
499,1
500,23
501,15
502,12
503,13
504,7
505,16
506,16
507,8
508,17
509,8
510,4
511,21
512,2
513,0
514,16
515,20
516,13
517,9
518,7
519,0
520,6
521,11
522,7
523,18
524,5
525,11
526,9
527,8
528,9
529,14
530,14
531,8
532,12
533,15
534,19
535,17
536,4
537,20
538,0
539,9
540,16
541,17
542,8
543,5
544,18
545,7
546,22
547,4
548,15
549,14
550,10
551,22
552,5
553,19
554,16
555,7
556,6
557,5
558,6
559,2
560,3
561,1
562,10
563,0
564,7
565,15
566,0
567,1
568,23
569,22
570,2
571,7
572,14
573,12
574,22
575,7
576,0
577,9
578,9
579,12
580,11
581,7
582,12
583,0
584,7
585,20
586,19
587,16
588,8
589,15
590,13
591,19
592,7
593,20
594,7
595,13
596,17
597,22
598,0
599,0
600,7
601,20
602,18
603,19
604,9
605,16
606,22
607,0
608,9
609,5
610,16
611,20
612,3
613,11
614,11
615,22
616,16
617,12
618,23
619,1
620,22
621,13
622,18
623,7
624,7
625,4
626,23
627,2
628,1
629,6
630,21
631,21
632,23
633,7
634,11
635,1
636,22
637,1
638,7
639,10
640,0
641,20
642,0
643,17
644,12
645,4
646,16
647,4
648,15
649,7
650,18
651,23
652,7
653,13
654,4
655,6
656,21
657,4
658,23
659,0
660,21
661,22
662,15
663,13
664,20
665,15
666,6
667,22
668,8
669,5
670,9
671,15
672,9
673,22
674,3
675,13
676,3
677,7
678,15
679,0
680,2
681,18
682,21
683,10
684,21
685,9
686,14
687,5
688,4
689,23
690,7
691,23
692,7
693,19
694,18
695,19
696,12
697,23
698,6
699,5
700,12
701,12
702,8
703,21
704,15
705,7
706,5
707,18
708,1
709,14
710,23
711,6
712,17
713,7
714,16
715,3
716,14
717,17
718,12
719,15
720,21
721,14
722,1
723,11
724,14
725,18
726,21
727,13
728,13
729,1
730,15
731,23
732,5
733,23
734,3
735,10
736,22
737,13
738,4
739,6
740,0
741,4
742,7
743,19
744,0
745,16
746,15
747,10
748,20
749,4
750,21
751,8
752,13
753,1
754,7
755,16
756,22
757,2
758,13
759,0
760,15
761,19
762,4
763,8
764,15
765,19
766,19
767,11
768,15
769,18
770,15
771,10
772,13
773,5
774,22
775,5
776,19
777,18
778,19
779,0
780,4
781,18
782,9
783,17
784,15
785,23
786,7
787,17
788,19
789,0
790,1
791,10
792,1
793,7
794,4
795,7
796,13
797,18
798,4
799,21
800,23
801,7
802,0
803,13
804,14
805,4
806,11
807,0
808,19
809,13
810,7
811,22
812,7
813,10
814,17
815,6
816,6
817,11
818,18
819,2
820,1
821,5
822,8
823,7
824,4
825,20
826,1
827,7
828,7
829,3
830,11
831,13
832,1
833,22
834,17
835,13
836,11
837,8
838,0
839,7
840,23
841,7
842,4
843,12
844,4
845,7
846,7
847,17
848,1
849,22
850,7
851,13
852,11
853,8
854,10
855,4
856,21
857,12
858,6
859,11
860,15
861,7
862,12
863,1
864,2
865,7
866,22
867,6
868,17
869,7
870,7
871,10
872,6
873,15
874,0
875,3
876,1
877,9
878,7
879,5
880,15
881,1
882,5
883,10
884,1
885,12
886,11
887,13
888,14
889,7
890,10
891,19
892,18
893,6
894,16
895,10
896,15
897,10
898,23
899,0
900,5
901,14
902,20
903,19
904,14
905,9
906,17
907,18
908,15
909,7
910,14
911,0
912,7
913,10
914,3
915,14
916,17
917,19
918,13
919,20
920,8
921,21
922,7
923,13
924,11
925,7
926,23
927,15
928,19
929,7
930,13
931,12
932,15
933,11
934,12
935,9
936,6
937,16
938,18
939,15
940,5
941,14
942,13
943,17
944,7
945,12
946,21
947,4
948,22
949,15
950,18
951,3
952,21
953,21
954,19
955,13
956,9
957,23
958,15
959,20
960,6
961,4
962,15
963,15
964,14
965,22
966,18
967,7
968,17
969,9
970,17
971,7
972,1
973,19
974,17
975,1
976,2
977,8
978,6
979,21
980,15
981,10
982,15
983,16
984,22
985,0
986,11
987,20
988,13
989,7
990,1
991,19
992,22
993,12
994,14
995,8
996,13
997,21
998,7
999,5
1000,23
1001,11
1002,19
1003,18
1004,0
1005,12
1006,19
1007,18
1008,7
1009,0
1010,22
1011,13
1012,9
1013,7
1014,18
1015,10
1016,15
1017,23
1018,23
1019,12
1020,7
1021,11
1022,19
1023,10
1024,19
1025,0
1026,6
1027,13
1028,1
1029,15
1030,7
1031,16
1032,6
1033,3
1034,7
1035,7
1036,19
1037,17
1038,15
1039,21
1040,5
1041,19
1042,0
1043,13
1044,20
1045,7
1046,10
1047,18
1048,0
1049,13
1050,5
1051,5
1052,18
1053,0
1054,0
1055,1
1056,4
1057,19
1058,5
1059,19
1060,13
1061,4
1062,4
1063,7
1064,16
1065,15
1066,11
1067,19
1068,17
1069,21
1070,7
1071,23
1072,3
1073,6
1074,0
1075,2
1076,23
1077,14
1078,1
1079,0
1080,6
1081,21
1082,19
1083,4
1084,11
1085,9
1086,21
1087,21
1088,1
1089,21
1090,7
1091,7
1092,0
1093,6
1094,22
1095,4
1096,5
1097,19
1098,19
1099,19
1100,11
1101,4
1102,20
1103,8
1104,1
1105,21
1106,9
1107,1
1108,4
1109,5
1110,19
1111,9
1112,1
1113,12
1114,23
1115,16
1116,2
1117,5
1118,17
1119,3
1120,18
1121,1
1122,22
1123,4
1124,15
1125,20
1126,7
1127,15
1128,17
1129,12
1130,13
1131,3
1132,13
1133,13
1134,15
1135,21
1136,7
1137,15
1138,15
1139,5
1140,22
1141,8
1142,21
1143,10
1144,7
1145,1
1146,12
1147,17
1148,1
1149,13
1150,16
1151,7
1152,1
1153,4
1154,22
1155,11
1156,15
1157,6
1158,14
1159,11
1160,13
1161,7
1162,20
1163,3
1164,4
1165,19
1166,0
1167,6
1168,3
1169,8
1170,20
1171,0
1172,9
1173,11
1174,18
1175,23
1176,7
1177,12
1178,7
1179,7
1180,5
1181,9
1182,0
1183,21
1184,7
1185,1
1186,4
1187,22
1188,9
1189,7
1190,19
1191,15
1192,11
1193,16
1194,14
1195,18
1196,0
1197,10
1198,17
1199,15
1200,1
1201,1
1202,2
1203,18
1204,22
1205,9
1206,19
1207,0
1208,13
1209,2
1210,5
1211,6
1212,1
1213,20
1214,22
1215,22
1216,10
1217,0
1218,12
1219,4
1220,21
1221,1
1222,3
1223,20
1224,8
1225,4
1226,4
1227,6
1228,4
1229,15
1230,6
1231,19
1232,15
1233,12
1234,15
1235,21
1236,19
1237,23
1238,19
1239,19
1240,8
1241,21
1242,9
1243,8
1244,0
1245,4
1246,19
1247,6
1248,15
1249,21
1250,4
1251,15
1252,19
1253,6
1254,8
1255,15
1256,7
1257,3
1258,20
1259,17
1260,15
1261,0
1262,12
1263,14
1264,18
1265,14
1266,5
1267,10
1268,19
1269,16
1270,1
1271,5
1272,18
1273,20
1274,4
1275,12
1276,13
1277,13
1278,4
1279,1
1280,3
1281,3
1282,14
1283,7
1284,8
1285,10
1286,7
1287,21
1288,15
1289,4
1290,21
1291,13
1292,0
1293,23
1294,7
1295,5
1296,7
1297,9
1298,10
1299,16
1300,11
1301,13
1302,13
1303,11
1304,18
1305,15
1306,16
1307,17
1308,15
1309,16
1310,3
1311,1
1312,7
1313,21
1314,8
1315,14
1316,23
1317,7
1318,6
1319,7
1320,8
1321,16
1322,13
1323,13
1324,10
1325,6
1326,17
1327,4
1328,19
1329,9
1330,8
1331,11
1332,3
1333,21
1334,11
1335,12
1336,20
1337,21
1338,7
1339,7
1340,13
1341,18
1342,15
1343,9
1344,9
1345,7
1346,21
1347,6
1348,7
1349,4
1350,17
1351,1
1352,20
1353,13
1354,14
1355,22
1356,14
1357,13
1358,22
1359,21
1360,22
1361,12
1362,1
1363,3
1364,0
1365,4
1366,11
1367,9
1368,19
1369,23
1370,19
1371,13
1372,5
1373,11
1374,9
1375,12
1376,1
1377,6
1378,6
1379,16
1380,5
1381,23
1382,0
1383,4
1384,5
1385,4
1386,20
1387,14
1388,5
1389,15
1390,12
1391,20
1392,6
1393,7
1394,1
1395,11
1396,10
1397,11
1398,12
1399,7
1400,15
1401,7
1402,14
1403,2
1404,7
1405,13
1406,20
1407,3
1408,8
1409,22
1410,9
1411,5
1412,13
1413,20
1414,0
1415,14
1416,1
1417,10
1418,8
1419,4
1420,7
1421,18
1422,0
1423,10
1424,7
1425,12
1426,7
1427,0
1428,4
1429,9
1430,9
1431,22
1432,4
1433,18
1434,16
1435,1
1436,6
1437,9
1438,13
1439,7
1440,4
1441,9
1442,9
1443,12
1444,6
1445,7
1446,9
1447,0
1448,11
1449,13
1450,15
1451,17
1452,6
1453,20
1454,19
1455,19
1456,19
1457,0
1458,17
1459,8
1460,15
1461,17
1462,7
1463,15
1464,15
1465,11
1466,19
1467,7
1468,16
1469,12
1470,19
1471,11
1472,15
1473,8
1474,9
1475,13
1476,10
1477,12
1478,6
1479,14
1480,6
1481,11
1482,6
1483,23
1484,8
1485,21
1486,20
1487,15
1488,20
1489,15
1490,19
1491,17
1492,11
1493,17
1494,9
1495,3
1496,4
1497,22
1498,12
1499,22
1500,4
1501,6
1502,1
1503,21
1504,1
1505,6
1506,6
1507,7
1508,19
1509,14
1510,13
1511,0
1512,2
1513,19
1514,15
1515,11
1516,8
1517,17
1518,22
1519,9
1520,6
1521,1
1522,12
1523,7
1524,13
1525,22
1526,7
1527,5
1528,7
1529,12
1530,11
1531,5
1532,19
1533,12
1534,1
1535,0
1536,14
1537,2
1538,8
1539,0
1540,23
1541,20
1542,22
1543,12
1544,5
1545,0
1546,6
1547,4
1548,5
1549,15
1550,19
1551,8
1552,15
1553,23
1554,21
1555,18
1556,18
1557,13
1558,19
1559,11
1560,6
1561,22
1562,5
1563,18
1564,19
1565,16
1566,1
1567,15
1568,15
1569,0
1570,4
1571,13
1572,12
1573,15
1574,16
1575,5
1576,13
1577,15
1578,16
1579,11
1580,16
1581,1
1582,21
1583,1
1584,7
1585,5
1586,7
1587,1
1588,13
1589,17
1590,22
1591,14
1592,9
1593,1
1594,7
1595,16
1596,17
1597,15
1598,16
1599,10
1600,7
1601,15
1602,22
1603,19
1604,1
1605,3
1606,11
1607,3
1608,3
1609,0
1610,0
1611,7
1612,13
1613,18
1614,19
1615,7
1616,19
1617,16
1618,15
1619,1
1620,17
1621,9
1622,15
1623,19
1624,17
1625,0
1626,1
1627,10
1628,14
1629,4
1630,13
1631,2
1632,22
1633,19
1634,7
1635,20
1636,17
1637,4
1638,9
1639,12
1640,8
1641,1
1642,4
1643,23
1644,17
1645,1
1646,12
1647,15
1648,7
1649,11
1650,7
1651,12
1652,13
1653,4
1654,19
1655,4
1656,16
1657,4
1658,4
1659,13
1660,9
1661,4
1662,10
1663,6
1664,21
1665,22
1666,20
1667,20
1668,5
1669,22
1670,4
1671,13
1672,7
1673,11
1674,7
1675,7
1676,19
1677,21
1678,6
1679,15
1680,23
1681,1
1682,12
1683,0
1684,11
1685,4
1686,17
1687,1
1688,5
1689,3
1690,7
1691,16
1692,4
1693,10
1694,13
1695,18
1696,22
1697,1
1698,0
1699,1
1700,23
1701,13
1702,6
1703,1
1704,16
1705,6
1706,14
1707,7
1708,6
1709,18
1710,4
1711,19
1712,0
1713,8
1714,5
1715,15
1716,16
1717,20
1718,15
1719,11
1720,11
1721,19
1722,19
1723,7
1724,3
1725,16
1726,9
1727,6
1728,12
1729,14
1730,12
1731,0
1732,18
1733,6
1734,2
1735,5
1736,13
1737,19
1738,17
1739,8
1740,4
1741,21
1742,14
1743,7
1744,16
1745,0
1746,22
1747,12
1748,18
1749,3
1750,16
1751,7
1752,3
1753,23
1754,9
1755,5
1756,18
1757,10
1758,0
1759,14
1760,8
1761,20
1762,17
1763,15
1764,22
1765,7
1766,15
1767,20
1768,11
1769,17
1770,1
1771,23
1772,23
1773,14
1774,8
1775,0
1776,4
1777,21
1778,21
1779,9
1780,17
1781,23
1782,17
1783,1
1784,7
1785,12
1786,7
1787,11
1788,7
1789,3
1790,18
1791,4
1792,12
1793,22
1794,12
1795,7
1796,4
1797,21
1798,10
1799,7
1800,7
1801,14
1802,6
1803,7
1804,17
1805,15
1806,6
1807,22
1808,0
1809,20
1810,5
1811,23
1812,0
1813,1
1814,19
1815,22
1816,7
1817,17
1818,6
1819,7
1820,10
1821,21
1822,4
1823,3
1824,11
1825,23
1826,12
1827,10
1828,11
1829,0
1830,6
1831,10
1832,11
1833,21
1834,21
1835,11
1836,12
1837,4
1838,4
1839,15
1840,4
1841,1
1842,8
1843,16
1844,13
1845,23
1846,16
1847,7
1848,0
1849,1
1850,0
1851,11
1852,5
1853,16
1854,15
1855,8
1856,7
1857,7
1858,22
1859,23
1860,8
1861,23
1862,17
1863,19
1864,11
1865,7
1866,21
1867,15
1868,5
1869,10
1870,15
1871,16
1872,10
1873,7
1874,5
1875,1
1876,4
1877,17
1878,7
1879,17
1880,20
1881,7
1882,13
1883,1
1884,8
1885,19
1886,10
1887,23
1888,16
1889,4
1890,10
1891,11
1892,22
1893,15
1894,7
1895,4
1896,23
1897,13
1898,19
1899,22
1900,22
1901,15
1902,15
1903,17
1904,1
1905,11
1906,13
1907,5
1908,17
1909,14
1910,7
1911,13
1912,0
1913,18
1914,0
1915,14
1916,22
1917,15
1918,11
1919,21
1920,19
1921,20
1922,13
1923,14
1924,15
1925,14
1926,17
1927,18
1928,3
1929,0
1930,8
1931,16
1932,1
1933,19
1934,21
1935,15
1936,10
1937,18
1938,22
1939,22
1940,7
1941,14
1942,16
1943,6
1944,1
1945,19
1946,7
1947,4
1948,4
1949,8
1950,17
1951,14
1952,7
1953,10
1954,17
1955,0
1956,14
1957,0
1958,22
1959,0
1960,12
1961,22
1962,7
1963,6
1964,13
1965,15
1966,9
1967,12
1968,22
1969,3
1970,7
1971,4
1972,18
1973,12
1974,7
1975,10
1976,21
1977,9
1978,19
1979,8
1980,17
1981,15
1982,12
1983,8
1984,11
1985,2
1986,2
1987,4
1988,5
1989,22
1990,17
1991,12
1992,0
1993,5
1994,15
1995,3
1996,4
1997,15
1998,7
1999,16
2000,22
2001,6
2002,1
2003,1
2004,17
2005,16
2006,7
2007,4
2008,20
2009,1
2010,15
2011,9
2012,14
2013,8
2014,6
2015,11
2016,13
2017,5
2018,15
2019,23
2020,19
2021,6
2022,13
2023,13
2024,20
2025,20
2026,7
2027,13
2028,19
2029,7
2030,20
2031,23
2032,1
2033,20
2034,1
2035,11
2036,8
2037,21
2038,17
2039,1
2040,19
2041,10
2042,1
2043,20
2044,7
2045,12
2046,18
2047,8
2048,12
2049,9
2050,8
2051,15
2052,23
2053,16
2054,21
2055,23
2056,23
2057,19
2058,9
2059,0
2060,19
2061,4
2062,13
2063,4
2064,14
2065,19
2066,15
2067,15
2068,13
2069,18
2070,4
2071,4
2072,17
2073,11
2074,13
2075,17
2076,16
2077,7
2078,17
2079,9
2080,8
2081,14
2082,0
2083,18
2084,15
2085,13
2086,0
2087,19
2088,21
2089,0
2090,5
2091,11
2092,10
2093,12
2094,21
2095,22
2096,0
2097,1
2098,13
2099,15
2100,13
2101,13
2102,1
2103,11
2104,14
2105,21
2106,12
2107,19
2108,5
2109,5
2110,0
2111,17
2112,23
2113,3
2114,17
2115,22
2116,6
2117,23
2118,6
2119,1
2120,7
2121,19
2122,12
2123,6
2124,17
2125,15
2126,21
2127,10
2128,4
2129,12
2130,10
2131,15
2132,12
2133,16
2134,12
2135,8
2136,13
2137,16
2138,7
2139,13
2140,14
2141,14
2142,10
2143,9
2144,22
2145,1
2146,11
2147,11
2148,6
2149,5
2150,23
2151,3
2152,16
2153,16
2154,20
2155,17
2156,18
2157,6
2158,15
2159,4
2160,8
2161,4
2162,10
2163,20
2164,11
2165,13
2166,1
2167,13
2168,1
2169,7
2170,1
2171,15
2172,7
2173,6
2174,6
2175,18
2176,15
2177,12
2178,18
2179,7
2180,8
2181,21
2182,5
2183,4
2184,15
2185,2
2186,22
2187,0
2188,7
2189,22
2190,22
2191,8
2192,18
2193,9
2194,9
2195,19
2196,21
2197,5
2198,4
2199,20
2200,18
2201,13
2202,21
2203,23
2204,7
2205,7
2206,11
2207,1
2208,3
2209,5
2210,13
2211,3
2212,6
2213,13
2214,15
2215,13
2216,0
2217,13
2218,18
2219,2
2220,7
2221,23
2222,5
2223,3
2224,6
2225,15
2226,20
2227,12
2228,18
2229,1
2230,19
2231,5
2232,13
2233,12
2234,6
2235,17
2236,10
2237,4
2238,19
2239,23
2240,7
2241,15
2242,14
2243,1
2244,14
2245,4
2246,22
2247,5
2248,7
2249,16
2250,1
2251,7
2252,19
2253,3
2254,7
2255,6
2256,5
2257,19
2258,22
2259,7
2260,6
2261,2
2262,23
2263,0
2264,5
2265,22
2266,5
2267,19
2268,16
2269,19
2270,12
2271,19
2272,17
2273,11
2274,0
2275,7
2276,9
2277,13
2278,10
2279,8
2280,7
2281,10
2282,6
2283,17
2284,15
2285,8
2286,7
2287,22
2288,17
2289,10
2290,22
2291,7
2292,4
2293,21
2294,3
2295,1
2296,16
2297,22
2298,19
2299,13
2300,20
2301,11
2302,15
2303,11
2304,21
2305,11
2306,11
2307,0
2308,0
2309,1
2310,23
2311,0
2312,4
2313,1
2314,19
2315,14
2316,12
2317,12
2318,19
2319,1
2320,7
2321,4
2322,21
2323,4
2324,13
2325,21
2326,20
2327,6
2328,23
2329,8
2330,15
2331,22
2332,10
2333,11
2334,14
2335,8
2336,23
2337,19
2338,22
2339,19
2340,13
2341,22
2342,19
2343,14
2344,20
2345,8
2346,18
2347,9
2348,14
2349,1
2350,8
2351,13
2352,15
2353,11
2354,17
2355,14
2356,16
2357,12
2358,7
2359,6
2360,23
2361,0
2362,16
2363,15
2364,19
2365,13
2366,0
2367,1
2368,15
2369,18
2370,8
2371,23
2372,21
2373,15
2374,7
2375,7
2376,17
2377,8
2378,23
2379,13
2380,5
2381,8
2382,0
2383,11
2384,12
2385,16
2386,8
2387,15
2388,19
2389,15
2390,7
2391,17
2392,5
2393,12
2394,19
2395,9
2396,13
2397,1
2398,22
2399,22
2400,19
2401,10
2402,19
2403,3
2404,1
2405,8
2406,7
2407,15
2408,6
2409,12
2410,8
2411,15
2412,5
2413,0
2414,6
2415,6
2416,4
2417,3
2418,7
2419,17
2420,16
2421,18
2422,10
2423,7
2424,11
2425,19
2426,6
2427,3
2428,15
2429,4
2430,22
2431,7
2432,17
2433,12
2434,18
2435,4
2436,11
2437,1
2438,7
2439,7
2440,9
2441,8
2442,15
2443,13
2444,9
2445,0
2446,7
2447,0
2448,0
2449,19
2450,15
2451,19
2452,20
2453,9
2454,11
2455,13
2456,9
2457,22
2458,4
2459,6
2460,1
2461,1
2462,4
2463,14
2464,21
2465,17
2466,3
2467,19
2468,15
2469,17
2470,14
2471,17
2472,6
2473,1
2474,8
2475,6
2476,6
2477,1
2478,4
2479,1
2480,9
2481,7
2482,14
2483,11
2484,22
2485,19
2486,5
2487,21
2488,0
2489,1
2490,19
2491,4
2492,18
2493,13
2494,10
2495,10
2496,8
2497,14
2498,15
2499,8
2500,4
2501,19
2502,1
2503,18
2504,19
2505,19
2506,23
2507,0
2508,12
2509,10
2510,8
2511,8
2512,3
2513,4
2514,14
2515,7
2516,8
2517,12
2518,4
2519,19
2520,11
2521,16
2522,17
2523,19
2524,13
2525,11
2526,20
2527,9
2528,19
2529,4
2530,7
2531,23
2532,1
2533,21
2534,19
2535,6
2536,15
2537,15
2538,10
2539,1
2540,13
2541,23
2542,22
2543,14
2544,0
2545,5
2546,4
2547,15
2548,7
2549,18
2550,17
2551,5
2552,1
2553,18
2554,20
2555,4
2556,15
2557,19
2558,5
2559,4
2560,15
2561,7
2562,9
2563,3
2564,17
2565,3
2566,15
2567,7
2568,1
2569,17
2570,17
2571,16
2572,4
2573,20
2574,7
2575,6
2576,14
2577,22
2578,10
2579,1
2580,1
2581,0
2582,15
2583,5
2584,12
2585,19
2586,21
2587,1
2588,13
2589,4
2590,7
2591,7
2592,13
2593,22
2594,0
2595,5
2596,16
2597,3
2598,20
2599,12
2600,11
2601,8
2602,19
2603,8
2604,3
2605,17
2606,12
2607,18
2608,8
2609,22
2610,22
2611,4
2612,17
2613,15
2614,4
2615,19
2616,21
2617,11
2618,15
2619,14
2620,1
2621,2
2622,22
2623,9
2624,6
2625,19
2626,11
2627,12
2628,15
2629,17
2630,17
2631,5
2632,16
2633,7
2634,5
2635,15
2636,22
2637,10
2638,1
2639,0
2640,7
2641,5
2642,7
2643,23
2644,1
2645,22
2646,7
2647,20
2648,1
2649,7
2650,7
2651,4
2652,17
2653,17
2654,7
2655,19
2656,7
2657,15
2658,7
2659,6
2660,22
2661,11
2662,18
2663,4
2664,6
2665,15
2666,19
2667,13
2668,18
2669,17
2670,18
2671,23
2672,12
2673,5
2674,3
2675,17
2676,12
2677,7
2678,17
2679,4
2680,12
2681,4
2682,15
2683,6
2684,21
2685,19
2686,15
2687,11
2688,22
2689,2
2690,13
2691,17
2692,0
2693,12
2694,14
2695,0
2696,7
2697,1
2698,6
2699,12
2700,4
2701,8
2702,17
2703,6
2704,8
2705,9
2706,14
2707,7
2708,16
2709,20
2710,0
2711,12
2712,14
2713,13
2714,7
2715,14
2716,8
2717,17
2718,15
2719,0
2720,17
2721,12
2722,15
2723,16
2724,4
2725,12
2726,6
2727,16
2728,7
2729,4
2730,15
2731,11
2732,7
2733,13
2734,3
2735,0
2736,9
2737,13
2738,22
2739,20
2740,4
2741,8
2742,0
2743,15
2744,12
2745,4
2746,22
2747,7
2748,12
2749,21
2750,21
2751,23
2752,15
2753,0
2754,22
2755,5
2756,19
2757,17
2758,12
2759,10
2760,17
2761,12
2762,13
2763,4
2764,13
2765,15
2766,19
2767,13
2768,12
2769,19
2770,8
2771,7
2772,7
2773,7
2774,10
2775,1
2776,19
2777,12
2778,9
2779,8
2780,9
2781,0
2782,6
2783,13
2784,4
2785,7
2786,16
2787,21
2788,21
2789,11
2790,4
2791,4
2792,10
2793,17
2794,6
2795,19
2796,6
2797,8
2798,16
2799,7
2800,4
2801,0
2802,6
2803,19
2804,20
2805,3
2806,22
2807,13
2808,9
2809,3
2810,4
2811,22
2812,23
2813,2
2814,1
2815,8
2816,1
2817,21
2818,6
2819,10
2820,12
2821,6
2822,17
2823,15
2824,6
2825,11
2826,7
2827,1
2828,22
2829,5
2830,10
2831,0
2832,4
2833,19
2834,8
2835,7
2836,17
2837,14
2838,6
2839,17
2840,5
2841,8
2842,1
2843,17
2844,6
2845,1
2846,11
2847,18
2848,4
2849,8
2850,3
2851,10
2852,22
2853,17
2854,14
2855,22
2856,17
2857,7
2858,6
2859,19
2860,15
2861,21
2862,4
2863,10
2864,0
2865,11
2866,23
2867,6
2868,3
2869,10
2870,8
2871,5
2872,5
2873,12
2874,9
2875,5
2876,23
2877,8
2878,11
2879,4
2880,9
2881,13
2882,6
2883,18
2884,13
2885,6
2886,15
2887,17
2888,3
2889,23
2890,16
2891,11
2892,1
2893,20
2894,19
2895,23
2896,3
2897,6
2898,6
2899,16
2900,4
2901,17
2902,4
2903,9
2904,7
2905,21
2906,4
2907,22
2908,15
2909,11
2910,21
2911,20
2912,22
2913,11
2914,18
2915,8
2916,11
2917,17
2918,2
2919,4
2920,0
2921,3
2922,19
2923,14
2924,23
2925,21
2926,7
2927,13
2928,15
2929,1
2930,13
2931,19
2932,11
2933,0
2934,22
2935,19
2936,4
2937,6
2938,14
2939,0
2940,18
2941,8
2942,12
2943,10
2944,19
2945,15
2946,6
2947,13
2948,13
2949,21
2950,14
2951,14
2952,15
2953,6
2954,3
2955,17
2956,17
2957,14
2958,13
2959,7
2960,23
2961,13
2962,5
2963,10
2964,12
2965,21
2966,5
2967,19
2968,19
2969,13
2970,4
2971,9
2972,7
2973,9
2974,5
2975,19
2976,4
2977,19
2978,3
2979,0
2980,18
2981,7
2982,16
2983,7
2984,17
2985,1
2986,19
2987,5
2988,21
2989,8
2990,7
2991,11
2992,4
2993,22
2994,17
2995,21
2996,23
2997,21
2998,23
2999,7
3000,9
3001,15
3002,2
3003,3
3004,1
3005,4
3006,5
3007,0
3008,4
3009,4
3010,8
3011,1
3012,3
3013,11
3014,16
3015,9
3016,13
3017,1
3018,6
3019,15
3020,19
3021,18
3022,18
3023,15
3024,6
3025,23
3026,7
3027,9
3028,6
3029,13
3030,14
3031,7
3032,14
3033,19
3034,7
3035,18
3036,9
3037,11
3038,17
3039,11
3040,13
3041,7
3042,6
3043,5
3044,4
3045,19
3046,4
3047,22
3048,11
3049,5
3050,1
3051,18
3052,11
3053,22
3054,4
3055,0
3056,21
3057,21
3058,18
3059,13
3060,17
3061,8
3062,7
3063,18
3064,15
3065,1
3066,14
3067,9
3068,6
3069,7
3070,7
3071,21
3072,4
3073,21
3074,23
3075,20
3076,7
3077,21
3078,11
3079,14
3080,3
3081,20
3082,11
3083,6
3084,21
3085,4
3086,11
3087,17
3088,11
3089,7
3090,8
3091,16
3092,21
3093,19
3094,19
3095,4
3096,22
3097,0
3098,15
3099,14
3100,16
3101,4
3102,12
3103,5
3104,1
3105,1
3106,6
3107,9
3108,14
3109,7
3110,4
3111,10
3112,15
3113,7
3114,0
3115,8
3116,16
3117,9
3118,11
3119,0
3120,14
3121,5
3122,6
3123,7
3124,6
3125,13
3126,11
3127,9
3128,11
3129,14
3130,4
3131,8
3132,14
3133,22
3134,13
3135,8
3136,19
3137,7
3138,15
3139,9
3140,10
3141,19
3142,20
3143,17
3144,17
3145,15
3146,5
3147,6
3148,12
3149,5
3150,7
3151,10
3152,21
3153,5
3154,20
3155,22
3156,20
3157,7
3158,0
3159,14
3160,16
3161,7
3162,15
3163,17
3164,4
3165,6
3166,15
3167,22
3168,21
3169,4
3170,18
3171,13
3172,4
3173,19
3174,1
3175,11
3176,11
3177,13
3178,16
3179,0
3180,14
3181,17
3182,21
3183,11
3184,18
3185,12
3186,15
3187,10
3188,10
3189,0
3190,8
3191,22
3192,19
3193,11
3194,22
3195,3
3196,18
3197,4
3198,7
3199,6
3200,19
3201,7
3202,16
3203,20
3204,14
3205,6
3206,5
3207,6
3208,5
3209,3
3210,11
3211,22
3212,9
3213,0
3214,5
3215,15
3216,5
3217,0
3218,4
3219,0
3220,10
3221,11
3222,23
3223,1
3224,22
3225,18
3226,3
3227,19
3228,23
3229,7
3230,15
3231,22
3232,5
3233,21
3234,10
3235,12
3236,8
3237,6
3238,16
3239,6
3240,7
3241,19
3242,5
3243,11
3244,1
3245,18
3246,21
3247,15
3248,6
3249,2
3250,16
3251,19
3252,7
3253,15
3254,16
3255,13
3256,14
3257,17
3258,7
3259,13
3260,1
3261,1
3262,8
3263,13
3264,7
3265,22
3266,9
3267,7
3268,6
3269,9
3270,20
3271,22
3272,6
3273,9
3274,15
3275,13
3276,4
3277,23
3278,7
3279,7
3280,19
3281,7
3282,19
3283,22
3284,13
3285,8
3286,5
3287,10
3288,19
3289,21
3290,4
3291,23
3292,10
3293,15
3294,21
3295,0
3296,5
3297,10
3298,5
3299,8
3300,17
3301,12
3302,6
3303,18
3304,22
3305,20
3306,18
3307,20
3308,23
3309,0
3310,6
3311,7
3312,9
3313,8
3314,7
3315,13
3316,1
3317,7
3318,11
3319,6
3320,3
3321,21
3322,7
3323,18
3324,12
3325,15
3326,15
3327,5
3328,13
3329,11
3330,6
3331,21
3332,21
3333,3
3334,18
3335,1
3336,16
3337,7
3338,6
3339,15
3340,11
3341,21
3342,17
3343,11
3344,1
3345,22
3346,16
3347,10
3348,13
3349,13
3350,19
3351,9
3352,22
3353,13
3354,0
3355,22
3356,20
3357,0
3358,10
3359,5
3360,8
3361,16
3362,11
3363,21
3364,15
3365,8
3366,0
3367,1
3368,18
3369,10
3370,19
3371,19
3372,22
3373,13
3374,10
3375,16
3376,15
3377,18
3378,19
3379,2
3380,22
3381,22
3382,6
3383,13
3384,12
3385,2
3386,6
3387,7
3388,13
3389,15
3390,16
3391,6
3392,3
3393,18
3394,20
3395,4
3396,18
3397,15
3398,3
3399,1
3400,7
3401,14
3402,17
3403,19
3404,3
3405,18
3406,0
3407,4
3408,6
3409,11
3410,7
3411,13
3412,10
3413,1
3414,19
3415,0
3416,14
3417,8
3418,19
3419,6
3420,7
3421,4
3422,3
3423,12
3424,4
3425,21
3426,19
3427,0
3428,17
3429,5
3430,4
3431,22
3432,6
3433,7
3434,19
3435,21
3436,11
3437,6
3438,17
3439,17
3440,19
3441,7
3442,12
3443,4
3444,6
3445,8
3446,12
3447,22
3448,4
3449,22
3450,8
3451,21
3452,21
3453,16
3454,13
3455,19
3456,4
3457,19
3458,1
3459,1
3460,21
3461,22
3462,1
3463,0
3464,15
3465,1
3466,21
3467,1
3468,12
3469,7
3470,1
3471,15
3472,13
3473,20
3474,13
3475,7
3476,16
3477,10
3478,3
3479,7
3480,19
3481,20
3482,7
3483,19
3484,7
3485,13
3486,7
3487,23
3488,8
3489,7
3490,18
3491,15
3492,14
3493,11
3494,19
3495,17
3496,14
3497,10
3498,7
3499,17
3500,5
3501,20
3502,2
3503,22
3504,8
3505,7
3506,20
3507,11
3508,21
3509,13
3510,4
3511,10
3512,14
3513,0
3514,13
3515,19
3516,17
3517,21
3518,13
3519,5
3520,6
3521,12
3522,4
3523,21
3524,13
3525,7
3526,21
3527,9
3528,10
3529,20
3530,12
3531,17
3532,7
3533,9
3534,15
3535,13
3536,7
3537,13
3538,14
3539,18
3540,19
3541,15
3542,22
3543,0
3544,8
3545,1
3546,10
3547,14
3548,18
3549,10
3550,4
3551,10
3552,17
3553,4
3554,15
3555,3
3556,7
3557,4
3558,3
3559,4
3560,7
3561,15
3562,0
3563,18
3564,11
3565,8
3566,1
3567,15
3568,19
3569,7
3570,7
3571,8
3572,1
3573,5
3574,23
3575,14
3576,1
3577,4
3578,3
3579,22
3580,0
3581,15
3582,10
3583,22
3584,7
3585,22
3586,22
3587,1
3588,6
3589,11
3590,15
3591,5
3592,14
3593,1
3594,7
3595,18
3596,16
3597,17
3598,7
3599,10
3600,11
3601,13
3602,3
3603,7
3604,7
3605,13
3606,5
3607,22
3608,7
3609,14
3610,0
3611,15
3612,22
3613,5
3614,12
3615,22
3616,18
3617,7
3618,1
3619,21
3620,6
3621,10
3622,13
3623,7
3624,23
3625,17
3626,15
3627,21
3628,23
3629,13
3630,15
3631,22
3632,18
3633,14
3634,21
3635,14
3636,7
3637,5
3638,0
3639,5
3640,7
3641,18
3642,4
3643,6
3644,5
3645,7
3646,14
3647,13
3648,6
3649,6
3650,19
3651,19
3652,4
3653,19
3654,22
3655,17
3656,9
3657,12
3658,11
3659,3
3660,22
3661,9
3662,16
3663,12
3664,11
3665,5
3666,21
3667,7
3668,8
3669,15
3670,0
3671,15
3672,19
3673,19
3674,17
3675,15
3676,7
3677,11
3678,12
3679,18
3680,0
3681,19
3682,7
3683,10
3684,5
3685,5
3686,7
3687,19
3688,19
3689,10
3690,11
3691,8
3692,11
3693,13
3694,6
3695,7
3696,19
3697,1
3698,13
3699,12
3700,23
3701,7
3702,13
3703,1
3704,11
3705,12
3706,11
3707,4
3708,5
3709,22
3710,18
3711,12
3712,0
3713,22
3714,1
3715,19
3716,21
3717,15
3718,11
3719,3
3720,13
3721,7
3722,6
3723,6
3724,7
3725,8
3726,12
3727,7
3728,1
3729,13
3730,19
3731,1
3732,4
3733,0
3734,9
3735,7
3736,22
3737,7
3738,0
3739,22
3740,7
3741,7
3742,3
3743,20
3744,19
3745,7
3746,17
3747,13
3748,6
3749,15
3750,16
3751,4
3752,5
3753,6
3754,6
3755,7
3756,0
3757,11
3758,15
3759,23
3760,11
3761,14
3762,17
3763,5
3764,6
3765,1
3766,4
3767,1
3768,19
3769,12
3770,4
3771,1
3772,8
3773,19
3774,18
3775,0
3776,0
3777,0
3778,21
3779,8
3780,15
3781,20
3782,7
3783,21
3784,21
3785,22
3786,7
3787,0
3788,14
3789,15
3790,17
3791,17
3792,1
3793,4
3794,20
3795,4
3796,7
3797,22
3798,19
3799,0
3800,12
3801,15
3802,4
3803,13
3804,23
3805,11
3806,13
3807,9
3808,4
3809,15
3810,21
3811,0
3812,16
3813,18
3814,7
3815,23
3816,1
3817,10
3818,7
3819,14
3820,18
3821,6
3822,0
3823,11
3824,20
3825,10
3826,22
3827,18
3828,1
3829,12
3830,11
3831,0
3832,21
3833,13
3834,10
3835,10
3836,11
3837,9
3838,10
3839,19
3840,13
3841,18
3842,16
3843,5
3844,11
3845,4
3846,21
3847,21
3848,13
3849,8
3850,19
3851,7
3852,0
3853,1
3854,10
3855,4
3856,8
3857,3
3858,6
3859,20
3860,12
3861,4
3862,13
3863,9
3864,0
3865,19
3866,1
3867,7
3868,15
3869,22
3870,11
3871,14
3872,13
3873,17
3874,18
3875,17
3876,4
3877,1
3878,3
3879,12
3880,4
3881,8
3882,18
3883,2
3884,15
3885,11
3886,10
3887,21
3888,23
3889,7
3890,3
3891,9
3892,16
3893,3
3894,3
3895,15
3896,0
3897,21
3898,19
3899,4
3900,18
3901,16
3902,19
3903,22
3904,5
3905,15
3906,13
3907,6
3908,17
3909,5
3910,20
3911,23
3912,23
3913,10
3914,15
3915,0
3916,15
3917,21
3918,12
3919,9
3920,17
3921,15
3922,17
3923,20
3924,19
3925,7
3926,17
3927,17
3928,12
3929,3
3930,22
3931,11
3932,11
3933,1
3934,16
3935,13
3936,4
3937,22
3938,11
3939,19
3940,3
3941,14
3942,13
3943,0
3944,7
3945,4
3946,22
3947,6
3948,17
3949,0
3950,15
3951,5
3952,7
3953,17
3954,17
3955,11
3956,9
3957,15
3958,16
3959,18
3960,13
3961,15
3962,15
3963,17
3964,11
3965,0
3966,14
3967,13
3968,13
3969,19
3970,5
3971,22
3972,4
3973,20
3974,22
3975,5
3976,5
3977,22
3978,15
3979,4
3980,13
3981,0
3982,14
3983,6
3984,13
3985,19
3986,6
3987,7
3988,15
3989,19
3990,11
3991,0
3992,4
3993,9
3994,3
3995,4
3996,10
3997,0
3998,12
3999,16
4000,13
4001,4
4002,4
4003,5
4004,20
4005,21
4006,8
4007,22
4008,23
4009,10
4010,17
4011,7
4012,0
4013,15
4014,13
4015,7
4016,4
4017,1
4018,1
4019,4
4020,10
4021,11
4022,15
4023,1
4024,19
4025,16
4026,7
4027,7
4028,0
4029,16
4030,10
4031,19
4032,13
4033,4
4034,23
4035,21
4036,6
4037,17
4038,4
4039,3
4040,15
4041,3
4042,5
4043,21
4044,22
4045,7
4046,21
4047,4
4048,22
4049,22
4050,18
4051,12
4052,0
4053,7
4054,16
4055,12
4056,9
4057,17
4058,14
4059,0
4060,10
4061,7
4062,7
4063,15
4064,10
4065,17
4066,7
4067,4
4068,12
4069,22
4070,6
4071,10
4072,20
4073,10
4074,15
4075,19
4076,0
4077,1
4078,23
4079,10
4080,1
4081,19
4082,8
4083,4
4084,20
4085,13
4086,16
4087,10
4088,13
4089,12
4090,6
4091,11
4092,7
4093,8
4094,22
4095,0
4096,6
4097,4
4098,13
4099,13
4100,7
4101,23
4102,8
4103,1
4104,14
4105,4
4106,20
4107,23
4108,13
4109,22
4110,13
4111,10
4112,9
4113,1
4114,13
4115,15
4116,4
4117,5
4118,11
4119,12
4120,1
4121,19
4122,10
4123,22
4124,19
4125,6
4126,7
4127,22
4128,14
4129,12
4130,13
4131,15
4132,6
4133,4
4134,8
4135,1
4136,5
4137,6
4138,20
4139,4
4140,20
4141,11
4142,6
4143,15
4144,7
4145,3
4146,7
4147,1
4148,4
4149,7
4150,0
4151,10
4152,7
4153,15
4154,22
4155,13
4156,16
4157,12
4158,17
4159,19
4160,4
4161,7
4162,5
4163,16
4164,17
4165,1
4166,23
4167,11
4168,15
4169,3
4170,11
4171,0
4172,17
4173,7
4174,4
4175,17
4176,15
4177,7
4178,19
4179,13
4180,19
4181,7
4182,13
4183,7
4184,1
4185,4
4186,21
4187,2
4188,22
4189,13
4190,20
4191,21
4192,15
4193,16
4194,5
4195,7
4196,13
4197,18
4198,3
4199,7
4200,20
4201,14
4202,15
4203,19
4204,10
4205,17
4206,1
4207,4
4208,7
4209,18
4210,1
4211,15
4212,12
4213,1
4214,7
4215,13
4216,17
4217,4
4218,1
4219,3
4220,1
4221,6
4222,21
4223,0
4224,11
4225,2
4226,10
4227,12
4228,13
4229,6
4230,23
4231,5
4232,7
4233,11
4234,21
4235,6
4236,4
4237,15
4238,13
4239,6
4240,14
4241,11
4242,1
4243,11
4244,6
4245,22
4246,20
4247,13
4248,7
4249,21
4250,17
4251,12
4252,21
4253,16
4254,5
4255,20
4256,5
4257,4
4258,22
4259,9
4260,21
4261,6
4262,22
4263,12
4264,19
4265,16
4266,19
4267,10
4268,13
4269,7
4270,17
4271,4
4272,21
4273,8
4274,13
4275,4
4276,6
4277,16
4278,2
4279,21
4280,12
4281,1
4282,17
4283,6
4284,0
4285,10
4286,0
4287,17
4288,6
4289,13
4290,1
4291,5
4292,18
4293,13
4294,7
4295,12
4296,21
4297,11
4298,0
4299,7
4300,17
4301,7
4302,2
4303,10
4304,1
4305,13
4306,9
4307,12
4308,21
4309,11
4310,1
4311,4
4312,10
4313,0
4314,4
4315,10
4316,23
4317,8
4318,23
4319,10
4320,12
4321,17
4322,5
4323,19
4324,12
4325,2
4326,3
4327,11
4328,0
4329,18
4330,14
4331,4
4332,10
4333,21
4334,21
4335,19
4336,0
4337,1
4338,19
4339,21
4340,19
4341,10
4342,17
4343,12
4344,7
4345,0
4346,7
4347,7
4348,11
4349,10
4350,17
4351,12
4352,17
4353,19
4354,7
4355,13
4356,4
4357,12
4358,12
4359,15
4360,4
4361,20
4362,16
4363,6
4364,15
4365,22
4366,14
4367,7
4368,10
4369,1
4370,15
4371,22
4372,11
4373,22
4374,1
4375,15
4376,20
4377,7
4378,20
4379,1
4380,16
4381,8
4382,20
4383,19
4384,7
4385,10
4386,10
4387,7
4388,14
4389,21
4390,7
4391,7
4392,6
4393,21
4394,0
4395,10
4396,9
4397,6
4398,22
4399,9
4400,12
4401,13
4402,4
4403,12
4404,1
4405,9
4406,6
4407,17
4408,7
4409,6
4410,11
4411,11
4412,2
4413,1
4414,12
4415,19
4416,7
4417,15
4418,22
4419,1
4420,7
4421,12
4422,12
4423,22
4424,21
4425,6
4426,17
4427,16
4428,13
4429,20
4430,12
4431,17
4432,19
4433,15
4434,12
4435,7
4436,8
4437,17
4438,5
4439,19
4440,7
4441,5
4442,13
4443,16
4444,21
4445,15
4446,23
4447,2
4448,5
4449,5
4450,13
4451,16
4452,17
4453,1
4454,7
4455,3
4456,19
4457,12
4458,13
4459,7
4460,19
4461,4
4462,5
4463,11
4464,5
4465,19
4466,11
4467,7
4468,15
4469,0
4470,22
4471,7
4472,17
4473,1
4474,3
4475,1
4476,13
4477,22
4478,22
4479,17
4480,22
4481,22
4482,19
4483,13
4484,22
4485,6
4486,13
4487,21
4488,4
4489,19
4490,8
4491,9
4492,3
4493,8
4494,15
4495,11
4496,1
4497,1
4498,10
4499,7
4500,14
4501,6
4502,6
4503,0
4504,17
4505,2
4506,23
4507,10
4508,4
4509,5
4510,12
4511,4
4512,4
4513,8
4514,11
4515,1
4516,4
4517,13
4518,5
4519,19
4520,22
4521,6
4522,6
4523,17
4524,23
4525,17
4526,1
4527,17
4528,1
4529,9
4530,11
4531,1
4532,7
4533,1
4534,8
4535,7
4536,15
4537,22
4538,13
4539,5
4540,10
4541,10
4542,8
4543,10
4544,7
4545,12
4546,10
4547,22
4548,21
4549,8
4550,1
4551,5
4552,10
4553,19
4554,15
4555,11
4556,13
4557,14
4558,4
4559,4
4560,18
4561,11
4562,22
4563,6
4564,3
4565,22
4566,14
4567,15
4568,4
4569,7
4570,3
4571,22
4572,18
4573,17
4574,18
4575,7
4576,1
4577,13
4578,11
4579,1
4580,16
4581,9
4582,23
4583,6
4584,9
4585,16
4586,6
4587,4
4588,18
4589,23
4590,14
4591,17
4592,0
4593,18
4594,0
4595,17
4596,22
4597,15
4598,15
4599,7
4600,7
4601,15
4602,14
4603,3
4604,4
4605,8
4606,13
4607,11
4608,15
4609,10
4610,7
4611,4
4612,18
4613,4
4614,7
4615,3
4616,16
4617,13
4618,19
4619,21
4620,1
4621,22
4622,16
4623,0
4624,11
4625,2
4626,16
4627,8
4628,13
4629,15
4630,15
4631,11
4632,8
4633,15
4634,3
4635,7
4636,5
4637,22
4638,20
4639,19
4640,4
4641,15
4642,3
4643,5
4644,13
4645,1
4646,16
4647,9
4648,17
4649,22
4650,8
4651,16
4652,10
4653,16
4654,3
4655,19
4656,1
4657,6
4658,21
4659,4
4660,20
4661,1
4662,18
4663,3
4664,7
4665,1
4666,3
4667,3
4668,17
4669,4
4670,15
4671,0
4672,11
4673,0
4674,8
4675,15
4676,10
4677,22
4678,9
4679,7
4680,16
4681,17
4682,1
4683,21
4684,8
4685,0
4686,0
4687,17
4688,4
4689,1
4690,18
4691,12
4692,7
4693,17
4694,15
4695,16
4696,7
4697,0
4698,12
4699,5
4700,0
4701,21
4702,13
4703,0
4704,6
4705,14
4706,5
4707,9
4708,3
4709,16
4710,1
4711,7
4712,20
4713,3
4714,11
4715,23
4716,7
4717,20
4718,19
4719,20
4720,11
4721,7
4722,10
4723,7
4724,1
4725,23
4726,12
4727,5
4728,15
4729,15
4730,15
4731,9
4732,15
4733,12
4734,11
4735,4
4736,19
4737,4
4738,8
4739,15
4740,22
4741,1
4742,22
4743,11
4744,7
4745,13
4746,1
4747,4
4748,13
4749,3
4750,18
4751,9
4752,0
4753,15
4754,11
4755,1
4756,1
4757,1
4758,5
4759,7
4760,13
4761,8
4762,0
4763,16
4764,16
4765,11
4766,5
4767,21
4768,12
4769,8
4770,15
4771,6
4772,4
4773,4
4774,19
4775,8
4776,0
4777,12
4778,22
4779,1
4780,7
4781,15
4782,5
4783,14
4784,17
4785,10
4786,22
4787,23
4788,17
4789,0
4790,18
4791,4
4792,7
4793,13
4794,0
4795,13
4796,1
4797,15
4798,8
4799,0
4800,0
4801,0
4802,3
4803,20
4804,0
4805,5
4806,5
4807,13
4808,23
4809,19
4810,19
4811,7
4812,20
4813,5
4814,15
4815,12
4816,16
4817,7
4818,1
4819,12
4820,7
4821,7
4822,14
4823,22
4824,0
4825,0
4826,7
4827,8
4828,5
4829,5
4830,4
4831,6
4832,0
4833,19
4834,13
4835,23
4836,19
4837,4
4838,15
4839,17
4840,5
4841,5
4842,5
4843,23
4844,1
4845,18
4846,12
4847,7
4848,22
4849,12
4850,12
4851,15
4852,23
4853,9
4854,18
4855,16
4856,5
4857,13
4858,10
4859,7
4860,6
4861,5
4862,15
4863,3
4864,0
4865,16
4866,4
4867,13
4868,11
4869,12
4870,13
4871,0
4872,12
4873,4
4874,8
4875,19
4876,15
4877,5
4878,18
4879,19
4880,11
4881,9
4882,21
4883,7
4884,0
4885,9
4886,6
4887,13
4888,22
4889,3
4890,10
4891,13
4892,8
4893,2
4894,8
4895,12
4896,1
4897,10
4898,22
4899,21
4900,18
4901,2
4902,5
4903,9
4904,6
4905,6
4906,13
4907,13
4908,7
4909,3
4910,7
4911,3
4912,16
4913,19
4914,1
4915,4
4916,23
4917,8
4918,22
4919,7
4920,11
4921,1
4922,1
4923,15
4924,7
4925,17
4926,15
4927,18
4928,7
4929,12
4930,15
4931,22
4932,13
4933,0
4934,7
4935,0
4936,1
4937,22
4938,13
4939,13
4940,15
4941,7
4942,22
4943,23
4944,6
4945,15
4946,12
4947,7
4948,22
4949,14
4950,5
4951,2
4952,15
4953,4
4954,11
4955,14
4956,18
4957,6
4958,5
4959,11
4960,6
4961,20
4962,23
4963,8
4964,18
4965,10
4966,5
4967,14
4968,2
4969,10
4970,19
4971,15
4972,11
4973,22
4974,0
4975,18
4976,0
4977,21
4978,5
4979,7
4980,19
4981,19
4982,4
4983,16
4984,6
4985,4
4986,12
4987,23
4988,17
4989,23
4990,14
4991,14
4992,19
4993,1
4994,20
4995,15
4996,1
4997,9
4998,9
4999,13
5000,14
5001,22
5002,15
5003,21
5004,6
5005,6
5006,20
5007,0
5008,20
5009,21
5010,7
5011,7
5012,8
5013,1
5014,16
5015,6
5016,22
5017,1
5018,3
5019,6
5020,17
5021,22
5022,20
5023,22
5024,1
5025,20
5026,14
5027,15
5028,9
5029,21
5030,16
5031,23
5032,7
5033,1
5034,7
5035,20
5036,15
5037,13
5038,17
5039,9
5040,22
5041,13
5042,16
5043,7
5044,17
5045,13
5046,7
5047,6
5048,15
5049,11
5050,0
5051,15
5052,12
5053,9
5054,10
5055,18
5056,0
5057,2
5058,14
5059,15
5060,21
5061,7
5062,17
5063,5
5064,22
5065,15
5066,13
5067,7
5068,11
5069,9
5070,3
5071,18
5072,13
5073,12
5074,8
5075,19
5076,10
5077,23
5078,6
5079,13
5080,11
5081,10
5082,7
5083,13
5084,1
5085,20
5086,18
5087,19
5088,1
5089,14
5090,4
5091,14
5092,4
5093,15
5094,23
5095,15
5096,7
5097,7
5098,20
5099,11
5100,20
5101,16
5102,9
5103,13
5104,9
5105,5
5106,4
5107,13
5108,16
5109,14
5110,16
5111,1
5112,0
5113,0
5114,0
5115,12
5116,13
5117,18
5118,22
5119,22
5120,17
5121,11
5122,16
5123,12
5124,10
5125,4
5126,3
5127,7
5128,18
5129,19
5130,11
5131,21
5132,4
5133,21
5134,4
5135,4
5136,7
5137,1
5138,3
5139,12
5140,15
5141,7
5142,10
5143,16
5144,4
5145,18
5146,18
5147,9
5148,15
5149,8
5150,19
5151,1
5152,20
5153,19
5154,14
5155,22
5156,3
5157,8
5158,7
5159,7
5160,15
5161,7
5162,9
5163,12
5164,15
5165,0
5166,7
5167,0
5168,18
5169,1
5170,23
5171,5
5172,13
5173,6
5174,23
5175,14
5176,19
5177,7
5178,16
5179,17
5180,20
5181,7
5182,16
5183,14
5184,4
5185,1
5186,4
5187,19
5188,19
5189,0
5190,18
5191,0
5192,7
5193,14
5194,11
5195,19
5196,17
5197,5
5198,11
5199,16
5200,0
5201,8
5202,13
5203,0
5204,17
5205,21
5206,18
5207,21
5208,20
5209,13
5210,20
5211,11
5212,6
5213,13
5214,13
5215,19
5216,11
5217,23
5218,20
5219,20
5220,23
5221,0
5222,8
5223,0
5224,15
5225,4
5226,10
5227,9
5228,6
5229,6
5230,13
5231,15
5232,7
5233,8
5234,11
5235,15
5236,6
5237,13
5238,5
5239,22
5240,6
5241,15
5242,22
5243,13
5244,4
5245,20
5246,6
5247,10
5248,5
5249,4
5250,3
5251,10
5252,10
5253,17
5254,1
5255,1
5256,13
5257,23
5258,4
5259,15
5260,20
5261,6
5262,20
5263,23
5264,6
5265,15
5266,0
5267,17
5268,7
5269,0
5270,11
5271,1
5272,17
5273,21
5274,5
5275,15
5276,3
5277,1
5278,17
5279,15
5280,10
5281,6
5282,15
5283,1
5284,12
5285,9
5286,2
5287,16
5288,16
5289,17
5290,13
5291,4
5292,13
5293,19
5294,12
5295,5
5296,4
5297,10
5298,1
5299,16
5300,22
5301,1
5302,14
5303,21
5304,9
5305,13
5306,8
5307,13
5308,21
5309,20
5310,7
5311,0
5312,15
5313,7
5314,5
5315,14
5316,4
5317,7
5318,19
5319,1
5320,6
5321,22
5322,8
5323,9
5324,17
5325,9
5326,6
5327,15
5328,5
5329,9
5330,16
5331,17
5332,12
5333,1
5334,0
5335,19
5336,18
5337,21
5338,16
5339,18
5340,3
5341,13
5342,7
5343,19
5344,17
5345,7
5346,22
5347,10
5348,4
5349,5
5350,1
5351,2
5352,9
5353,22
5354,3
5355,8
5356,23
5357,3
5358,3
5359,7
5360,21
5361,1
5362,7
5363,23
5364,23
5365,9
5366,16
5367,15
5368,14
5369,15
5370,15
5371,7
5372,6
5373,1
5374,11
5375,12
5376,1
5377,11
5378,15
5379,22
5380,9
5381,7
5382,13
5383,19
5384,7
5385,6
5386,12
5387,16
5388,7
5389,21
5390,0
5391,19
5392,15
5393,15
5394,0
5395,5
5396,19
5397,7
5398,19
5399,5
5400,7
5401,21
5402,13
5403,1
5404,3
5405,7
5406,4
5407,7
5408,17
5409,7
5410,5
5411,3
5412,18
5413,3
5414,17
5415,8
5416,3
5417,1
5418,1
5419,6
5420,14
5421,15
5422,4
5423,0
5424,13
5425,7
5426,13
5427,13
5428,15
5429,16
5430,22
5431,18
5432,11
5433,6
5434,16
5435,16
5436,3
5437,7
5438,2
5439,12
5440,19
5441,14
5442,12
5443,17
5444,1
5445,4
5446,22
5447,23
5448,4
5449,23
5450,1
5451,23
5452,15
5453,0
5454,6
5455,0
5456,9
5457,11
5458,7
5459,3
5460,17
5461,22
5462,19
5463,5
5464,5
5465,9
5466,11
5467,9
5468,20
5469,15
5470,9
5471,0
5472,6
5473,14
5474,19
5475,13
5476,6
5477,10
5478,15
5479,6
5480,21
5481,13
5482,5
5483,1
5484,17
5485,13
5486,17
5487,7
5488,16
5489,1
5490,16
5491,6
5492,1
5493,13
5494,18
5495,19
5496,21
5497,23
5498,7
5499,7
5500,19
5501,0
5502,5
5503,7
5504,15
5505,7
5506,4
5507,13
5508,21
5509,3
5510,19
5511,13
5512,22
5513,0
5514,8
5515,18
5516,6
5517,2
5518,4
5519,10
5520,23
5521,13
5522,0
5523,19
5524,19
5525,10
5526,14
5527,5
5528,3
5529,14
5530,20
5531,17
5532,20
5533,6
5534,5
5535,9
5536,13
5537,4
5538,10
5539,4
5540,11
5541,21
5542,0
5543,14
5544,12
5545,3
5546,11
5547,1
5548,18
5549,4
5550,22
5551,3
5552,17
5553,12
5554,4
5555,5
5556,0
5557,1
5558,0
5559,4
5560,18
5561,8
5562,8
5563,10
5564,11
5565,17
5566,3
5567,7
5568,6
5569,10
5570,13
5571,18
5572,7
5573,20
5574,1
5575,17
5576,10
5577,1
5578,9
5579,5
5580,3
5581,22
5582,20
5583,5
5584,9
5585,6
5586,4
5587,4
5588,9
5589,23
5590,22
5591,4
5592,5
5593,15
5594,15
5595,0
5596,18
5597,1
5598,17
5599,7
5600,23
5601,2
5602,13
5603,15
5604,13
5605,14
5606,17
5607,14
5608,4
5609,7
5610,8
5611,17
5612,3
5613,21
5614,11
5615,1
5616,7
5617,8
5618,5
5619,1
5620,16
5621,17
5622,1
5623,14
5624,22
5625,11
5626,3
5627,5
5628,22
5629,15
5630,9
5631,5
5632,10
5633,17
5634,11
5635,17
5636,1
5637,17
5638,10
5639,13
5640,8
5641,7
5642,8
5643,10
5644,13
5645,5
5646,23
5647,16
5648,21
5649,9
5650,7
5651,15
5652,13
5653,13
5654,21
5655,17
5656,5
5657,15
5658,7
5659,15
5660,11
5661,23
5662,19
5663,15
5664,21
5665,0
5666,13
5667,13
5668,22
5669,8
5670,1
5671,7
5672,23
5673,4
5674,19
5675,22
5676,7
5677,16
5678,11
5679,21
5680,22
5681,13
5682,17
5683,13
5684,11
5685,19
5686,4
5687,19
5688,12
5689,6
5690,3
5691,3
5692,11
5693,0
5694,7
5695,21
5696,15
5697,11
5698,13
5699,11
5700,22
5701,6
5702,19
5703,15
5704,12
5705,15
5706,10
5707,12
5708,14
5709,4
5710,8
5711,0
5712,4
5713,15
5714,14
5715,11
5716,14
5717,6
5718,3
5719,0
5720,14
5721,17
5722,20
5723,9
5724,17
5725,9
5726,23
5727,19
5728,1
5729,20
5730,0
5731,3
5732,17
5733,15
5734,15
5735,4
5736,13
5737,0
5738,4
5739,13
5740,4
5741,15
5742,12
5743,7
5744,1
5745,14
5746,5
5747,20
5748,3
5749,22
5750,23
5751,15
5752,3
5753,6
5754,20
5755,15
5756,14
5757,14
5758,10
5759,11
5760,15
5761,14
5762,5
5763,11
5764,9
5765,4
5766,6
5767,3
5768,18
5769,5
5770,6
5771,4
5772,21
5773,4
5774,13
5775,4
5776,6
5777,19
5778,14
5779,10
5780,10
5781,11
5782,6
5783,21
5784,14
5785,7
5786,10
5787,19
5788,21
5789,15
5790,23
5791,3
5792,13
5793,15
5794,11
5795,15
5796,13
5797,5
5798,22
5799,21
5800,21
5801,1
5802,4
5803,4
5804,3
5805,20
5806,18
5807,10
5808,15
5809,11
5810,2
5811,4
5812,10
5813,21
5814,6
5815,8
5816,17
5817,5
5818,3
5819,11
5820,5
5821,18
5822,16
5823,14
5824,8
5825,16
5826,7
5827,14
5828,9
5829,7
5830,17
5831,12
5832,7
5833,1
5834,18
5835,0
5836,0
5837,23
5838,19
5839,15
5840,0
5841,15
5842,7
5843,15
5844,7
5845,22
5846,11
5847,5
5848,16
5849,4
5850,1
5851,10
5852,3
5853,14
5854,13
5855,14
5856,7
5857,17
5858,3
5859,16
5860,22
5861,4
5862,22
5863,6
5864,21
5865,7
5866,7
5867,12
5868,1
5869,19
5870,2
5871,12
5872,16
5873,4
5874,15
5875,7
5876,8
5877,23
5878,5
5879,9
5880,0
5881,12
5882,0
5883,9
5884,8
5885,19
5886,21
5887,7
5888,4
5889,8
5890,6
5891,7
5892,1
5893,4
5894,11
5895,13
5896,2
5897,13
5898,13
5899,11
5900,19
5901,18
5902,11
5903,16
5904,13
5905,5
5906,14
5907,1
5908,18
5909,7
5910,14
5911,18
5912,21
5913,7
5914,22
5915,4
5916,1
5917,4
5918,4
5919,1
5920,5
5921,21
5922,15
5923,23
5924,7
5925,12
5926,21
5927,7
5928,6
5929,4
5930,12
5931,6
5932,0
5933,1
5934,4
5935,7
5936,16
5937,10
5938,15
5939,6
5940,0
5941,9
5942,2
5943,17
5944,20
5945,17
5946,6
5947,12
5948,14
5949,7
5950,4
5951,8
5952,17
5953,9
5954,17
5955,21
5956,18
5957,1
5958,7
5959,0
5960,21
5961,15
5962,20
5963,5
5964,15
5965,7
5966,13
5967,12
5968,20
5969,12
5970,9
5971,4
5972,19
5973,6
5974,0
5975,13
5976,20
5977,7
5978,1
5979,19
5980,15
5981,0
5982,21
5983,7
5984,19
5985,22
5986,11
5987,1
5988,7
5989,4
5990,17
5991,12
5992,23
5993,9
5994,17
5995,0
5996,17
5997,19
5998,1
5999,5
6000,23
6001,7
6002,8
6003,5
6004,2
6005,4
6006,17
6007,5
6008,6
6009,15
6010,15
6011,11
6012,10
6013,16
6014,23
6015,15
6016,7
6017,13
6018,23
6019,18
6020,14
6021,4
6022,15
6023,4
6024,11
6025,3
6026,8
6027,6
6028,5
6029,19
6030,8
6031,23
6032,19
6033,6
6034,1
6035,14
6036,18
6037,7
6038,23
6039,0
6040,7
6041,0
6042,16
6043,13
6044,6
6045,15
6046,20
6047,16
6048,13
6049,21
6050,20
6051,11
6052,4
6053,3
6054,23
6055,1
6056,16
6057,14
6058,13
6059,7
6060,1
6061,5
6062,14
6063,5
6064,12
6065,11
6066,7
6067,23
6068,0
6069,1
6070,19
6071,22
6072,13
6073,7
6074,7
6075,6
6076,17
6077,7
6078,22
6079,10
6080,13
6081,21
6082,18
6083,3
6084,1
6085,14
6086,12
6087,17
6088,0
6089,6
6090,15
6091,15
6092,19
6093,4
6094,13
6095,0
6096,23
6097,3
6098,3
6099,21
6100,8
6101,14
6102,0
6103,0
6104,17
6105,10
6106,13
6107,6
6108,7
6109,22
6110,17
6111,20
6112,1
6113,8
6114,15
6115,17
6116,17
6117,18
6118,6
6119,13
6120,0
6121,19
6122,13
6123,8
6124,19
6125,12
6126,15
6127,6
6128,1
6129,13
6130,8
6131,13
6132,13
6133,7
6134,11
6135,19
6136,18
6137,20
6138,20
6139,15
6140,1
6141,1
6142,8
6143,15
6144,21
6145,20
6146,15
6147,5
6148,7
6149,23
6150,23
6151,22
6152,9
6153,1
6154,18
6155,7
6156,7
6157,11
6158,3
6159,8
6160,8
6161,15
6162,11
6163,13
6164,21
6165,13
6166,7
6167,18
6168,18
6169,8
6170,15
6171,16
6172,22
6173,5
6174,5
6175,7
6176,13
6177,7
6178,18
6179,16
6180,16
6181,22
6182,5
6183,1
6184,17
6185,23
6186,10
6187,4
6188,7
6189,12
6190,23
6191,6
6192,12
6193,16
6194,13
6195,3
6196,21
6197,17
6198,4
6199,22
6200,4
6201,22
6202,23
6203,3
6204,1
6205,1
6206,12
6207,9
6208,7
6209,17
6210,21
6211,13
6212,16
6213,9
6214,9
6215,20
6216,17
6217,15
6218,13
6219,7
6220,5
6221,7
6222,4
6223,9
6224,13
6225,11
6226,9
6227,10
6228,10
6229,19
6230,10
6231,1
6232,17
6233,15
6234,23
6235,17
6236,2
6237,9
6238,11
6239,12
6240,23
6241,10
6242,8
6243,4
6244,22
6245,22
6246,20
6247,15
6248,15
6249,9
6250,4
6251,9
6252,1
6253,9
6254,1
6255,9
6256,10
6257,11
6258,17
6259,7
6260,19
6261,17
6262,7
6263,9
6264,4
6265,9
6266,19
6267,7
6268,22
6269,21
6270,20
6271,4
6272,18
6273,6
6274,13
6275,0
6276,6
6277,13
6278,6
6279,18
6280,3
6281,1
6282,6
6283,7
6284,17
6285,14
6286,19
6287,11
6288,11
6289,11
6290,12
6291,1
6292,18
6293,10
6294,7
6295,17
6296,23
6297,3
6298,5
6299,18
6300,19
6301,4
6302,16
6303,0
6304,13
6305,11
6306,10
6307,19
6308,0
6309,7
6310,3
6311,15
6312,23
6313,18
6314,4
6315,7
6316,15
6317,4
6318,22
6319,22
6320,0
6321,16
6322,9
6323,12
6324,4
6325,23
6326,6
6327,4
6328,1
6329,13
6330,9
6331,0
6332,16
6333,23
6334,21
6335,22
6336,4
6337,13
6338,8
6339,22
6340,11
6341,7
6342,22
6343,3
6344,10
6345,7
6346,22
6347,6
6348,11
6349,15
6350,15
6351,0
6352,11
6353,9
6354,14
6355,21
6356,4
6357,13
6358,10
6359,1
6360,3
6361,7
6362,15
6363,4
6364,7
6365,3
6366,6
6367,3
6368,3
6369,20
6370,4
6371,11
6372,6
6373,0
6374,11
6375,17
6376,9
6377,23
6378,1
6379,22
6380,13
6381,3
6382,18
6383,14
6384,4
6385,4
6386,12
6387,21
6388,1
6389,13
6390,19
6391,17
6392,13
6393,19
6394,19
6395,20
6396,15
6397,11
6398,0
6399,0
6400,9
6401,7
6402,18
6403,10
6404,14
6405,20
6406,7
6407,12
6408,6
6409,9
6410,18
6411,18
6412,11
6413,20
6414,0
6415,15
6416,10
6417,4
6418,13
6419,9
6420,11
6421,16
6422,14
6423,6
6424,21
6425,9
6426,0
6427,7
6428,4
6429,9
6430,22
6431,18
6432,4
6433,6
6434,6
6435,5
6436,22
6437,3
6438,12
6439,22
6440,0
6441,4
6442,6
6443,12
6444,1
6445,18
6446,4
6447,3
6448,19
6449,3
6450,1
6451,7
6452,21
6453,23
6454,15
6455,10
6456,1
6457,6
6458,8
6459,8
6460,6
6461,16
6462,6
6463,17
6464,12
6465,3
6466,19
6467,1
6468,1
6469,7
6470,10
6471,22
6472,13
6473,11
6474,11
6475,0
6476,22
6477,9
6478,13
6479,13
6480,8
6481,1
6482,7
6483,21
6484,19
6485,7
6486,22
6487,11
6488,14
6489,18
6490,17
6491,21
6492,4
6493,17
6494,13
6495,4
6496,13
6497,7
6498,23
6499,18
6500,6
6501,3
6502,13
6503,8
6504,17
6505,23
6506,6
6507,11
6508,18
6509,17
6510,15
6511,6
6512,12
6513,7
6514,6
6515,15
6516,22
6517,21
6518,4
6519,1
6520,4
6521,23
6522,8
6523,5
6524,10
6525,15
6526,12
6527,17
6528,7
6529,3
6530,11
6531,1
6532,4
6533,15
6534,15
6535,9
6536,1
6537,4
6538,17
6539,6
6540,15
6541,18
6542,13
6543,16
6544,4
6545,4
6546,4
6547,12
6548,1
6549,1
6550,10
6551,0
6552,15
6553,20
6554,4
6555,7
6556,8
6557,11
6558,8
6559,21
6560,0
6561,6
6562,11
6563,17
6564,7
6565,12
6566,17
6567,19
6568,17
6569,4
6570,9
6571,19
6572,16
6573,15
6574,0
6575,6
6576,1
6577,17
6578,12
6579,21
6580,23
6581,12
6582,6
6583,18
6584,1
6585,12
6586,3
6587,20
6588,3
6589,5
6590,16
6591,9
6592,5
6593,6
6594,22
6595,12
6596,1
6597,17
6598,16
6599,10
6600,4
6601,18
6602,13
6603,13
6604,20
6605,8
6606,15
6607,16
6608,1
6609,15
6610,11
6611,14
6612,10
6613,6
6614,17
6615,19
6616,17
6617,2
6618,17
6619,20
6620,22
6621,23
6622,6
6623,1
6624,13
6625,7
6626,9
6627,6
6628,21
6629,21
6630,19
6631,8
6632,16
6633,6
6634,4
6635,6
6636,13
6637,1
6638,18
6639,16
6640,4
6641,2
6642,11
6643,21
6644,14
6645,13
6646,7
6647,9
6648,1
6649,22
6650,22
6651,10
6652,3
6653,0
6654,20
6655,19
6656,23
6657,3
6658,5
6659,10
6660,6
6661,3
6662,0
6663,1
6664,9
6665,13
6666,19
6667,13
6668,5
6669,7
6670,8
6671,7
6672,15
6673,0
6674,5
6675,4
6676,16
6677,21
6678,7
6679,8
6680,7
6681,6
6682,8
6683,17
6684,4
6685,16
6686,15
6687,1
6688,12
6689,22
6690,0
6691,5
6692,6
6693,15
6694,5
6695,1
6696,20
6697,1
6698,15
6699,7
6700,17
6701,7
6702,14
6703,4
6704,12
6705,6
6706,17
6707,13
6708,19
6709,16
6710,17
6711,8
6712,21
6713,6
6714,9
6715,7
6716,15
6717,12
6718,10
6719,18
6720,2
6721,6
6722,11
6723,20
6724,9
6725,13
6726,8
6727,11
6728,15
6729,12
6730,1
6731,5
6732,7
6733,4
6734,10
6735,4
6736,0
6737,10
6738,20
6739,0
6740,1
6741,0
6742,4
6743,22
6744,3
6745,1
6746,12
6747,19
6748,20
6749,7
6750,0
6751,17
6752,8
6753,5
6754,19
6755,1
6756,19
6757,18
6758,5
6759,7
6760,12
6761,23
6762,14
6763,7
6764,12
6765,5
6766,7
6767,7
6768,10
6769,13
6770,18
6771,14
6772,5
6773,19
6774,15
6775,1
6776,22
6777,13
6778,0
6779,1
6780,7
6781,1
6782,7
6783,8
6784,4
6785,6
6786,4
6787,11
6788,7
6789,21
6790,7
6791,15
6792,7
6793,6
6794,15
6795,22
6796,22
6797,19
6798,7
6799,11
6800,7
6801,11
6802,14
6803,0
6804,15
6805,14
6806,7
6807,12
6808,3
6809,19
6810,8
6811,4
6812,16
6813,14
6814,19
6815,10
6816,23
6817,3
6818,7
6819,4
6820,5
6821,11
6822,7
6823,14
6824,23
6825,8
6826,6
6827,12
6828,18
6829,4
6830,13
6831,16
6832,16
6833,17
6834,23
6835,15
6836,21
6837,3
6838,18
6839,1
6840,16
6841,13
6842,13
6843,6
6844,1
6845,6
6846,16
6847,7
6848,1
6849,13
6850,7
6851,5
6852,3
6853,1
6854,5
6855,22
6856,14
6857,4
6858,6
6859,14
6860,6
6861,16
6862,9
6863,16
6864,22
6865,12
6866,3
6867,6
6868,5
6869,7
6870,15
6871,4
6872,7
6873,21
6874,13
6875,19
6876,9
6877,5
6878,14
6879,6
6880,5
6881,7
6882,17
6883,19
6884,3
6885,9
6886,19
6887,0
6888,16
6889,12
6890,18
6891,4
6892,14
6893,7
6894,16
6895,21
6896,10
6897,3
6898,12
6899,12
6900,4
6901,16
6902,13
6903,2
6904,11
6905,13
6906,3
6907,7
6908,8
6909,15
6910,15
6911,16
6912,16
6913,6
6914,5
6915,10
6916,11
6917,6
6918,19
6919,11
6920,4
6921,8
6922,7
6923,15
6924,7
6925,1
6926,0
6927,17
6928,4
6929,9
6930,0
6931,12
6932,17
6933,14
6934,7
6935,3
6936,17
6937,13
6938,11
6939,0
6940,13
6941,7
6942,14
6943,4
6944,4
6945,13
6946,4
6947,16
6948,7
6949,22
6950,11
6951,16
6952,4
6953,23
6954,17
6955,9
6956,17
6957,21
6958,1
6959,1
6960,1
6961,11
6962,19
6963,20
6964,7
6965,13
6966,12
6967,1
6968,14
6969,7
6970,12
6971,8
6972,1
6973,12
6974,22
6975,20
6976,9
6977,12
6978,7
6979,7
6980,17
6981,14
6982,13
6983,7
6984,10
6985,5
6986,12
6987,15
6988,22
6989,4
6990,1
6991,23
6992,11
6993,12
6994,18
6995,13
6996,21
6997,14
6998,20
6999,15
7000,6
7001,13
7002,20
7003,20
7004,11
7005,4
7006,0
7007,17
7008,1
7009,4
7010,7
7011,6
7012,14
7013,15
7014,13
7015,19
7016,21
7017,16
7018,13
7019,23
7020,18
7021,17
7022,7
7023,8
7024,6
7025,0
7026,5
7027,1
7028,6
7029,20
7030,4
7031,14
7032,3
7033,21
7034,0
7035,7
7036,23
7037,4
7038,0
7039,12
7040,7
7041,1
7042,7
7043,18
7044,5
7045,20
7046,19
7047,18
7048,3
7049,1
7050,0
7051,3
7052,1
7053,17
7054,0
7055,9
7056,7
7057,16
7058,18
7059,1
7060,13
7061,20
7062,18
7063,21
7064,3
7065,15
7066,10
7067,11
7068,21
7069,12
7070,18
7071,7
7072,4
7073,15
7074,15
7075,8
7076,1
7077,0
7078,22
7079,18
7080,21
7081,4
7082,12
7083,17
7084,19
7085,17
7086,11
7087,7
7088,1
7089,3
7090,0
7091,19
7092,4
7093,22
7094,9
7095,1
7096,23
7097,3
7098,22
7099,6
7100,23
7101,18
7102,6
7103,7
7104,22
7105,13
7106,15
7107,3
7108,19
7109,4
7110,9
7111,6
7112,11
7113,17
7114,20
7115,5
7116,4
7117,5
7118,21
7119,0
7120,18
7121,18
7122,13
7123,3
7124,11
7125,21
7126,23
7127,6
7128,11
7129,0
7130,19
7131,20
7132,5
7133,0
7134,23
7135,23
7136,7
7137,21
7138,11
7139,7
7140,16
7141,22
7142,12
7143,10
7144,21
7145,13
7146,10
7147,6
7148,20
7149,20
7150,20
7151,22
7152,21
7153,5
7154,3
7155,5
7156,15
7157,3
7158,14
7159,6
7160,4
7161,16
7162,14
7163,14
7164,1
7165,22
7166,9
7167,15
7168,14
7169,23
7170,0
7171,10
7172,1
7173,11
7174,13
7175,0
7176,4
7177,23
7178,5
7179,11
7180,12
7181,10
7182,12
7183,10
7184,0
7185,4
7186,19
7187,0
7188,15
7189,0
7190,9
7191,13
7192,7
7193,17
7194,14
7195,7
7196,0
7197,20
7198,11
7199,3
7200,11
7201,6
7202,4
7203,11
7204,12
7205,14
7206,8
7207,4
7208,19
7209,17
7210,3
7211,2
7212,21
7213,13
7214,21
7215,12
7216,23
7217,22
7218,1
7219,0
7220,18
7221,22
7222,17
7223,10
7224,4
7225,7
7226,5
7227,7
7228,9
7229,19
7230,21
7231,13
7232,6
7233,4
7234,5
7235,6
7236,0
7237,18
7238,19
7239,17
7240,3
7241,12
7242,21
7243,7
7244,9
7245,7
7246,18
7247,11
7248,20
7249,4
7250,13
7251,14
7252,15
7253,17
7254,0
7255,4
7256,23
7257,3
7258,5
7259,19
7260,21
7261,4
7262,19
7263,10
7264,19
7265,7
7266,4
7267,23
7268,9
7269,6
7270,11
7271,11
7272,16
7273,13
7274,20
7275,0
7276,7
7277,7
7278,1
7279,22
7280,19
7281,16
7282,21
7283,6
7284,8
7285,21
7286,10
7287,11
7288,17
7289,8
7290,11
7291,3
7292,21
7293,16
7294,20
7295,21
7296,14
7297,13
7298,17
7299,14
7300,18
7301,7
7302,4
7303,4
7304,5
7305,19
7306,12
7307,21
7308,13
7309,10
7310,4
7311,21
7312,21
7313,17
7314,7
7315,22
7316,12
7317,11
7318,10
7319,19
7320,4
7321,7
7322,7
7323,9
7324,5
7325,7
7326,9
7327,0
7328,0
7329,3
7330,17
7331,17
7332,13
7333,20
7334,17
7335,15
7336,14
7337,3
7338,22
7339,19
7340,19
7341,10
7342,9
7343,6
7344,22
7345,22
7346,10
7347,13
7348,6
7349,16
7350,21
7351,13
7352,1
7353,15
7354,16
7355,19
7356,21
7357,12
7358,13
7359,20
7360,6
7361,3
7362,7
7363,19
7364,6
7365,1
7366,23
7367,7
7368,13
7369,13
7370,7
7371,3
7372,20
7373,23
7374,7
7375,7
7376,13
7377,17
7378,13
7379,18
7380,0
7381,6
7382,15
7383,2
7384,12
7385,23
7386,7
7387,18
7388,4
7389,21
7390,5
7391,0
7392,18
7393,10
7394,4
7395,12
7396,5
7397,20
7398,7
7399,9
7400,19
7401,21
7402,12
7403,7
7404,4
7405,12
7406,19
7407,12
7408,23
7409,2
7410,1
7411,16
7412,7
7413,4
7414,0
7415,7
7416,1
7417,6
7418,4
7419,18
7420,19
7421,5
7422,14
7423,19
7424,6
7425,3
7426,15
7427,17
7428,7
7429,9
7430,12
7431,19
7432,12
7433,6
7434,20
7435,22
7436,9
7437,16
7438,8
7439,16
7440,7
7441,1
7442,0
7443,14
7444,12
7445,7
7446,5
7447,19
7448,9
7449,16
7450,7
7451,3
7452,16
7453,0
7454,5
7455,7
7456,0
7457,14
7458,18
7459,7
7460,0
7461,13
7462,4
7463,3
7464,22
7465,8
7466,5
7467,1
7468,16
7469,16
7470,21
7471,19
7472,17
7473,23
7474,13
7475,15
7476,13
7477,19
7478,14
7479,10
7480,15
7481,0
7482,14
7483,18
7484,11
7485,7
7486,23
7487,5
7488,13
7489,0
7490,5
7491,23
7492,9
7493,0
7494,0
7495,1
7496,6
7497,4
7498,10
7499,6
7500,8
7501,22
7502,10
7503,13
7504,1
7505,0
7506,23
7507,17
7508,7
7509,0
7510,8
7511,0
7512,5
7513,1
7514,3
7515,1
7516,16
7517,12
7518,19
7519,0
7520,7
7521,0
7522,23
7523,7
7524,21
7525,7
7526,7
7527,4
7528,18
7529,18
7530,22
7531,17
7532,7
7533,20
7534,19
7535,23
7536,0
7537,12
7538,8
7539,22
7540,7
7541,5
7542,12
7543,14
7544,9
7545,17
7546,0
7547,18
7548,5
7549,14
7550,18
7551,10
7552,15
7553,0
7554,6
7555,13
7556,23
7557,22
7558,12
7559,12
7560,18
7561,16
7562,13
7563,3
7564,12
7565,1
7566,7
7567,15
7568,6
7569,12
7570,17
7571,4
7572,0
7573,13
7574,11
7575,8
7576,5
7577,12
7578,6
7579,7
7580,7
7581,7
7582,20
7583,12
7584,3
7585,9
7586,4
7587,6
7588,9
7589,1
7590,15
7591,23
7592,17
7593,13
7594,9
7595,17
7596,4
7597,10
7598,20
7599,21
7600,8
7601,6
7602,5
7603,0
7604,4
7605,15
7606,5
7607,12
7608,7
7609,6
7610,17
7611,18
7612,23
7613,13
7614,5
7615,6
7616,15
7617,5
7618,19
7619,20
7620,10
7621,15
7622,1
7623,22
7624,22
7625,4
7626,15
7627,13
7628,11
7629,13
7630,4
7631,1
7632,6
7633,4
7634,10
7635,22
7636,0
7637,12
7638,15
7639,15
7640,19
7641,13
7642,0
7643,1
7644,8
7645,11
7646,7
7647,13
7648,0
7649,15
7650,6
7651,19
7652,7
7653,19
7654,16
7655,13
7656,15
7657,18
7658,4
7659,5
7660,19
7661,7
7662,7
7663,19
7664,20
7665,7
7666,22
7667,19
7668,22
7669,16
7670,17
7671,7
7672,6
7673,5
7674,20
7675,7
7676,22
7677,11
7678,4
7679,0
7680,7
7681,13
7682,14
7683,22
7684,7
7685,5
7686,21
7687,1
7688,15
7689,19
7690,1
7691,8
7692,15
7693,5
7694,11
7695,13
7696,1
7697,4
7698,7
7699,20
7700,2
7701,10
7702,12
7703,4
7704,7
7705,0
7706,16
7707,18
7708,4
7709,0
7710,23
7711,6
7712,19
7713,13
7714,6
7715,15
7716,16
7717,23
7718,17
7719,8
7720,16
7721,16
7722,4
7723,5
7724,15
7725,10
7726,5
7727,9
7728,11
7729,1
7730,0
7731,15
7732,4
7733,21
7734,12
7735,0
7736,12
7737,22
7738,1
7739,1
7740,10
7741,6
7742,3
7743,6
7744,1
7745,11
7746,10
7747,21
7748,11
7749,7
7750,3
7751,11
7752,9
7753,4
7754,21
7755,9
7756,7
7757,15
7758,21
7759,22
7760,4
7761,7
7762,1
7763,15
7764,0
7765,4
7766,7
7767,1
7768,21
7769,9
7770,6
7771,6
7772,3
7773,12
7774,7
7775,5
7776,11
7777,16
7778,7
7779,8
7780,0
7781,17
7782,1
7783,4
7784,12
7785,17
7786,20
7787,8
7788,1
7789,22
7790,7
7791,15
7792,7
7793,13
7794,12
7795,22
7796,4
7797,11
7798,10
7799,22
7800,8
7801,5
7802,19
7803,6
7804,2
7805,14
7806,1
7807,15
7808,6
7809,18
7810,19
7811,4
7812,22
7813,15
7814,15
7815,7
7816,17
7817,22
7818,17
7819,23
7820,11
7821,15
7822,1
7823,1
7824,16
7825,7
7826,16
7827,1
7828,16
7829,8
7830,17
7831,17
7832,3
7833,13
7834,14
7835,1
7836,12
7837,1
7838,15
7839,5
7840,22
7841,0
7842,6
7843,13
7844,22
7845,18
7846,11
7847,5
7848,15
7849,19
7850,7
7851,12
7852,11
7853,13
7854,5
7855,4
7856,11
7857,16
7858,19
7859,1
7860,15
7861,3
7862,15
7863,16
7864,19
7865,7
7866,1
7867,18
7868,13
7869,7
7870,18
7871,3
7872,6
7873,14
7874,6
7875,15
7876,15
7877,4
7878,7
7879,17
7880,9
7881,13
7882,1
7883,21
7884,22
7885,22
7886,1
7887,19
7888,3
7889,13
7890,12
7891,19
7892,7
7893,3
7894,13
7895,4
7896,1
7897,0
7898,19
7899,9
7900,7
7901,22
7902,10
7903,17
7904,6
7905,17
7906,4
7907,16
7908,17
7909,8
7910,21
7911,23
7912,22
7913,7
7914,11
7915,13
7916,1
7917,13
7918,3
7919,7
7920,11
7921,23
7922,23
7923,6
7924,8
7925,3
7926,6
7927,19
7928,1
7929,5
7930,22
7931,14
7932,17
7933,0
7934,18
7935,22
7936,19
7937,7
7938,16
7939,15
7940,8
7941,23
7942,11
7943,2
7944,13
7945,3
7946,15
7947,11
7948,6
7949,4
7950,15
7951,11
7952,15
7953,23
7954,12
7955,16
7956,18
7957,17
7958,1
7959,0
7960,23
7961,9
7962,7
7963,12
7964,1
7965,8
7966,7
7967,14
7968,9
7969,1
7970,8
7971,10
7972,21
7973,18
7974,6
7975,19
7976,6
7977,22
7978,18
7979,7
7980,10
7981,20
7982,8
7983,6
7984,11
7985,12
7986,7
7987,19
7988,1
7989,17
7990,4
7991,1
7992,4
7993,3
7994,4
7995,15
7996,16
7997,1
7998,20
7999,12
8000,21
8001,4
8002,13
8003,7
8004,4
8005,15
8006,10
8007,23
8008,22
8009,19
8010,4
8011,22
8012,11
8013,19
8014,7
8015,3
8016,17
8017,7
8018,13
8019,19
8020,18
8021,5
8022,1
8023,8
8024,15
8025,11
8026,22
8027,17
8028,1
8029,20
8030,9
8031,15
8032,5
8033,15
8034,21
8035,21
8036,16
8037,6
8038,8
8039,22
8040,15
8041,5
8042,7
8043,4
8044,2
8045,14
8046,11
8047,12
8048,15
8049,17
8050,11
8051,7
8052,7
8053,0
8054,22
8055,7
8056,9
8057,5
8058,18
8059,6
8060,22
8061,10
8062,7
8063,18
8064,19
8065,19
8066,23
8067,17
8068,23
8069,5
8070,16
8071,21
8072,19
8073,15
8074,20
8075,4
8076,17
8077,9
8078,7
8079,7
8080,23
8081,1
8082,6
8083,6
8084,15
8085,7
8086,5
8087,17
8088,7
8089,11
8090,19
8091,13
8092,4
8093,15
8094,18
8095,7
8096,5
8097,7
8098,15
8099,14
8100,17
8101,14
8102,10
8103,4
8104,7
8105,11
8106,19
8107,4
8108,14
8109,8
8110,17
8111,13
8112,8
8113,3
8114,18
8115,23
8116,6
8117,19
8118,6
8119,7
8120,15
8121,3
8122,16
8123,21
8124,7
8125,19
8126,12
8127,21
8128,14
8129,12
8130,4
8131,5
8132,19
8133,0
8134,8
8135,14
8136,14
8137,11
8138,17
8139,6
8140,19
8141,15
8142,10
8143,5
8144,8
8145,7
8146,15
8147,6
8148,1
8149,16
8150,19
8151,19
8152,1
8153,20
8154,15
8155,20
8156,23
8157,18
8158,15
8159,3
8160,9
8161,4
8162,22
8163,11
8164,8
8165,15
8166,18
8167,7
8168,21
8169,8
8170,4
8171,8
8172,1
8173,7
8174,4
8175,1
8176,3
8177,11
8178,6
8179,16
8180,13
8181,15
8182,4
8183,21
8184,21
8185,1
8186,4
8187,4
8188,0
8189,22
8190,17
8191,14
8192,8
8193,22
8194,0
8195,6
8196,22
8197,11
8198,15
8199,7
8200,3
8201,10
8202,13
8203,19
8204,14
8205,19
8206,1
8207,19
8208,21
8209,11
8210,7
8211,11
8212,6
8213,17
8214,15
8215,10
8216,15
8217,23
8218,11
8219,14
8220,23
8221,13
8222,18
8223,9
8224,15
8225,14
8226,12
8227,1
8228,14
8229,7
8230,12
8231,16
8232,13
8233,18
8234,1
8235,23
8236,6
8237,5
8238,7
8239,23
8240,13
8241,15
8242,17
8243,3
8244,23
8245,19
8246,3
8247,4
8248,15
8249,17
8250,0
8251,9
8252,12
8253,17
8254,15
8255,0
8256,1
8257,4
8258,6
8259,4
8260,18
8261,13
8262,7
8263,1
8264,5
8265,8
8266,15
8267,22
8268,22
8269,22
8270,11
8271,23
8272,17
8273,13
8274,4
8275,13
8276,8
8277,22
8278,14
8279,13
8280,21
8281,14
8282,16
8283,12
8284,4
8285,22
8286,8
8287,12
8288,2
8289,3
8290,17
8291,15
8292,12
8293,17
8294,14
8295,23
8296,10
8297,15
8298,22
8299,13
8300,6
8301,15
8302,12
8303,15
8304,1
8305,15
8306,10
8307,15
8308,15
8309,19
8310,19
8311,3
8312,12
8313,13
8314,20
8315,11
8316,7
8317,4
8318,0
8319,15
8320,6
8321,4
8322,18
8323,2
8324,17
8325,7
8326,15
8327,3
8328,12
8329,19
8330,0
8331,8
8332,20
8333,1
8334,8
8335,17
8336,4
8337,22
8338,15
8339,5
8340,21
8341,22
8342,12
8343,15
8344,14
8345,15
8346,11
8347,12
8348,6
8349,0
8350,7
8351,0
8352,20
8353,23
8354,13
8355,8
8356,6
8357,11
8358,15
8359,11
8360,18
8361,19
8362,12
8363,22
8364,16
8365,22
8366,0
8367,1
8368,22
8369,21
8370,3
8371,1
8372,15
8373,17
8374,13
8375,7
8376,6
8377,18
8378,21
8379,2
8380,0
8381,0
8382,1
8383,22
8384,11
8385,11
8386,1
8387,17
8388,7
8389,17
8390,7
8391,3
8392,20
8393,15
8394,12
8395,20
8396,18
8397,6
8398,17
8399,1
8400,6
8401,18
8402,7
8403,13
8404,6
8405,0
8406,8
8407,6
8408,21
8409,9
8410,16
8411,14
8412,6
8413,1
8414,12
8415,19
8416,20
8417,0
8418,0
8419,7
8420,19
8421,3
8422,6
8423,19
8424,8
8425,0
8426,6
8427,17
8428,13
8429,1
8430,21
8431,13
8432,19
8433,14
8434,11
8435,16
8436,1
8437,1
8438,17
8439,13
8440,15
8441,2
8442,22
8443,7
8444,7
8445,5
8446,17
8447,10
8448,23
8449,3
8450,0
8451,1
8452,5
8453,4
8454,1
8455,13
8456,4
8457,13
8458,19
8459,14
8460,3
8461,15
8462,19
8463,18
8464,17
8465,12
8466,0
8467,7
8468,1
8469,22
8470,1
8471,7
8472,3
8473,8
8474,5
8475,15
8476,9
8477,4
8478,23
8479,10
8480,12
8481,13
8482,4
8483,11
8484,12
8485,21
8486,12
8487,16
8488,17
8489,7
8490,9
8491,9
8492,12
8493,3
8494,13
8495,19
8496,23
8497,1
8498,19
8499,8
8500,6
8501,22
8502,6
8503,15
8504,22
8505,9
8506,23
8507,6
8508,6
8509,19
8510,22
8511,17
8512,1
8513,9
8514,12
8515,6
8516,22
8517,11
8518,4
8519,7
8520,5
8521,6
8522,6
8523,22
8524,23
8525,0
8526,14
8527,12
8528,7
8529,18
8530,7
8531,7
8532,13
8533,14
8534,4
8535,5
8536,9
8537,7
8538,17
8539,19
8540,13
8541,4
8542,6
8543,23
8544,20
8545,7
8546,0
8547,13
8548,7
8549,17
8550,4
8551,15
8552,14
8553,6
8554,5
8555,22
8556,7
8557,2
8558,21
8559,3
8560,4
8561,22
8562,20
8563,17
8564,7
8565,8
8566,11
8567,1
8568,22
8569,19
8570,22
8571,1
8572,7
8573,6
8574,4
8575,16
8576,0
8577,7
8578,23
8579,0
8580,11
8581,8
8582,15
8583,17
8584,10
8585,18
8586,6
8587,17
8588,19
8589,13
8590,11
8591,16
8592,6
8593,4
8594,7
8595,6
8596,1
8597,4
8598,1
8599,13
8600,21
8601,2
8602,1
8603,7
8604,22
8605,11
8606,0
8607,13
8608,4
8609,1
8610,6
8611,7
8612,13
8613,22
8614,13
8615,7
8616,10
8617,5
8618,6
8619,9
8620,12
8621,15
8622,7
8623,14
8624,9
8625,14
8626,8
8627,15
8628,5
8629,13
8630,0
8631,4
8632,15
8633,1
8634,19
8635,18
8636,4
8637,19
8638,3
8639,15
8640,10
8641,10
8642,20
8643,19
8644,3
8645,7
8646,14
8647,8
8648,7
8649,17
8650,4
8651,10
8652,13
8653,4
8654,2
8655,13
8656,1
8657,5
8658,2
8659,17
8660,21
8661,15
8662,16
8663,15
8664,19
8665,19
8666,6
8667,19
8668,12
8669,8
8670,23
8671,21
8672,19
8673,5
8674,12
8675,19
8676,22
8677,1
8678,19
8679,6
8680,6
8681,7
8682,13
8683,10
8684,17
8685,16
8686,9
8687,21
8688,13
8689,4
8690,11
8691,6
8692,13
8693,8
8694,17
8695,9
8696,22
8697,5
8698,14
8699,1
8700,13
8701,15
8702,7
8703,8
8704,12
8705,0
8706,19
8707,5
8708,6
8709,4
8710,13
8711,9
8712,7
8713,10
8714,22
8715,18
8716,8
8717,11
8718,8
8719,23
8720,22
8721,4
8722,20
8723,1
8724,0
8725,1
8726,18
8727,5
8728,13
8729,0
8730,23
8731,11
8732,20
8733,3
8734,17
8735,10
8736,17
8737,13
8738,19
8739,1
8740,4
8741,22
8742,4
8743,7
8744,7
8745,4
8746,14
8747,1
8748,9
8749,11
8750,22
8751,11
8752,17
8753,9
8754,12
8755,4
8756,22
8757,0
8758,13
8759,17
8760,3
8761,22
8762,12
8763,8
8764,22
8765,10
8766,1
8767,12
8768,7
8769,0
8770,10
8771,7
8772,22
8773,17
8774,1
8775,15
8776,5
8777,0
8778,21
8779,17
8780,6
8781,7
8782,7
8783,21
8784,21
8785,1
8786,11
8787,7
8788,19
8789,13
8790,1
8791,9
8792,14
8793,1
8794,7
8795,22
8796,0
8797,8
8798,4
8799,3
8800,13
8801,14
8802,11
8803,13
8804,0
8805,3
8806,20
8807,20
8808,16
8809,18
8810,15
8811,7
8812,6
8813,4
8814,4
8815,4
8816,13
8817,18
8818,15
8819,22
8820,5
8821,1
8822,6
8823,0
8824,7
8825,3
8826,2
8827,12
8828,14
8829,22
8830,11
8831,22
8832,4
8833,7
8834,13
8835,19
8836,20
8837,1
8838,1
8839,4
8840,6
8841,18
8842,4
8843,19
8844,11
8845,11
8846,7
8847,13
8848,22
8849,7
8850,10
8851,10
8852,5
8853,21
8854,11
8855,18
8856,10
8857,23
8858,0
8859,8
8860,22
8861,11
8862,7
8863,9
8864,20
8865,8
8866,15
8867,13
8868,13
8869,7
8870,13
8871,12
8872,6
8873,12
8874,23
8875,23
8876,19
8877,22
8878,7
8879,7
8880,14
8881,1
8882,7
8883,1
8884,16
8885,1
8886,5
8887,7
8888,21
8889,23
8890,4
8891,15
8892,11
8893,0
8894,19
8895,15
8896,0
8897,11
8898,11
8899,4
8900,11
8901,15
8902,12
8903,15
8904,6
8905,7
8906,5
8907,6
8908,21
8909,8
8910,23
8911,6
8912,13
8913,2
8914,18
8915,1
8916,8
8917,6
8918,9
8919,18
8920,23
8921,19
8922,9
8923,23
8924,13
8925,10
8926,3
8927,4
8928,5
8929,15
8930,17
8931,14
8932,15
8933,20
8934,14
8935,14
8936,15
8937,15
8938,5
8939,4
8940,5
8941,2
8942,16
8943,10
8944,17
8945,1
8946,7
8947,12
8948,7
8949,0
8950,8
8951,9
8952,5
8953,7
8954,6
8955,13
8956,7
8957,21
8958,6
8959,14
8960,7
8961,16
8962,15
8963,19
8964,15
8965,9
8966,22
8967,7
8968,6
8969,10
8970,6
8971,16
8972,17
8973,10
8974,14
8975,17
8976,3
8977,1
8978,19
8979,15
8980,19
8981,12
8982,11
8983,6
8984,13
8985,5
8986,12
8987,6
8988,10
8989,22
8990,15
8991,15
8992,22
8993,14
8994,16
8995,3
8996,13
8997,0
8998,5
8999,0
9000,4
9001,4
9002,7
9003,0
9004,2
9005,3
9006,2
9007,4
9008,7
9009,0
9010,19
9011,12
9012,6
9013,5
9014,7
9015,23
9016,6
9017,10
9018,4
9019,20
9020,1
9021,9
9022,13
9023,20
9024,21
9025,1
9026,7
9027,22
9028,16
9029,5
9030,17
9031,0
9032,21
9033,13
9034,7
9035,9
9036,19
9037,12
9038,12
9039,11
9040,7
9041,18
9042,0
9043,4
9044,13
9045,19
9046,4
9047,8
9048,10
9049,16
9050,15
9051,21
9052,5
9053,6
9054,11
9055,4
9056,7
9057,20
9058,23
9059,20
9060,20
9061,14
9062,21
9063,13
9064,15
9065,6
9066,8
9067,9
9068,4
9069,12
9070,17
9071,19
9072,22
9073,5
9074,17
9075,13
9076,19
9077,14
9078,10
9079,11
9080,21
9081,19
9082,22
9083,18
9084,22
9085,11
9086,14
9087,13
9088,10
9089,5
9090,20
9091,23
9092,7
9093,19
9094,4
9095,18
9096,7
9097,4
9098,0
9099,4
9100,18
9101,7
9102,2
9103,13
9104,3
9105,3
9106,23
9107,7
9108,4
9109,15
9110,11
9111,9
9112,17
9113,16
9114,0
9115,14
9116,15
9117,10
9118,9
9119,12
9120,4
9121,18
9122,11
9123,10
9124,14
9125,17
9126,3
9127,8
9128,5
9129,15
9130,22
9131,21
9132,10
9133,17
9134,15
9135,12
9136,15
9137,18
9138,6
9139,22
9140,16
9141,9
9142,13
9143,17
9144,9
9145,13
9146,16
9147,18
9148,5
9149,22
9150,13
9151,15
9152,11
9153,7
9154,1
9155,0
9156,13
9157,6
9158,9
9159,10
9160,22
9161,17
9162,4
9163,19
9164,0
9165,12
9166,19
9167,1
9168,20
9169,21
9170,9
9171,4
9172,1
9173,19
9174,13
9175,21
9176,19
9177,15
9178,17
9179,22
9180,15
9181,7
9182,4
9183,16
9184,7
9185,12
9186,15
9187,4
9188,14
9189,13
9190,15
9191,9
9192,23
9193,16
9194,16
9195,10
9196,12
9197,19
9198,23
9199,11
9200,21
9201,7
9202,1
9203,13
9204,11
9205,7
9206,8
9207,19
9208,1
9209,16
9210,14
9211,12
9212,19
9213,5
9214,22
9215,20
9216,5
9217,7
9218,21
9219,0
9220,13
9221,21
9222,22
9223,0
9224,21
9225,22
9226,12
9227,7
9228,21
9229,14
9230,7
9231,10
9232,7
9233,17
9234,5
9235,20
9236,14
9237,9
9238,5
9239,1
9240,22
9241,6
9242,19
9243,0
9244,13
9245,17
9246,10
9247,17
9248,9
9249,23
9250,6
9251,8
9252,16
9253,12
9254,7
9255,23
9256,0
9257,14
9258,23
9259,4
9260,9
9261,7
9262,7
9263,18
9264,15
9265,4
9266,9
9267,20
9268,10
9269,7
9270,8
9271,8
9272,21
9273,6
9274,15
9275,3
9276,15
9277,14
9278,17
9279,20
9280,18
9281,1
9282,12
9283,16
9284,13
9285,7
9286,7
9287,0
9288,23
9289,19
9290,17
9291,11
9292,14
9293,21
9294,13
9295,12
9296,22
9297,19
9298,19
9299,1
9300,3
9301,10
9302,7
9303,4
9304,15
9305,13
9306,7
9307,1
9308,7
9309,17
9310,18
9311,7
9312,16
9313,14
9314,5
9315,8
9316,11
9317,8
9318,7
9319,7
9320,3
9321,14
9322,4
9323,13
9324,10
9325,0
9326,16
9327,23
9328,0
9329,20
9330,7
9331,7
9332,22
9333,15
9334,15
9335,15
9336,21
9337,0
9338,23
9339,12
9340,4
9341,22
9342,14
9343,1
9344,5
9345,21
9346,11
9347,1
9348,7
9349,2
9350,7
9351,1
9352,13
9353,3
9354,5
9355,13
9356,19
9357,21
9358,13
9359,6
9360,16
9361,1
9362,21
9363,6
9364,20
9365,22
9366,5
9367,4
9368,14
9369,16
9370,5
9371,22
9372,0
9373,6
9374,6
9375,21
9376,13
9377,15
9378,4
9379,7
9380,12
9381,1
9382,15
9383,8
9384,15
9385,1
9386,10
9387,19
9388,15
9389,3
9390,11
9391,13
9392,15
9393,19
9394,12
9395,1
9396,20
9397,15
9398,7
9399,11
9400,15
9401,20
9402,22
9403,18
9404,23
9405,21
9406,6
9407,1
9408,0
9409,4
9410,9
9411,19
9412,13
9413,21
9414,7
9415,12
9416,13
9417,19
9418,20
9419,9
9420,19
9421,22
9422,18
9423,14
9424,7
9425,18
9426,19
9427,4
9428,8
9429,12
9430,21
9431,8
9432,13
9433,6
9434,6
9435,0
9436,7
9437,4
9438,15
9439,10
9440,0
9441,8
9442,22
9443,6
9444,7
9445,4
9446,7
9447,4
9448,17
9449,4
9450,14
9451,22
9452,4
9453,22
9454,5
9455,5
9456,7
9457,22
9458,15
9459,6
9460,22
9461,4
9462,0
9463,7
9464,13
9465,0
9466,20
9467,23
9468,15
9469,7
9470,21
9471,15
9472,22
9473,14
9474,23
9475,4
9476,1
9477,6
9478,7
9479,16
9480,17
9481,12
9482,3
9483,0
9484,3
9485,9
9486,22
9487,12
9488,14
9489,1
9490,22
9491,12
9492,1
9493,16
9494,1
9495,20
9496,22
9497,7
9498,21
9499,7
9500,7
9501,15
9502,7
9503,6
9504,0
9505,13
9506,15
9507,22
9508,9
9509,22
9510,0
9511,21
9512,0
9513,11
9514,23
9515,1
9516,12
9517,0
9518,18
9519,22
9520,12
9521,3
9522,22
9523,21
9524,14
9525,10
9526,8
9527,1
9528,3
9529,22
9530,12
9531,19
9532,15
9533,16
9534,7
9535,18
9536,19
9537,18
9538,15
9539,9
9540,18
9541,4
9542,0
9543,0
9544,7
9545,20
9546,7
9547,7
9548,18
9549,1
9550,9
9551,9
9552,7
9553,19
9554,14
9555,10
9556,9
9557,15
9558,13
9559,10
9560,21
9561,0
9562,15
9563,23
9564,22
9565,10
9566,4
9567,21
9568,6
9569,8
9570,12
9571,7
9572,16
9573,9
9574,22
9575,1
9576,4
9577,19
9578,7
9579,4
9580,14
9581,13
9582,11
9583,7
9584,23
9585,7
9586,4
9587,11
9588,8
9589,23
9590,10
9591,15
9592,18
9593,6
9594,0
9595,22
9596,16
9597,20
9598,19
9599,22
9600,8
9601,4
9602,13
9603,7
9604,10
9605,15
9606,14
9607,19
9608,7
9609,17
9610,7
9611,0
9612,3
9613,4
9614,13
9615,19
9616,18
9617,15
9618,4
9619,7
9620,13
9621,4
9622,19
9623,10
9624,22
9625,8
9626,22
9627,14
9628,20
9629,19
9630,17
9631,12
9632,3
9633,3
9634,23
9635,5
9636,18
9637,6
9638,17
9639,12
9640,15
9641,23
9642,22
9643,7
9644,7
9645,11
9646,11
9647,5
9648,9
9649,13
9650,7
9651,12
9652,17
9653,7
9654,0
9655,10
9656,23
9657,6
9658,12
9659,4
9660,7
9661,2
9662,15
9663,7
9664,14
9665,7
9666,16
9667,22
9668,4
9669,20
9670,6
9671,0
9672,21
9673,1
9674,4
9675,7
9676,11
9677,4
9678,20
9679,5
9680,10
9681,16
9682,13
9683,12
9684,15
9685,15
9686,19
9687,23
9688,5
9689,11
9690,15
9691,6
9692,13
9693,14
9694,12
9695,11
9696,16
9697,13
9698,5
9699,9
9700,15
9701,19
9702,15
9703,15
9704,6
9705,6
9706,6
9707,12
9708,16
9709,16
9710,22
9711,14
9712,19
9713,6
9714,18
9715,6
9716,14
9717,19
9718,16
9719,20
9720,6
9721,13
9722,0
9723,15
9724,23
9725,2
9726,12
9727,11
9728,11
9729,3
9730,6
9731,12
9732,4
9733,22
9734,22
9735,11
9736,20
9737,1
9738,5
9739,7
9740,6
9741,15
9742,5
9743,19
9744,17
9745,19
9746,19
9747,15
9748,0
9749,7
9750,22
9751,13
9752,19
9753,8
9754,6
9755,6
9756,13
9757,10
9758,19
9759,3
9760,3
9761,11
9762,1
9763,23
9764,18
9765,5
9766,11
9767,9
9768,18
9769,1
9770,7
9771,0
9772,6
9773,10
9774,4
9775,21
9776,14
9777,11
9778,23
9779,6
9780,0
9781,6
9782,13
9783,20
9784,9
9785,15
9786,19
9787,20
9788,4
9789,6
9790,16
9791,9
9792,15
9793,15
9794,15
9795,9
9796,0
9797,15
9798,20
9799,9
9800,17
9801,14
9802,20
9803,14
9804,23
9805,4
9806,9
9807,7
9808,15
9809,22
9810,1
9811,20
9812,0
9813,12
9814,3
9815,13
9816,5
9817,21
9818,15
9819,7
9820,22
9821,6
9822,2
9823,6
9824,11
9825,22
9826,16
9827,1
9828,14
9829,9
9830,19
9831,19
9832,15
9833,3
9834,0
9835,12
9836,15
9837,7
9838,4
9839,7
9840,4
9841,3
9842,13
9843,12
9844,13
9845,8
9846,17
9847,15
9848,8
9849,7
9850,7
9851,4
9852,6
9853,1
9854,5
9855,23
9856,19
9857,8
9858,0
9859,11
9860,16
9861,6
9862,16
9863,3
9864,0
9865,15
9866,21
9867,0
9868,8
9869,17
9870,10
9871,1
9872,18
9873,10
9874,7
9875,4
9876,19
9877,11
9878,1
9879,19
9880,5
9881,1
9882,21
9883,4
9884,20
9885,19
9886,7
9887,16
9888,13
9889,1
9890,4
9891,0
9892,16
9893,7
9894,17
9895,5
9896,13
9897,17
9898,6
9899,7
9900,4
9901,23
9902,20
9903,13
9904,1
9905,18
9906,11
9907,11
9908,23
9909,9
9910,11
9911,11
9912,16
9913,4
9914,4
9915,4
9916,17
9917,22
9918,8
9919,7
9920,15
9921,7
9922,9
9923,7
9924,23
9925,10
9926,15
9927,18
9928,0
9929,3
9930,18
9931,19
9932,1
9933,4
9934,22
9935,7
9936,8
9937,12
9938,1
9939,7
9940,0
9941,15
9942,0
9943,8
9944,17
9945,15
9946,7
9947,17
9948,4
9949,7
9950,18
9951,4
9952,10
9953,6
9954,17
9955,22
9956,10
9957,11
9958,8
9959,15
9960,15
9961,3
9962,0
9963,16
9964,3
9965,5
9966,7
9967,21
9968,17
9969,11
9970,20
9971,16
9972,1
9973,14
9974,23
9975,20
9976,22
9977,1
9978,13
9979,19
9980,23
9981,23
9982,22
9983,0
9984,7
9985,23
9986,11
9987,1
9988,4
9989,8
9990,4
9991,10
9992,7
9993,7
9994,17
9995,8
9996,21
9997,15
9998,23
9999,13
10000,18
10001,9
10002,5
10003,8
10004,21
10005,11
10006,13
10007,7
10008,5
10009,6
10010,0
10011,10
10012,17
10013,11
10014,21
10015,22
10016,21
10017,7
10018,1
10019,17
10020,6
10021,13
10022,5
10023,6
10024,12
10025,13
10026,0
10027,4
10028,5
10029,8
10030,22
10031,4
10032,4
10033,20
10034,5
10035,3
10036,17
10037,21
10038,19
10039,3
10040,13
10041,13
10042,18
10043,1
10044,4
10045,19
10046,7
10047,20
10048,10
10049,4
10050,16
10051,22
10052,11
10053,16
10054,15
10055,15
10056,15
10057,19
10058,15
10059,4
10060,19
10061,11
10062,7
10063,8
10064,22
10065,3
10066,11
10067,8
10068,19
10069,11
10070,19
10071,13
10072,7
10073,12
10074,4
10075,16
10076,10
10077,8
10078,7
10079,4
10080,4
10081,21
10082,22
10083,0
10084,5
10085,12
10086,14
10087,19
10088,22
10089,13
10090,4
10091,19
10092,11
10093,17
10094,13
10095,10
10096,16
10097,7
10098,0
10099,0
10100,5
10101,14
10102,1
10103,22
10104,15
10105,21
10106,3
10107,11
10108,23
10109,7
10110,12
10111,5
10112,22
10113,8
10114,1
10115,7
10116,15
10117,14
10118,19
10119,15
10120,3
10121,11
10122,0
10123,4
10124,7
10125,12
10126,6
10127,11
10128,0
10129,9
10130,23
10131,5
10132,8
10133,6
10134,7
10135,6
10136,9
10137,11
10138,17
10139,7
10140,0
10141,15
10142,13
10143,22
10144,15
10145,15
10146,5
10147,14
10148,20
10149,11
10150,7
10151,21
10152,0
10153,8
10154,3
10155,7
10156,6
10157,1
10158,13
10159,6
10160,17
10161,4
10162,5
10163,19
10164,5
10165,10
10166,10
10167,4
10168,23
10169,11
10170,4
10171,4
10172,19
10173,10
10174,1
10175,21
10176,23
10177,14
10178,15
10179,18
10180,3
10181,22
10182,5
10183,5
10184,8
10185,5
10186,11
10187,20
10188,15
10189,6
10190,17
10191,4
10192,14
10193,11
10194,22
10195,6
10196,6
10197,17
10198,16
10199,22
10200,5
10201,1
10202,21
10203,8
10204,7
10205,5
10206,10
10207,9
10208,6
10209,12
10210,19
10211,3
10212,4
10213,0
10214,11
10215,11
10216,22
10217,22
10218,0
10219,5
10220,9
10221,16
10222,6
10223,19
10224,20
10225,11
10226,22
10227,15
10228,17
10229,1
10230,15
10231,7
10232,14
10233,9
10234,16
10235,8
10236,11
10237,17
10238,1
10239,15
10240,9
10241,10
10242,22
10243,18
10244,12
10245,0
10246,12
10247,5
10248,13
10249,15
10250,7
10251,7
10252,22
10253,22
10254,14
10255,5
10256,0
10257,23
10258,13
10259,0
10260,9
10261,11
10262,8
10263,4
10264,9
10265,6
10266,6
10267,17
10268,12
10269,11
10270,4
10271,19
10272,22
10273,12
10274,1
10275,6
10276,5
10277,17
10278,18
10279,21
10280,15
10281,22
10282,9
10283,19
10284,20
10285,7
10286,14
10287,1
10288,11
10289,7
10290,13
10291,16
10292,1
10293,4
10294,17
10295,4
10296,0
10297,22
10298,13
10299,7
10300,7
10301,19
10302,11
10303,13
10304,1
10305,8
10306,5
10307,22
10308,13
10309,18
10310,0
10311,6
10312,23
10313,19
10314,5
10315,0
10316,6
10317,7
10318,4
10319,0
10320,7
10321,7
10322,13
10323,20
10324,15
10325,19
10326,7
10327,5
10328,4
10329,13
10330,13
10331,5
10332,17
10333,8
10334,3
10335,15
10336,5
10337,3
10338,13
10339,12
10340,12
10341,13
10342,10
10343,15
10344,1
10345,17
10346,7
10347,14
10348,21
10349,12
10350,6
10351,1
10352,18
10353,21
10354,5
10355,7
10356,1
10357,22
10358,16
10359,21
10360,15
10361,1
10362,5
10363,19
10364,19
10365,15
10366,10
10367,12
10368,1
10369,4
10370,0
10371,12
10372,4
10373,19
10374,12
10375,7
10376,12
10377,23
10378,10
10379,23
10380,4
10381,6
10382,7
10383,23
10384,19
10385,13
10386,19
10387,3
10388,0
10389,14
10390,15
10391,0
10392,19
10393,0
10394,1
10395,7
10396,14
10397,15
10398,19
10399,3
10400,12
10401,7
10402,19
10403,7
10404,5
10405,4
10406,1
10407,6
10408,8
10409,6
10410,14
10411,14
10412,7
10413,22
10414,9
10415,0
10416,5
10417,17
10418,13
10419,16
10420,7
10421,18
10422,21
10423,22
10424,5
10425,0
10426,2
10427,15
10428,15
10429,15
10430,10
10431,12
10432,14
10433,19
10434,15
10435,0
10436,17
10437,5
10438,21
10439,16
10440,19
10441,5
10442,2
10443,5
10444,4
10445,15
10446,3
10447,7
10448,1
10449,8
10450,20
10451,9
10452,9
10453,20
10454,22
10455,7
10456,5
10457,8
10458,4
10459,19
10460,9
10461,20
10462,8
10463,0
10464,3
10465,4
10466,4
10467,7
10468,17
10469,19
10470,0
10471,22
10472,11
10473,1
10474,10
10475,14
10476,13
10477,7
10478,15
10479,7
10480,18
10481,4
10482,10
10483,17
10484,7
10485,8
10486,10
10487,13
10488,19
10489,6
10490,22
10491,10
10492,0
10493,8
10494,7
10495,10
10496,21
10497,15
10498,9
10499,0
10500,21
10501,18
10502,0
10503,19
10504,14
10505,9
10506,2
10507,12
10508,6
10509,20
10510,7
10511,23
10512,1
10513,17
10514,15
10515,9
10516,12
10517,14
10518,17
10519,10
10520,17
10521,13
10522,11
10523,0
10524,23
10525,9
10526,23
10527,6
10528,17
10529,7
10530,4
10531,19
10532,18
10533,21
10534,13
10535,22
10536,6
10537,4
10538,11
10539,23
10540,20
10541,23
10542,11
10543,17
10544,7
10545,10
10546,5
10547,0
10548,4
10549,13
10550,11
10551,23
10552,21
10553,18
10554,21
10555,18
10556,15
10557,8
10558,3
10559,5
10560,23
10561,21
10562,1
10563,19
10564,7
10565,6
10566,23
10567,15
10568,12
10569,17
10570,7
10571,4
10572,22
10573,0
10574,7
10575,19
10576,16
10577,23
10578,15
10579,3
10580,15
10581,15
10582,20
10583,11
10584,18
10585,9
10586,12
10587,9
10588,1
10589,15
10590,19
10591,15
10592,19
10593,1
10594,18
10595,4
10596,10
10597,15
10598,7
10599,6
10600,17
10601,1
10602,6
10603,21
10604,0
10605,5
10606,21
10607,0
10608,17
10609,16
10610,9
10611,5
10612,15
10613,16
10614,3
10615,12
10616,18
10617,16
10618,17
10619,7
10620,8
10621,19
10622,4
10623,22
10624,16
10625,4
10626,18
10627,0
10628,17
10629,11
10630,11
10631,4
10632,0
10633,0
10634,17
10635,1
10636,11
10637,22
10638,13
10639,5
10640,2
10641,7
10642,7
10643,15
10644,17
10645,7
10646,5
10647,12
10648,4
10649,14
10650,13
10651,4
10652,15
10653,13
10654,17
10655,10
10656,9
10657,21
10658,18
10659,1
10660,4
10661,17
10662,11
10663,9
10664,7
10665,16
10666,13
10667,19
10668,21
10669,13
10670,3
10671,16
10672,10
10673,7
10674,16
10675,15
10676,5
10677,15
10678,14
10679,22
10680,0
10681,11
10682,3
10683,10
10684,17
10685,23
10686,19
10687,15
10688,19
10689,3
10690,7
10691,5
10692,17
10693,16
10694,7
10695,7
10696,22
10697,3
10698,13
10699,8
10700,15
10701,6
10702,2
10703,5
10704,15
10705,11
10706,6
10707,19
10708,16
10709,22
10710,15
10711,12
10712,21
10713,5
10714,10
10715,1
10716,8
10717,0
10718,16
10719,17
10720,6
10721,9
10722,9
10723,10
10724,10
10725,19
10726,11
10727,14
10728,8
10729,7
10730,15
10731,7
10732,1
10733,15
10734,10
10735,0
10736,5
10737,15
10738,20
10739,4
10740,1
10741,22
10742,8
10743,18
10744,1
10745,3
10746,20
10747,21
10748,17
10749,14
10750,9
10751,17
10752,18
10753,0
10754,15
10755,21
10756,7
10757,15
10758,7
10759,12
10760,3
10761,10
10762,22
10763,9
10764,17
10765,18
10766,5
10767,8
10768,14
10769,6
10770,5
10771,14
10772,8
10773,1
10774,21
10775,7
10776,16
10777,11
10778,13
10779,23
10780,23
10781,0
10782,19
10783,5
10784,0
10785,7
10786,16
10787,9
10788,8
10789,15
10790,13
10791,4
10792,13
10793,4
10794,1
10795,0
10796,20
10797,8
10798,4
10799,16
10800,13
10801,7
10802,4
10803,8
10804,5
10805,1
10806,7
10807,22
10808,20
10809,15
10810,14
10811,11
10812,20
10813,7
10814,21
10815,21
10816,1
10817,10
10818,23
10819,14
10820,16
10821,0
10822,21
10823,15
10824,15
10825,5
10826,7
10827,7
10828,15
10829,4
10830,22
10831,4
10832,15
10833,4
10834,0
10835,14
10836,16
10837,6
10838,3
10839,1
10840,15
10841,0
10842,13
10843,7
10844,19
10845,4
10846,13
10847,21
10848,10
10849,7
10850,13
10851,11
10852,1
10853,6
10854,16
10855,13
10856,5
10857,22
10858,17
10859,21
10860,11
10861,13
10862,16
10863,12
10864,7
10865,16
10866,13
10867,7
10868,16
10869,10
10870,6
10871,19
10872,22
10873,0
10874,4
10875,23
10876,4
10877,4
10878,2
10879,4
10880,14
10881,11
10882,13
10883,13
10884,22
10885,3
10886,15
10887,14
10888,7
10889,8
10890,17
10891,7
10892,10
10893,13
10894,17
10895,7
10896,4
10897,0
10898,22
10899,7
10900,11
10901,13
10902,22
10903,8
10904,7
10905,4
10906,11
10907,3
10908,5
10909,6
10910,7
10911,19
10912,3
10913,7
10914,8
10915,20
10916,4
10917,1
10918,7
10919,11
10920,18
10921,1
10922,1
10923,11
10924,13
10925,11
10926,0
10927,17
10928,23
10929,7
10930,15
10931,9
10932,8
10933,23
10934,14
10935,0
10936,6
10937,8
10938,7
10939,0
10940,3
10941,5
10942,7
10943,9
10944,0
10945,21
10946,18
10947,13
10948,18
10949,23
10950,14
10951,12
10952,16
10953,23
10954,3
10955,15
10956,18
10957,13
10958,16
10959,1
10960,17
10961,19
10962,6
10963,19
10964,23
10965,13
10966,13
10967,12
10968,16
10969,13
10970,11
10971,15
10972,18
10973,8
10974,13
10975,6
10976,11
10977,16
10978,22
10979,11
10980,10
10981,1
10982,7
10983,6
10984,13
10985,23
10986,9
10987,18
10988,1
10989,4
10990,15
10991,15
10992,23
10993,8
10994,7
10995,7
10996,14
10997,7
10998,7
10999,19
11000,15
11001,11
11002,17
11003,21
11004,5
11005,9
11006,1
11007,11
11008,14
11009,15
11010,4
11011,1
11012,7
11013,7
11014,10
11015,12
11016,9
11017,11
11018,4
11019,11
11020,9
11021,13
11022,0
11023,23
11024,15
11025,1
11026,4
11027,21
11028,12
11029,0
11030,11
11031,4
11032,9
11033,13
11034,17
11035,7
11036,19
11037,19
11038,19
11039,22
11040,17
11041,12
11042,15
11043,17
11044,8
11045,17
11046,17
11047,15
11048,16
11049,1
11050,12
11051,8
11052,18
11053,20
11054,6
11055,23
11056,16
11057,19
11058,4
11059,4
11060,6
11061,7
11062,6
11063,15
11064,13
11065,1
11066,19
11067,4
11068,23
11069,7
11070,4
11071,17
11072,7
11073,15
11074,9
11075,7
11076,7
11077,22
11078,14
11079,12
11080,18
11081,5
11082,20
11083,5
11084,17
11085,1
11086,11
11087,1
11088,13
11089,4
11090,15
11091,17
11092,7
11093,11
11094,20
11095,7
11096,13
11097,13
11098,23
11099,8
11100,18
11101,12
11102,7
11103,6
11104,20
11105,1
11106,21
11107,4
11108,18
11109,15
11110,22
11111,8
11112,1
11113,9
11114,19
11115,0
11116,16
11117,13
11118,5
11119,4
11120,12
11121,12
11122,12
11123,13
11124,21
11125,10
11126,17
11127,19
11128,14
11129,16
11130,1
11131,0
11132,7
11133,10
11134,4
11135,11
11136,19
11137,11
11138,15
11139,1
11140,12
11141,18
11142,3
11143,21
11144,16
11145,5
11146,19
11147,4
11148,20
11149,16
11150,9
11151,19
11152,1
11153,12
11154,21
11155,23
11156,4
11157,12
11158,5
11159,18
11160,4
11161,12
11162,21
11163,0
11164,6
11165,0
11166,22
11167,5
11168,14
11169,12
11170,4
11171,9
11172,15
11173,7
11174,5
11175,9
11176,15
11177,6
11178,21
11179,9
11180,23
11181,8
11182,6
11183,23
11184,7
11185,3
11186,20
11187,17
11188,11
11189,1
11190,19
11191,15
11192,18
11193,6
11194,22
11195,17
11196,6
11197,10
11198,15
11199,13
11200,22
11201,16
11202,14
11203,18
11204,3
11205,0
11206,23
11207,14
11208,11
11209,23
11210,10
11211,1
11212,7
11213,2
11214,5
11215,10
11216,22
11217,6
11218,4
11219,13
11220,8
11221,6
11222,11
11223,13
11224,12
11225,12
11226,16
11227,3
11228,23
11229,11
11230,19
11231,22
11232,4
11233,3
11234,12
11235,21
11236,19
11237,5
11238,16
11239,7
11240,13
11241,20
11242,17
11243,14
11244,17
11245,7
11246,8
11247,15
11248,19
11249,19
11250,16
11251,23
11252,11
11253,4
11254,4
11255,5
11256,15
11257,7
11258,19
11259,7
11260,22
11261,20
11262,7
11263,4
11264,4
11265,20
11266,18
11267,1
11268,17
11269,11
11270,7
11271,0
11272,15
11273,17
11274,15
11275,13
11276,12
11277,12
11278,4
11279,9
11280,12
11281,19
11282,7
11283,19
11284,7
11285,18
11286,21
11287,16
11288,22
11289,1
11290,7
11291,15
11292,7
11293,7
11294,23
11295,12
11296,22
11297,18
11298,3
11299,3
11300,19
11301,3
11302,6
11303,9
11304,7
11305,23
11306,11
11307,3
11308,17
11309,3
11310,12
11311,16
11312,11
11313,13
11314,3
11315,4
11316,7
11317,10
11318,13
11319,15
11320,10
11321,7
11322,12
11323,18
11324,21
11325,17
11326,8
11327,6
11328,22
11329,22
11330,16
11331,6
11332,8
11333,18
11334,11
11335,16
11336,4
11337,8
11338,21
11339,8
11340,13
11341,22
11342,23
11343,21
11344,17
11345,7
11346,10
11347,21
11348,18
11349,8
11350,8
11351,4
11352,10
11353,13
11354,19
11355,22
11356,11
11357,13
11358,18
11359,12
11360,17
11361,1
11362,11
11363,16
11364,15
11365,17
11366,9
11367,11
11368,5
11369,9
11370,22
11371,17
11372,13
11373,21
11374,1
11375,4
11376,11
11377,10
11378,4
11379,22
11380,18
11381,5
11382,22
11383,3
11384,17
11385,4
11386,10
11387,21
11388,3
11389,0
11390,18
11391,1
11392,19
11393,7
11394,5
11395,7
11396,11
11397,4
11398,1
11399,1
11400,1
11401,4
11402,7
11403,9
11404,4
11405,15
11406,2
11407,0
11408,19
11409,18
11410,7
11411,0
11412,11
11413,5
11414,7
11415,1
11416,6
11417,3
11418,5
11419,14
11420,19
11421,0
11422,13
11423,13
11424,3
11425,17
11426,17
11427,11
11428,5
11429,6
11430,23
11431,9
11432,17
11433,12
11434,8
11435,0
11436,19
11437,9
11438,13
11439,9
11440,23
11441,16
11442,7
11443,3
11444,22
11445,14
11446,0
11447,4
11448,11
11449,1
11450,19
11451,1
11452,4
11453,20
11454,0
11455,12
11456,20
11457,19
11458,13
11459,5
11460,13
11461,4
11462,1
11463,20
11464,8
11465,3
11466,7
11467,0
11468,0
11469,0
11470,13
11471,10
11472,13
11473,19
11474,10
11475,13
11476,15
11477,12
11478,14
11479,20
11480,12
11481,10
11482,17
11483,19
11484,13
11485,2
11486,4
11487,2
11488,4
11489,0
11490,14
11491,22
11492,18
11493,7
11494,7
11495,4
11496,4
11497,4
11498,7
11499,18
11500,13
11501,7
11502,13
11503,10
11504,17
11505,1
11506,22
11507,23
11508,17
11509,22
11510,4
11511,17
11512,21
11513,9
11514,0
11515,0
11516,23
11517,19
11518,10
11519,7
11520,13
11521,13
11522,15
11523,23
11524,20
11525,13
11526,7
11527,9
11528,1
11529,0
11530,22
11531,20
11532,1
11533,13
11534,20
11535,22
11536,7
11537,6
11538,7
11539,7
11540,3
11541,0
11542,15
11543,4
11544,10
11545,18
11546,7
11547,10
11548,19
11549,4
11550,0
11551,9
11552,20
11553,15
11554,19
11555,13
11556,7
11557,16
11558,3
11559,7
11560,10
11561,14
11562,13
11563,20
11564,13
11565,1
11566,13
11567,21
11568,10
11569,22
11570,17
11571,18
11572,2
11573,22
11574,7
11575,1
11576,18
11577,3
11578,3
11579,15
11580,4
11581,20
11582,21
11583,22
11584,21
11585,11
11586,6
11587,22
11588,4
11589,15
11590,16
11591,1
11592,4
11593,8
11594,22
11595,20
11596,1
11597,21
11598,21
11599,7
11600,14
11601,17
11602,21
11603,0
11604,21
11605,8
11606,7
11607,13
11608,13
11609,1
11610,8
11611,9
11612,2
11613,15
11614,8
11615,18
11616,23
11617,1
11618,5
11619,19
11620,19
11621,12
11622,7
11623,0
11624,12
11625,7
11626,13
11627,0
11628,13
11629,15
11630,7
11631,1
11632,19
11633,10
11634,4
11635,6
11636,9
11637,9
11638,5
11639,21
11640,3
11641,11
11642,14
11643,8
11644,14
11645,5
11646,6
11647,7
11648,0
11649,11
11650,6
11651,6
11652,21
11653,4
11654,7
11655,11
11656,11
11657,12
11658,4
11659,16
11660,1
11661,20
11662,14
11663,13
11664,1
11665,0
11666,12
11667,0
11668,17
11669,7
11670,6
11671,16
11672,7
11673,1
11674,9
11675,21
11676,9
11677,7
11678,11
11679,12
11680,18
11681,19
11682,18
11683,5
11684,11
11685,13
11686,3
11687,13
11688,6
11689,18
11690,15
11691,13
11692,13
11693,19
11694,13
11695,21
11696,13
11697,11
11698,13
11699,19
11700,9
11701,9
11702,9
11703,12
11704,7
11705,5
11706,4
11707,17
11708,16
11709,16
11710,0
11711,4
11712,15
11713,14
11714,8
11715,18
11716,18
11717,17
11718,10
11719,8
11720,12
11721,7
11722,4
11723,1
11724,19
11725,7
11726,5
11727,9
11728,9
11729,7
11730,15
11731,13
11732,0
11733,20
11734,15
11735,6
11736,5
11737,17
11738,12
11739,4
11740,9
11741,9
11742,7
11743,13
11744,0
11745,1
11746,15
11747,1
11748,12
11749,22
11750,19
11751,11
11752,17
11753,6
11754,12
11755,0
11756,10
11757,2
11758,13
11759,4
11760,20
11761,6
11762,10
11763,14
11764,14
11765,4
11766,13
11767,20
11768,17
11769,22
11770,15
11771,7
11772,11
11773,22
11774,17
11775,5
11776,21
11777,21
11778,9
11779,16
11780,17
11781,15
11782,0
11783,18
11784,5
11785,15
11786,6
11787,17
11788,9
11789,12
11790,15
11791,1
11792,7
11793,5
11794,7
11795,0
11796,12
11797,4
11798,12
11799,15
11800,16
11801,19
11802,5
11803,0
11804,12
11805,6
11806,7
11807,15
11808,7
11809,0
11810,7
11811,10
11812,23
11813,11
11814,10
11815,15
11816,8
11817,22
11818,7
11819,22
11820,13
11821,16
11822,19
11823,17
11824,15
11825,16
11826,4
11827,12
11828,11
11829,10
11830,22
11831,11
11832,0
11833,3
11834,0
11835,23
11836,6
11837,15
11838,5
11839,22
11840,1
11841,17
11842,22
11843,11
11844,9
11845,14
11846,7
11847,13
11848,18
11849,22
11850,11
11851,7
11852,13
11853,0
11854,23
11855,9
11856,5
11857,7
11858,18
11859,6
11860,7
11861,15
11862,5
11863,9
11864,18
11865,9
11866,23
11867,11
11868,19
11869,19
11870,6
11871,14
11872,17
11873,4
11874,11
11875,5
11876,7
11877,16
11878,13
11879,0
11880,21
11881,15
11882,1
11883,18
11884,7
11885,8
11886,10
11887,7
11888,22
11889,2
11890,15
11891,15
11892,19
11893,16
11894,11
11895,21
11896,13
11897,9
11898,18
11899,14
11900,0
11901,6
11902,7
11903,5
11904,21
11905,21
11906,6
11907,10
11908,22
11909,12
11910,18
11911,7
11912,17
11913,13
11914,5
11915,6
11916,5
11917,6
11918,18
11919,20
11920,10
11921,4
11922,3
11923,12
11924,0
11925,4
11926,8
11927,6
11928,1
11929,3
11930,22
11931,7
11932,15
11933,0
11934,14
11935,16
11936,6
11937,15
11938,5
11939,3
11940,6
11941,8
11942,14
11943,9
11944,17
11945,17
11946,4
11947,10
11948,11
11949,17
11950,16
11951,15
11952,11
11953,13
11954,17
11955,0
11956,22
11957,1
11958,15
11959,8
11960,1
11961,9
11962,9
11963,15
11964,6
11965,7
11966,16
11967,19
11968,0
11969,1
11970,19
11971,15
11972,13
11973,17
11974,22
11975,13
11976,8
11977,13
11978,5
11979,0
11980,22
11981,19
11982,19
11983,1
11984,10
11985,22
11986,8
11987,7
11988,23
11989,6
11990,16
11991,16
11992,5
11993,8
11994,23
11995,7
11996,20
11997,5
11998,21
11999,16
12000,19
12001,10
12002,10
12003,4
12004,4
12005,6
12006,8
12007,1
12008,22
12009,15
12010,13
12011,10
12012,7
12013,15
12014,10
12015,22
12016,14
12017,1
12018,15
12019,4
12020,9
12021,4
12022,13
12023,19
12024,0
12025,13
12026,7
12027,19
12028,8
12029,20
12030,0
12031,1
12032,14
12033,10
12034,9
12035,11
12036,22
12037,8
12038,21
12039,6
12040,6
12041,19
12042,12
12043,16
12044,22
12045,21
12046,21
12047,12
12048,20
12049,4
12050,15
12051,16
12052,23
12053,20
12054,19
12055,7
12056,17
12057,0
12058,7
12059,0
12060,17
12061,7
12062,4
12063,13
12064,20
12065,4
12066,5
12067,19
12068,19
12069,20
12070,7
12071,0
12072,7
12073,23
12074,1
12075,12
12076,3
12077,7
12078,9
12079,0
12080,7
12081,12
12082,20
12083,1
12084,23
12085,15
12086,11
12087,10
12088,22
12089,16
12090,11
12091,9
12092,11
12093,10
12094,6
12095,1
12096,6
12097,22
12098,0
12099,1
12100,11
12101,7
12102,14
12103,11
12104,4
12105,0
12106,0
12107,19
12108,14
12109,7
12110,7
12111,13
12112,3
12113,18
12114,4
12115,13
12116,13
12117,18
12118,22
12119,15
12120,1
12121,19
12122,12
12123,17
12124,8
12125,13
12126,13
12127,4
12128,11
12129,15
12130,12
12131,15
12132,7
12133,5
12134,20
12135,13
12136,9
12137,5
12138,8
12139,10
12140,3
12141,6
12142,22
12143,15
12144,12
12145,7
12146,14
12147,3
12148,7
12149,0
12150,16
12151,0
12152,7
12153,7
12154,7
12155,17
12156,7
12157,8
12158,21
12159,4
12160,11
12161,11
12162,7
12163,16
12164,5
12165,7
12166,7
12167,21
12168,1
12169,18
12170,11
12171,7
12172,4
12173,21
12174,18
12175,5
12176,4
12177,7
12178,23
12179,10
12180,19
12181,1
12182,13
12183,22
12184,18
12185,8
12186,4
12187,20
12188,20
12189,7
12190,19
12191,7
12192,21
12193,1
12194,10
12195,2
12196,7
12197,6
12198,19
12199,21
12200,13
12201,21
12202,23
12203,12
12204,5
12205,19
12206,17
12207,12
12208,9
12209,12
12210,1
12211,12
12212,22
12213,11
12214,23
12215,19
12216,17
12217,5
12218,4
12219,19
12220,22
12221,15
12222,0
12223,14
12224,1
12225,18
12226,17
12227,16
12228,9
12229,3
12230,10
12231,16
12232,1
12233,9
12234,0
12235,11
12236,6
12237,21
12238,23
12239,6
12240,10
12241,13
12242,9
12243,1
12244,9
12245,3
12246,5
12247,1
12248,13
12249,6
12250,4
12251,6
12252,20
12253,19
12254,15
12255,7
12256,5
12257,4
12258,10
12259,12
12260,20
12261,12
12262,7
12263,11
12264,21
12265,21
12266,11
12267,19
12268,23
12269,17
12270,10
12271,0
12272,0
12273,16
12274,7
12275,4
12276,23
12277,5
12278,13
12279,6
12280,7
12281,15
12282,2
12283,15
12284,13
12285,4
12286,3
12287,18
12288,13
12289,7
12290,19
12291,17
12292,14
12293,6
12294,23
12295,20
12296,12
12297,0
12298,4
12299,20
12300,18
12301,17
12302,22
12303,22
12304,19
12305,13
12306,12
12307,0
12308,17
12309,11
12310,13
12311,8
12312,12
12313,0
12314,0
12315,10
12316,7
12317,13
12318,10
12319,9
12320,13
12321,5
12322,17
12323,10
12324,11
12325,3
12326,8
12327,22
12328,13
12329,21
12330,4
12331,17
12332,9
12333,6
12334,20
12335,3
12336,4
12337,7
12338,16
12339,15
12340,22
12341,2
12342,7
12343,15
12344,11
12345,7
12346,7
12347,20
12348,20
12349,7
12350,9
12351,8
12352,7
12353,7
12354,7
12355,12
12356,6
12357,6
12358,11
12359,21
12360,8
12361,7
12362,19
12363,1
12364,21
12365,11
12366,1
12367,23
12368,8
12369,20
12370,12
12371,1
12372,0
12373,8
12374,7
12375,23
12376,21
12377,17
12378,7
12379,7
12380,12
12381,7
12382,19
12383,20
12384,16
12385,10
12386,3
12387,8
12388,15
12389,21
12390,7
12391,11
12392,10
12393,0
12394,8
12395,7
12396,19
12397,19
12398,10
12399,2
12400,15
12401,19
12402,20
12403,6
12404,22
12405,19
12406,19
12407,5
12408,4
12409,10
12410,0
12411,15
12412,2
12413,15
12414,1
12415,12
12416,14
12417,11
12418,12
12419,7
12420,18
12421,15
12422,15
12423,6
12424,7
12425,14
12426,20
12427,4
12428,8
12429,0
12430,4
12431,10
12432,0
12433,16
12434,16
12435,15
12436,23
12437,10
12438,15
12439,10
12440,22
12441,6
12442,19
12443,1
12444,9
12445,8
12446,21
12447,0
12448,10
12449,23
12450,7
12451,9
12452,1
12453,0
12454,18
12455,7
12456,12
12457,13
12458,4
12459,11
12460,7
12461,3
12462,0
12463,19
12464,16
12465,13
12466,17
12467,21
12468,1
12469,15
12470,15
12471,4
12472,7
12473,21
12474,12
12475,22
12476,13
12477,15
12478,20
12479,8
12480,7
12481,13
12482,15
12483,1
12484,1
12485,3
12486,8
12487,19
12488,6
12489,19
12490,20
12491,7
12492,19
12493,12
12494,5
12495,14
12496,12
12497,18
12498,13
12499,17
12500,6
12501,22
12502,21
12503,10
12504,7
12505,15
12506,7
12507,22
12508,22
12509,21
12510,5
12511,15
12512,23
12513,5
12514,7
12515,5
12516,0
12517,20
12518,22
12519,15
12520,14
12521,1
12522,10
12523,17
12524,18
12525,17
12526,22
12527,14
12528,17
12529,7
12530,21
12531,10
12532,19
12533,17
12534,3
12535,22
12536,7
12537,0
12538,22
12539,13
12540,0
12541,8
12542,0
12543,1
12544,17
12545,6
12546,16
12547,10
12548,6
12549,20
12550,15
12551,13
12552,22
12553,20
12554,1
12555,22
12556,1
12557,9
12558,5
12559,3
12560,7
12561,9
12562,14
12563,16
12564,0
12565,20
12566,8
12567,8
12568,5
12569,18
12570,14
12571,21
12572,6
12573,23
12574,7
12575,8
12576,3
12577,1
12578,0
12579,15
12580,17
12581,17
12582,13
12583,22
12584,22
12585,4
12586,23
12587,10
12588,13
12589,15
12590,1
12591,6
12592,20
12593,19
12594,13
12595,7
12596,5
12597,22
12598,4
12599,7
12600,4
12601,7
12602,9
12603,2
12604,5
12605,15
12606,15
12607,15
12608,11
12609,3
12610,23
12611,7
12612,6
12613,22
12614,9
12615,15
12616,22
12617,17
12618,19
12619,13
12620,23
12621,20
12622,5
12623,6
12624,17
12625,14
12626,4
12627,3
12628,21
12629,7
12630,7
12631,12
12632,13
12633,19
12634,4
12635,19
12636,8
12637,18
12638,22
12639,18
12640,1
12641,7
12642,9
12643,1
12644,18
12645,9
12646,5
12647,9
12648,21
12649,17
12650,3
12651,13
12652,19
12653,15
12654,23
12655,6
12656,15
12657,17
12658,16
12659,10
12660,19
12661,16
12662,21
12663,1
12664,6
12665,21
12666,17
12667,0
12668,13
12669,12
12670,2
12671,13
12672,10
12673,19
12674,17
12675,18
12676,13
12677,7
12678,1
12679,20
12680,15
12681,0
12682,7
12683,19
12684,20
12685,3
12686,1
12687,10
12688,17
12689,7
12690,5
12691,3
12692,13
12693,15
12694,0
12695,8
12696,17
12697,14
12698,9
12699,13
12700,7
12701,21
12702,22
12703,8
12704,7
12705,15
12706,15
12707,1
12708,4
12709,19
12710,19
12711,23
12712,23
12713,7
12714,9
12715,7
12716,3
12717,22
12718,21
12719,7
12720,16
12721,9
12722,7
12723,17
12724,21
12725,7
12726,2
12727,6
12728,7
12729,7
12730,3
12731,20
12732,22
12733,7
12734,13
12735,6
12736,4
12737,18
12738,16
12739,4
12740,19
12741,17
12742,4
12743,14
12744,17
12745,0
12746,9
12747,7
12748,19
12749,17
12750,13
12751,13
12752,4
12753,4
12754,7
12755,23
12756,6
12757,13
12758,9
12759,21
12760,4
12761,7
12762,8
12763,3
12764,3
12765,0
12766,10
12767,10
12768,20
12769,13
12770,14
12771,17
12772,4
12773,10
12774,7
12775,7
12776,1
12777,6
12778,23
12779,17
12780,12
12781,19
12782,8
12783,20
12784,19
12785,13
12786,3
12787,2
12788,12
12789,15
12790,8
12791,0
12792,13
12793,9
12794,13
12795,18
12796,12
12797,14
12798,23
12799,5
12800,6
12801,10
12802,15
12803,17
12804,14
12805,9
12806,14
12807,4
12808,19
12809,17
12810,19
12811,19
12812,6
12813,10
12814,19
12815,11
12816,19
12817,16
12818,4
12819,17
12820,18
12821,7
12822,19
12823,19
12824,6
12825,1
12826,11
12827,12
12828,0
12829,12
12830,1
12831,7
12832,0
12833,21
12834,8
12835,13
12836,3
12837,4
12838,19
12839,1
12840,23
12841,0
12842,4
12843,6
12844,19
12845,16
12846,7
12847,0
12848,9
12849,18
12850,10
12851,0
12852,7
12853,22
12854,15
12855,8
12856,20
12857,6
12858,12
12859,19
12860,4
12861,18
12862,16
12863,10
12864,8
12865,0
12866,22
12867,0
12868,15
12869,3
12870,4
12871,14
12872,8
12873,15
12874,19
12875,19
12876,23
12877,13
12878,12
12879,0
12880,1
12881,19
12882,7
12883,13
12884,1
12885,18
12886,22
12887,4
12888,15
12889,17
12890,20
12891,7
12892,4
12893,11
12894,8
12895,14
12896,7
12897,21
12898,21
12899,5
12900,1
12901,9
12902,13
12903,4
12904,23
12905,23
12906,7
12907,4
12908,12
12909,20
12910,0
12911,4
12912,15
12913,22
12914,20
12915,20
12916,16
12917,14
12918,21
12919,7
12920,12
12921,13
12922,0
12923,14
12924,1
12925,19
12926,17
12927,0
12928,15
12929,10
12930,17
12931,4
12932,13
12933,0
12934,7
12935,15
12936,3
12937,7
12938,13
12939,23
12940,22
12941,16
12942,5
12943,5
12944,7
12945,14
12946,5
12947,6
12948,22
12949,13
12950,19
12951,10
12952,13
12953,1
12954,22
12955,11
12956,17
12957,9
12958,4
12959,0
12960,6
12961,12
12962,7
12963,22
12964,0
12965,12
12966,7
12967,4
12968,3
12969,9
12970,12
12971,5
12972,4
12973,22
12974,9
12975,6
12976,17
12977,19
12978,21
12979,19
12980,11
12981,14
12982,4
12983,7
12984,18
12985,1
12986,22
12987,17
12988,22
12989,5
12990,22
12991,3
12992,4
12993,8
12994,0
12995,13
12996,22
12997,17
12998,20
12999,19
13000,6
13001,1
13002,0
13003,6
13004,2
13005,0
13006,6
13007,20
13008,14
13009,21
13010,16
13011,20
13012,22
13013,3
13014,8
13015,13
13016,11
13017,15
13018,9
13019,7
13020,6
13021,11
13022,20
13023,15
13024,17
13025,19
13026,15
13027,15
13028,4
13029,11
13030,19
13031,12
13032,8
13033,17
13034,1
13035,18
13036,18
13037,22
13038,20
13039,4
13040,7
13041,23
13042,19
13043,17
13044,15
13045,10
13046,7
13047,5
13048,16
13049,1
13050,6
13051,4
13052,18
13053,5
13054,15
13055,4
13056,12
13057,4
13058,3
13059,8
13060,22
13061,12
13062,7
13063,8
13064,4
13065,21
13066,20
13067,11
13068,13
13069,22
13070,22
13071,15
13072,7
13073,14
13074,12
13075,15
13076,1
13077,15
13078,22
13079,16
13080,0
13081,17
13082,18
13083,7
13084,4
13085,9
13086,16
13087,23
13088,7
13089,14
13090,12
13091,4
13092,7
13093,10
13094,3
13095,13
13096,21
13097,0
13098,7
13099,15
13100,13
13101,4
13102,14
13103,13
13104,8
13105,2
13106,15
13107,3
13108,13
13109,10
13110,5
13111,8
13112,22
13113,9
13114,17
13115,5
13116,13
13117,16
13118,11
13119,21
13120,11
13121,21
13122,13
13123,13
13124,4
13125,15
13126,19
13127,8
13128,6
13129,4
13130,6
13131,13
13132,23
13133,1
13134,1
13135,1
13136,16
13137,13
13138,7
13139,7
13140,9
13141,10
13142,14
13143,18
13144,5
13145,22
13146,6
13147,4
13148,7
13149,19
13150,13
13151,11
13152,3
13153,5
13154,14
13155,21
13156,4
13157,1
13158,16
13159,4
13160,22
13161,14
13162,6
13163,22
13164,11
13165,4
13166,8
13167,21
13168,22
13169,11
13170,20
13171,6
13172,14
13173,14
13174,0
13175,0
13176,19
13177,16
13178,1
13179,12
13180,22
13181,9
13182,17
13183,16
13184,4
13185,17
13186,14
13187,21
13188,12
13189,1
13190,7
13191,4
13192,11
13193,1
13194,13
13195,9
13196,23
13197,7
13198,7
13199,4
13200,7
13201,15
13202,22
13203,15
13204,5
13205,15
13206,9
13207,15
13208,8
13209,11
13210,20
13211,11
13212,6
13213,11
13214,5
13215,3
13216,5
13217,3
13218,8
13219,7
13220,8
13221,7
13222,0
13223,7
13224,7
13225,9
13226,1
13227,2
13228,16
13229,5
13230,3
13231,15
13232,6
13233,0
13234,6
13235,9
13236,13
13237,8
13238,13
13239,6
13240,16
13241,1
13242,7
13243,23
13244,19
13245,6
13246,0
13247,11
13248,19
13249,21
13250,6
13251,4
13252,21
13253,22
13254,2
13255,7
13256,1
13257,4
13258,14
13259,22
13260,5
13261,9
13262,16
13263,18
13264,6
13265,16
13266,14
13267,22
13268,15
13269,1
13270,0
13271,17
13272,19
13273,13
13274,23
13275,4
13276,22
13277,20
13278,21
13279,8
13280,7
13281,1
13282,20
13283,5
13284,9
13285,8
13286,4
13287,7
13288,22
13289,14
13290,22
13291,15
13292,15
13293,21
13294,5
13295,20
13296,14
13297,11
13298,11
13299,7
13300,19
13301,2
13302,11
13303,15
13304,4
13305,5
13306,1
13307,5
13308,17
13309,15
13310,5
13311,11
13312,21
13313,3
13314,0
13315,19
13316,7
13317,13
13318,1
13319,19
13320,4
13321,20
13322,17
13323,15
13324,23
13325,15
13326,13
13327,22
13328,4
13329,8
13330,11
13331,13
13332,19
13333,19
13334,6
13335,10
13336,18
13337,0
13338,22
13339,20
13340,7
13341,19
13342,3
13343,3
13344,4
13345,4
13346,19
13347,9
13348,23
13349,6
13350,8
13351,18
13352,8
13353,21
13354,6
13355,23
13356,7
13357,14
13358,11
13359,11
13360,7
13361,19
13362,19
13363,20
13364,6
13365,8
13366,4
13367,8
13368,18
13369,13
13370,10
13371,1
13372,15
13373,7
13374,19
13375,12
13376,8
13377,21
13378,15
13379,22
13380,4
13381,7
13382,15
13383,18
13384,19
13385,5
13386,1
13387,15
13388,7
13389,3
13390,22
13391,19
13392,8
13393,18
13394,21
13395,13
13396,7
13397,18
13398,5
13399,10
13400,22
13401,11
13402,6
13403,4
13404,20
13405,11
13406,5
13407,3
13408,3
13409,7
13410,16
13411,13
13412,20
13413,20
13414,14
13415,17
13416,16
13417,6
13418,13
13419,19
13420,23
13421,20
13422,15
13423,18
13424,5
13425,17
13426,7
13427,4
13428,8
13429,14
13430,19
13431,19
13432,4
13433,11
13434,17
13435,0
13436,13
13437,21
13438,6
13439,19
13440,9
13441,15
13442,12
13443,0
13444,15
13445,9
13446,15
13447,7
13448,11
13449,8
13450,19
13451,12
13452,22
13453,7
13454,0
13455,22
13456,18
13457,16
13458,17
13459,2
13460,21
13461,16
13462,19
13463,0
13464,9
13465,11
13466,7
13467,15
13468,7
13469,11
13470,20
13471,4
13472,13
13473,17
13474,7
13475,9
13476,15
13477,3
13478,14
13479,17
13480,0
13481,13
13482,11
13483,5
13484,23
13485,14
13486,11
13487,1
13488,17
13489,9
13490,0
13491,7
13492,1
13493,21
13494,12
13495,0
13496,7
13497,0
13498,22
13499,17
13500,7
13501,1
13502,20
13503,8
13504,15
13505,13
13506,15
13507,1
13508,1
13509,15
13510,11
13511,13
13512,14
13513,1
13514,9
13515,0
13516,21
13517,22
13518,22
13519,12
13520,11
13521,22
13522,1
13523,12
13524,9
13525,19
13526,6
13527,3
13528,20
13529,7
13530,12
13531,22
13532,11
13533,1
13534,3
13535,12
13536,22
13537,21
13538,17
13539,15
13540,7
13541,13
13542,6
13543,0
13544,20
13545,7
13546,3
13547,7
13548,10
13549,21
13550,2
13551,1
13552,13
13553,2
13554,21
13555,19
13556,17
13557,17
13558,7
13559,17
13560,20
13561,4
13562,13
13563,13
13564,3
13565,18
13566,12
13567,7
13568,16
13569,16
13570,5
13571,15
13572,0
13573,5
13574,7
13575,7
13576,11
13577,15
13578,19
13579,21
13580,5
13581,23
13582,3
13583,15
13584,17
13585,3
13586,22
13587,7
13588,10
13589,15
13590,9
13591,5
13592,17
13593,1
13594,7
13595,15
13596,9
13597,12
13598,3
13599,7
13600,19
13601,7
13602,7
13603,23
13604,0
13605,19
13606,17
13607,14
13608,8
13609,21
13610,22
13611,17
13612,7
13613,14
13614,14
13615,12
13616,5
13617,1
13618,6
13619,18
13620,7
13621,0
13622,3
13623,13
13624,5
13625,4
13626,6
13627,19
13628,22
13629,6
13630,20
13631,15
13632,11
13633,22
13634,21
13635,1
13636,11
13637,22
13638,22
13639,18
13640,21
13641,12
13642,19
13643,5
13644,7
13645,14
13646,19
13647,4
13648,15
13649,23
13650,7
13651,15
13652,4
13653,8
13654,5
13655,23
13656,17
13657,10
13658,0
13659,7
13660,6
13661,11
13662,16
13663,11
13664,20
13665,13
13666,0
13667,6
13668,7
13669,17
13670,20
13671,7
13672,13
13673,11
13674,18
13675,19
13676,9
13677,3
13678,21
13679,6
13680,1
13681,21
13682,0
13683,6
13684,17
13685,19
13686,12
13687,12
13688,15
13689,16
13690,16
13691,22
13692,13
13693,6
13694,1
13695,4
13696,19
13697,15
13698,22
13699,4
13700,4
13701,21
13702,15
13703,12
13704,18
13705,21
13706,6
13707,17
13708,4
13709,7
13710,7
13711,15
13712,18
13713,5
13714,7
13715,10
13716,10
13717,6
13718,12
13719,9
13720,20
13721,7
13722,23
13723,8
13724,19
13725,6
13726,17
13727,17
13728,10
13729,10
13730,6
13731,4
13732,10
13733,7
13734,12
13735,7
13736,13
13737,15
13738,18
13739,19
13740,19
13741,12
13742,5
13743,22
13744,0
13745,11
13746,3
13747,12
13748,0
13749,16
13750,11
13751,11
13752,11
13753,9
13754,16
13755,5
13756,15
13757,20
13758,3
13759,15
13760,11
13761,22
13762,4
13763,4
13764,7
13765,19
13766,19
13767,1
13768,11
13769,22
13770,22
13771,6
13772,23
13773,9
13774,20
13775,12
13776,12
13777,12
13778,17
13779,10
13780,4
13781,19
13782,3
13783,19
13784,22
13785,7
13786,17
13787,3
13788,15
13789,18
13790,15
13791,12
13792,9
13793,4
13794,9
13795,6
13796,22
13797,12
13798,0
13799,14
13800,10
13801,19
13802,15
13803,9
13804,7
13805,20
13806,22
13807,6
13808,1
13809,4
13810,8
13811,19
13812,16
13813,19
13814,9
13815,18
13816,23
13817,1
13818,16
13819,19
13820,13
13821,4
13822,1
13823,13
13824,21
13825,17
13826,2
13827,13
13828,15
13829,1
13830,0
13831,10
13832,10
13833,1
13834,4
13835,15
13836,11
13837,10
13838,22
13839,4
13840,17
13841,5
13842,23
13843,15
13844,15
13845,7
13846,2
13847,21
13848,6
13849,4
13850,7
13851,5
13852,9
13853,9
13854,20
13855,13
13856,10
13857,1
13858,4
13859,11
13860,19
13861,16
13862,9
13863,4
13864,15
13865,3
13866,18
13867,21
13868,21
13869,15
13870,7
13871,13
13872,17
13873,22
13874,18
13875,6
13876,3
13877,1
13878,10
13879,4
13880,22
13881,16
13882,21
13883,7
13884,6
13885,1
13886,16
13887,13
13888,13
13889,1
13890,14
13891,6
13892,1
13893,21
13894,21
13895,11
13896,23
13897,23
13898,9
13899,18
13900,6
13901,6
13902,7
13903,18
13904,17
13905,11
13906,13
13907,13
13908,21
13909,14
13910,6
13911,12
13912,12
13913,23
13914,0
13915,12
13916,3
13917,4
13918,16
13919,10
13920,21
13921,4
13922,19
13923,1
13924,4
13925,4
13926,17
13927,17
13928,6
13929,7
13930,5
13931,4
13932,7
13933,1
13934,14
13935,8
13936,1
13937,5
13938,13
13939,2
13940,7
13941,16
13942,4
13943,18
13944,13
13945,21
13946,21
13947,7
13948,22
13949,8
13950,0
13951,11
13952,11
13953,17
13954,1
13955,22
13956,18
13957,0
13958,19
13959,20
13960,0
13961,15
13962,16
13963,12
13964,6
13965,10
13966,0
13967,6
13968,8
13969,2
13970,4
13971,6
13972,1
13973,9
13974,11
13975,17
13976,12
13977,22
13978,4
13979,11
13980,10
13981,23
13982,7
13983,6
13984,10
13985,4
13986,13
13987,22
13988,22
13989,7
13990,18
13991,4
13992,10
13993,16
13994,12
13995,0
13996,12
13997,16
13998,7
13999,18
14000,0
14001,16
14002,22
14003,2
14004,3
14005,15
14006,21
14007,0
14008,1
14009,4
14010,13
14011,11
14012,7
14013,4
14014,11
14015,6
14016,17
14017,18
14018,8
14019,8
14020,4
14021,1
14022,1
14023,22
14024,21
14025,1
14026,7
14027,7
14028,21
14029,4
14030,6
14031,2
14032,23
14033,15
14034,0
14035,4
14036,7
14037,15
14038,22
14039,17
14040,7
14041,20
14042,10
14043,1
14044,15
14045,7
14046,13
14047,13
14048,7
14049,1
14050,6
14051,12
14052,18
14053,12
14054,3
14055,13
14056,1
14057,16
14058,23
14059,3
14060,8
14061,2
14062,15
14063,5
14064,12
14065,7
14066,0
14067,7
14068,10
14069,15
14070,23
14071,7
14072,12
14073,18
14074,23
14075,7
14076,11
14077,19
14078,4
14079,1
14080,5
14081,17
14082,10
14083,12
14084,7
14085,12
14086,7
14087,11
14088,10
14089,1
14090,4
14091,7
14092,0
14093,5
14094,10
14095,8
14096,3
14097,15
14098,3
14099,20
14100,9
14101,13
14102,15
14103,1
14104,17
14105,23
14106,5
14107,8
14108,1
14109,11
14110,13
14111,0
14112,19
14113,7
14114,3
14115,15
14116,15
14117,19
14118,19
14119,15
14120,17
14121,9
14122,15
14123,6
14124,22
14125,7
14126,9
14127,12
14128,7
14129,3
14130,12
14131,7
14132,1
14133,7
14134,6
14135,3
14136,1
14137,10
14138,4
14139,7
14140,7
14141,1
14142,6
14143,4
14144,20
14145,3
14146,21
14147,7
14148,22
14149,7
14150,2
14151,20
14152,5
14153,7
14154,0
14155,5
14156,23
14157,19
14158,13
14159,7
14160,1
14161,10
14162,6
14163,17
14164,17
14165,10
14166,1
14167,12
14168,17
14169,22
14170,4
14171,19
14172,17
14173,19
14174,14
14175,14
14176,7
14177,13
14178,6
14179,13
14180,22
14181,0
14182,8
14183,5
14184,4
14185,1
14186,16
14187,10
14188,14
14189,8
14190,8
14191,16
14192,14
14193,17
14194,15
14195,1
14196,7
14197,2
14198,18
14199,17
14200,0
14201,6
14202,15
14203,7
14204,7
14205,21
14206,1
14207,6
14208,1
14209,12
14210,14
14211,0
14212,17
14213,1
14214,0
14215,8
14216,18
14217,22
14218,14
14219,22
14220,19
14221,1
14222,10
14223,13
14224,18
14225,9
14226,8
14227,9
14228,4
14229,11
14230,7
14231,1
14232,12
14233,15
14234,11
14235,7
14236,3
14237,18
14238,6
14239,7
14240,15
14241,13
14242,4
14243,18
14244,4
14245,9
14246,21
14247,6
14248,11
14249,7
14250,15
14251,3
14252,4
14253,8
14254,6
14255,3
14256,17
14257,19
14258,1
14259,11
14260,6
14261,13
14262,0
14263,19
14264,10
14265,0
14266,19
14267,12
14268,13
14269,19
14270,9
14271,9
14272,11
14273,7
14274,15
14275,14
14276,6
14277,1
14278,16
14279,18
14280,4
14281,1
14282,9
14283,0
14284,22
14285,4
14286,19
14287,17
14288,7
14289,19
14290,9
14291,4
14292,8
14293,13
14294,13
14295,0
14296,13
14297,23
14298,15
14299,8
14300,7
14301,7
14302,4
14303,13
14304,19
14305,15
14306,17
14307,5
14308,13
14309,20
14310,20
14311,6
14312,23
14313,6
14314,15
14315,15
14316,13
14317,18
14318,17
14319,1
14320,13
14321,17
14322,7
14323,4
14324,4
14325,18
14326,15
14327,8
14328,20
14329,4
14330,6
14331,15
14332,7
14333,21
14334,9
14335,15
14336,17
14337,12
14338,7
14339,23
14340,12
14341,8
14342,1
14343,15
14344,7
14345,14
14346,12
14347,3
14348,3
14349,13
14350,22
14351,8
14352,11
14353,1
14354,23
14355,7
14356,10
14357,5
14358,15
14359,21
14360,6
14361,11
14362,12
14363,23
14364,18
14365,12
14366,4
14367,4
14368,9
14369,6
14370,5
14371,4
14372,6
14373,22
14374,7
14375,9
14376,19
14377,2
14378,15
14379,23
14380,17
14381,10
14382,5
14383,16
14384,7
14385,4
14386,6
14387,15
14388,15
14389,18
14390,1
14391,18
14392,13
14393,8
14394,3
14395,6
14396,6
14397,15
14398,13
14399,14
14400,19
14401,11
14402,19
14403,14
14404,18
14405,10
14406,10
14407,10
14408,13
14409,0
14410,3
14411,0
14412,1
14413,20
14414,11
14415,20
14416,1
14417,7
14418,1
14419,7
14420,6
14421,17
14422,11
14423,11
14424,1
14425,13
14426,20
14427,11
14428,7
14429,1
14430,18
14431,7
14432,22
14433,0
14434,1
14435,1
14436,8
14437,9
14438,7
14439,9
14440,3
14441,4
14442,13
14443,7
14444,14
14445,5
14446,4
14447,0
14448,15
14449,4
14450,1
14451,12
14452,21
14453,11
14454,18
14455,7
14456,15
14457,14
14458,14
14459,21
14460,15
14461,7
14462,7
14463,6
14464,4
14465,16
14466,4
14467,4
14468,11
14469,7
14470,22
14471,10
14472,10
14473,12
14474,7
14475,18
14476,1
14477,6
14478,12
14479,14
14480,21
14481,10
14482,19
14483,12
14484,21
14485,18
14486,15
14487,4
14488,1
14489,6
14490,2
14491,9
14492,16
14493,7
14494,0
14495,6
14496,15
14497,22
14498,15
14499,7
14500,5
14501,7
14502,3
14503,0
14504,15
14505,7
14506,4
14507,19
14508,23
14509,9
14510,7
14511,19
14512,6
14513,12
14514,14
14515,22
14516,8
14517,1
14518,11
14519,4
14520,7
14521,7
14522,1
14523,21
14524,7
14525,20
14526,11
14527,21
14528,4
14529,0
14530,0
14531,8
14532,11
14533,0
14534,19
14535,22
14536,15
14537,1
14538,12
14539,13
14540,14
14541,5
14542,18
14543,14
14544,22
14545,15
14546,11
14547,11
14548,7
14549,10
14550,13
14551,19
14552,5
14553,3
14554,16
14555,4
14556,1
14557,19
14558,13
14559,12
14560,21
14561,21
14562,15
14563,4
14564,22
14565,0
14566,17
14567,7
14568,22
14569,19
14570,4
14571,0
14572,6
14573,7
14574,20
14575,21
14576,14
14577,12
14578,5
14579,17
14580,19
14581,4
14582,0
14583,7
14584,1
14585,12
14586,6
14587,12
14588,7
14589,9
14590,9
14591,5
14592,1
14593,9
14594,20
14595,15
14596,7
14597,16
14598,0
14599,10
14600,9
14601,8
14602,7
14603,5
14604,6
14605,10
14606,3
14607,4
14608,15
14609,6
14610,3
14611,11
14612,20
14613,17
14614,13
14615,19
14616,10
14617,3
14618,1
14619,15
14620,17
14621,10
14622,7
14623,13
14624,0
14625,1
14626,15
14627,9
14628,13
14629,17
14630,7
14631,19
14632,20
14633,10
14634,19
14635,16
14636,15
14637,19
14638,0
14639,19
14640,9
14641,9
14642,4
14643,7
14644,15
14645,15
14646,17
14647,1
14648,20
14649,16
14650,20
14651,11
14652,5
14653,10
14654,16
14655,20
14656,7
14657,15
14658,0
14659,4
14660,8
14661,19
14662,22
14663,5
14664,8
14665,16
14666,16
14667,17
14668,8
14669,6
14670,16
14671,22
14672,7
14673,21
14674,21
14675,18
14676,7
14677,15
14678,7
14679,1
14680,7
14681,4
14682,5
14683,4
14684,14
14685,9
14686,6
14687,2
14688,7
14689,16
14690,7
14691,19
14692,7
14693,7
14694,20
14695,7
14696,7
14697,1
14698,0
14699,5
14700,18
14701,1
14702,6
14703,4
14704,9
14705,15
14706,13
14707,17
14708,10
14709,13
14710,19
14711,1
14712,7
14713,13
14714,4
14715,8
14716,0
14717,16
14718,16
14719,15
14720,23
14721,7
14722,13
14723,23
14724,1
14725,8
14726,13
14727,5
14728,7
14729,21
14730,9
14731,9
14732,12
14733,14
14734,15
14735,15
14736,6
14737,16
14738,6
14739,7
14740,0
14741,22
14742,14
14743,15
14744,13
14745,22
14746,1
14747,22
14748,22
14749,1
14750,6
14751,8
14752,4
14753,4
14754,19
14755,7
14756,15
14757,19
14758,6
14759,7
14760,1
14761,22
14762,3
14763,17
14764,19
14765,17
14766,18
14767,17
14768,19
14769,6
14770,11
14771,8
14772,4
14773,1
14774,11
14775,15
14776,22
14777,20
14778,5
14779,8
14780,21
14781,19
14782,18
14783,5
14784,22
14785,21
14786,12
14787,18
14788,4
14789,17
14790,7
14791,5
14792,19
14793,0
14794,17
14795,11
14796,9
14797,3
14798,1
14799,10
14800,10
14801,18
14802,21
14803,1
14804,19
14805,7
14806,19
14807,1
14808,23
14809,1
14810,18
14811,1
14812,17
14813,18
14814,5
14815,18
14816,3
14817,13
14818,9
14819,7
14820,16
14821,21
14822,16
14823,7
14824,19
14825,17
14826,4
14827,4
14828,13
14829,10
14830,15
14831,7
14832,13
14833,7
14834,7
14835,6
14836,13
14837,6
14838,6
14839,4
14840,7
14841,23
14842,7
14843,11
14844,10
14845,6
14846,0
14847,13
14848,13
14849,11
14850,13
14851,18
14852,20
14853,5
14854,12
14855,20
14856,22
14857,11
14858,15
14859,15
14860,13
14861,0
14862,7
14863,6
14864,0
14865,21
14866,23
14867,6
14868,22
14869,4
14870,14
14871,4
14872,22
14873,19
14874,19
14875,5
14876,3
14877,11
14878,20
14879,2
14880,14
14881,20
14882,10
14883,7
14884,9
14885,15
14886,8
14887,4
14888,15
14889,7
14890,13
14891,15
14892,0
14893,0
14894,15
14895,5
14896,2
14897,12
14898,8
14899,22
14900,3
14901,0
14902,17
14903,10
14904,4
14905,3
14906,1
14907,1
14908,0
14909,21
14910,17
14911,3
14912,22
14913,22
14914,11
14915,20
14916,7
14917,5
14918,20
14919,20
14920,14
14921,8
14922,11
14923,22
14924,4
14925,3
14926,7
14927,16
14928,7
14929,6
14930,21
14931,22
14932,23
14933,19
14934,22
14935,22
14936,15
14937,4
14938,1
14939,16
14940,11
14941,12
14942,19
14943,15
14944,8
14945,15
14946,5
14947,18
14948,5
14949,22
14950,7
14951,1
14952,9
14953,12
14954,12
14955,13
14956,3
14957,11
14958,18
14959,13
14960,6
14961,13
14962,20
14963,6
14964,19
14965,4
14966,5
14967,12
14968,3
14969,7
14970,0
14971,20
14972,23
14973,21
14974,11
14975,4
14976,20
14977,13
14978,2
14979,13
14980,1
14981,19
14982,7
14983,4
14984,18
14985,10
14986,10
14987,7
14988,13
14989,4
14990,9
14991,6
14992,13
14993,1
14994,8
14995,10
14996,10
14997,7
14998,6
14999,12
15000,23
15001,4
15002,17
15003,1
15004,0
15005,7
15006,13
15007,17
15008,4
15009,22
15010,7
15011,1
15012,5
15013,6
15014,17
15015,7
15016,10
15017,21
15018,13
15019,8
15020,7
15021,18
15022,10
15023,0
15024,4
15025,7
15026,1
15027,3
15028,23
15029,6
15030,7
15031,8
15032,8
15033,8
15034,11
15035,9
15036,0
15037,3
15038,20
15039,10
15040,12
15041,11
15042,21
15043,4
15044,2
15045,3
15046,17
15047,9
15048,7
15049,15
15050,4
15051,12
15052,4
15053,6
15054,0
15055,4
15056,14
15057,0
15058,0
15059,7
15060,7
15061,15
15062,18
15063,23
15064,22
15065,6
15066,15
15067,13
15068,19
15069,13
15070,13
15071,10
15072,7
15073,9
15074,9
15075,20
15076,11
15077,7
15078,19
15079,19
15080,1
15081,19
15082,0
15083,16
15084,14
15085,15
15086,18
15087,7
15088,17
15089,18
15090,15
15091,0
15092,7
15093,0
15094,4
15095,9
15096,18
15097,21
15098,0
15099,12
15100,19
15101,15
15102,7
15103,15
15104,4
15105,11
15106,15
15107,20
15108,8
15109,11
15110,1
15111,3
15112,6
15113,17
15114,0
15115,8
15116,12
15117,20
15118,7
15119,0
15120,1
15121,7
15122,13
15123,4
15124,7
15125,5
15126,23
15127,8
15128,12
15129,14
15130,13
15131,7
15132,2
15133,15
15134,22
15135,14
15136,16
15137,16
15138,0
15139,7
15140,1
15141,9
15142,4
15143,21
15144,11
15145,11
15146,22
15147,19
15148,13
15149,13
15150,15
15151,15
15152,1
15153,21
15154,11
15155,21
15156,13
15157,1
15158,8
15159,4
15160,19
15161,15
15162,19
15163,21
15164,13
15165,3
15166,19
15167,15
15168,1
15169,6
15170,14
15171,10
15172,3
15173,10
15174,4
15175,13
15176,7
15177,23
15178,8
15179,20
15180,19
15181,15
15182,11
15183,4
15184,11
15185,23
15186,15
15187,9
15188,15
15189,18
15190,12
15191,4
15192,21
15193,20
15194,4
15195,20
15196,1
15197,7
15198,11
15199,2
15200,18
15201,20
15202,8
15203,15
15204,8
15205,1
15206,7
15207,13
15208,22
15209,10
15210,5
15211,19
15212,19
15213,7
15214,15
15215,21
15216,6
15217,5
15218,19
15219,17
15220,9
15221,9
15222,15
15223,0
15224,16
15225,21
15226,19
15227,0
15228,16
15229,7
15230,13
15231,0
15232,6
15233,19
15234,14
15235,16
15236,5
15237,21
15238,19
15239,5
15240,10
15241,1
15242,20
15243,8
15244,5
15245,17
15246,3
15247,15
15248,1
15249,8
15250,23
15251,7
15252,22
15253,4
15254,7
15255,15
15256,14
15257,11
15258,1
15259,16
15260,8
15261,19
15262,4
15263,21
15264,19
15265,0
15266,16
15267,2
15268,23
15269,15
15270,2
15271,13
15272,5
15273,12
15274,0
15275,19
15276,9
15277,14
15278,23
15279,15
15280,9
15281,7
15282,5
15283,14
15284,12
15285,6
15286,13
15287,19
15288,22
15289,20
15290,17
15291,17
15292,4
15293,11
15294,13
15295,16
15296,21
15297,6
15298,4
15299,10
15300,16
15301,15
15302,13
15303,22
15304,11
15305,19
15306,22
15307,16
15308,18
15309,16
15310,0
15311,0
15312,10
15313,20
15314,4
15315,5
15316,0
15317,9
15318,12
15319,3
15320,12
15321,13
15322,5
15323,1
15324,6
15325,15
15326,1
15327,3
15328,7
15329,12
15330,21
15331,9
15332,19
15333,15
15334,19
15335,19
15336,17
15337,7
15338,7
15339,18
15340,14
15341,20
15342,7
15343,16
15344,6
15345,15
15346,17
15347,1
15348,7
15349,1
15350,9
15351,22
15352,16
15353,8
15354,7
15355,13
15356,23
15357,20
15358,11
15359,19
15360,17
15361,15
15362,11
15363,5
15364,20
15365,6
15366,6
15367,8
15368,18
15369,17
15370,23
15371,4
15372,13
15373,1
15374,19
15375,6
15376,14
15377,13
15378,4
15379,10
15380,19
15381,11
15382,7
15383,7
15384,12
15385,23
15386,19
15387,6
15388,19
15389,12
15390,7
15391,4
15392,19
15393,20
15394,18
15395,16
15396,8
15397,16
15398,20
15399,12
15400,12
15401,7
15402,21
15403,6
15404,12
15405,23
15406,18
15407,19
15408,0
15409,9
15410,22
15411,7
15412,22
15413,22
15414,21
15415,9
15416,7
15417,4
15418,0
15419,17
15420,4
15421,12
15422,13
15423,18
15424,12
15425,13
15426,10
15427,7
15428,4
15429,7
15430,7
15431,19
15432,5
15433,13
15434,7
15435,11
15436,20
15437,7
15438,22
15439,15
15440,2
15441,22
15442,19
15443,7
15444,7
15445,12
15446,4
15447,21
15448,5
15449,15
15450,20
15451,2
15452,17
15453,14
15454,10
15455,17
15456,20
15457,1
15458,4
15459,18
15460,7
15461,20
15462,22
15463,4
15464,6
15465,14
15466,16
15467,23
15468,22
15469,13
15470,4
15471,13
15472,15
15473,4
15474,5
15475,4
15476,5
15477,20
15478,0
15479,1
15480,15
15481,0
15482,17
15483,3
15484,5
15485,19
15486,0
15487,16
15488,11
15489,19
15490,20
15491,6
15492,11
15493,11
15494,11
15495,1
15496,4
15497,7
15498,13
15499,20
15500,1
15501,0
15502,1
15503,15
15504,14
15505,15
15506,15
15507,14
15508,15
15509,7
15510,23
15511,7
15512,3
15513,17
15514,4
15515,14
15516,1
15517,19
15518,13
15519,15
15520,19
15521,8
15522,13
15523,16
15524,22
15525,4
15526,0
15527,10
15528,1
15529,23
15530,13
15531,8
15532,16
15533,6
15534,13
15535,0
15536,0
15537,22
15538,21
15539,4
15540,14
15541,21
15542,8
15543,17
15544,14
15545,1
15546,0
15547,11
15548,20
15549,19
15550,15
15551,18
15552,13
15553,20
15554,2
15555,18
15556,9
15557,10
15558,18
15559,23
15560,13
15561,7
15562,2
15563,15
15564,1
15565,22
15566,10
15567,11
15568,14
15569,3
15570,3
15571,22
15572,9
15573,17
15574,4
15575,10
15576,1
15577,16
15578,12
15579,10
15580,15
15581,5
15582,12
15583,4
15584,0
15585,19
15586,9
15587,13
15588,14
15589,22
15590,12
15591,11
15592,6
15593,1
15594,11
15595,6
15596,1
15597,4
15598,18
15599,8
15600,11
15601,15
15602,5
15603,6
15604,13
15605,9
15606,19
15607,6
15608,4
15609,21
15610,5
15611,2
15612,15
15613,15
15614,22
15615,23
15616,17
15617,5
15618,6
15619,1
15620,22
15621,10
15622,7
15623,5
15624,0
15625,3
15626,7
15627,15
15628,0
15629,20
15630,22
15631,20
15632,13
15633,10
15634,11
15635,4
15636,8
15637,0
15638,3
15639,19
15640,7
15641,16
15642,20
15643,11
15644,9
15645,4
15646,10
15647,7
15648,3
15649,22
15650,12
15651,1
15652,10
15653,21
15654,23
15655,1
15656,6
15657,22
15658,10
15659,9
15660,10
15661,1
15662,20
15663,12
15664,17
15665,1
15666,16
15667,6
15668,19
15669,22
15670,7
15671,22
15672,7
15673,19
15674,7
15675,18
15676,21
15677,6
15678,14
15679,4
15680,4
15681,17
15682,9
15683,14
15684,13
15685,18
15686,12
15687,6
15688,17
15689,11
15690,14
15691,13
15692,12
15693,17
15694,10
15695,1
15696,14
15697,15
15698,17
15699,16
15700,0
15701,10
15702,7
15703,11
15704,21
15705,9
15706,6
15707,14
15708,12
15709,18
15710,1
15711,5
15712,2
15713,1
15714,14
15715,11
15716,11
15717,6
15718,3
15719,15
15720,16
15721,4
15722,10
15723,0
15724,6
15725,17
15726,0
15727,6
15728,7
15729,22
15730,9
15731,21
15732,6
15733,19
15734,17
15735,11
15736,20
15737,15
15738,6
15739,10
15740,8
15741,22
15742,15
15743,9
15744,11
15745,8
15746,7
15747,23
15748,6
15749,17
15750,1
15751,15
15752,9
15753,23
15754,11
15755,22
15756,7
15757,21
15758,0
15759,5
15760,14
15761,9
15762,22
15763,0
15764,18
15765,17
15766,9
15767,16
15768,4
15769,9
15770,8
15771,12
15772,22
15773,13
15774,7
15775,16
15776,5
15777,6
15778,3
15779,2
15780,7
15781,23
15782,15
15783,9
15784,7
15785,12
15786,13
15787,4
15788,8
15789,3
15790,0
15791,7
15792,7
15793,15
15794,9
15795,13
15796,13
15797,4
15798,20
15799,16
15800,19
15801,0
15802,11
15803,15
15804,7
15805,14
15806,18
15807,1
15808,5
15809,15
15810,12
15811,13
15812,5
15813,15
15814,3
15815,14
15816,22
15817,18
15818,16
15819,10
15820,7
15821,3
15822,4
15823,18
15824,7
15825,19
15826,20
15827,3
15828,18
15829,16
15830,1
15831,19
15832,5
15833,23
15834,12
15835,17
15836,19
15837,11
15838,0
15839,3
15840,7
15841,6
15842,19
15843,13
15844,14
15845,21
15846,10
15847,17
15848,6
15849,7
15850,22
15851,7
15852,4
15853,11
15854,5
15855,8
15856,22
15857,3
15858,18
15859,1
15860,9
15861,6
15862,20
15863,13
15864,23
15865,10
15866,22
15867,9
15868,3
15869,11
15870,12
15871,21
15872,7
15873,22
15874,2
15875,17
15876,13
15877,8
15878,21
15879,20
15880,7
15881,18
15882,13
15883,20
15884,7
15885,6
15886,7
15887,11
15888,7
15889,10
15890,13
15891,12
15892,23
15893,13
15894,7
15895,19
15896,17
15897,12
15898,13
15899,17
15900,11
15901,8
15902,21
15903,13
15904,0
15905,15
15906,4
15907,6
15908,23
15909,8
15910,0
15911,7
15912,1
15913,15
15914,17
15915,19
15916,5
15917,4
15918,5
15919,6
15920,6
15921,18
15922,14
15923,3
15924,15
15925,0
15926,1
15927,10
15928,23
15929,20
15930,1
15931,15
15932,19
15933,20
15934,7
15935,3
15936,7
15937,19
15938,13
15939,7
15940,5
15941,0
15942,6
15943,11
15944,19
15945,16
15946,4
15947,13
15948,19
15949,4
15950,22
15951,0
15952,8
15953,7
15954,5
15955,8
15956,3
15957,4
15958,5
15959,18
15960,16
15961,15
15962,6
15963,13
15964,7
15965,17
15966,7
15967,18
15968,1
15969,11
15970,15
15971,4
15972,7
15973,3
15974,20
15975,19
15976,0
15977,12
15978,7
15979,19
15980,17
15981,11
15982,6
15983,12
15984,4
15985,10
15986,4
15987,1
15988,11
15989,6
15990,17
15991,23
15992,17
15993,13
15994,11
15995,14
15996,22
15997,16
15998,15
15999,7
16000,6
16001,5
16002,4
16003,7
16004,21
16005,12
16006,16
16007,18
16008,7
16009,4
16010,12
16011,1
16012,19
16013,14
16014,0
16015,15
16016,4
16017,7
16018,6
16019,19
16020,7
16021,7
16022,11
16023,1
16024,3
16025,13
16026,1
16027,19
16028,0
16029,10
16030,10
16031,4
16032,17
16033,5
16034,17
16035,2
16036,9
16037,3
16038,17
16039,0
16040,8
16041,10
16042,13
16043,16
16044,17
16045,10
16046,12
16047,13
16048,10
16049,7
16050,15
16051,11
16052,6
16053,15
16054,22
16055,0
16056,4
16057,21
16058,19
16059,8
16060,17
16061,0
16062,0
16063,16
16064,22
16065,1
16066,4
16067,1
16068,15
16069,18
16070,7
16071,15
16072,1
16073,23
16074,7
16075,18
16076,17
16077,6
16078,7
16079,5
16080,7
16081,10
16082,9
16083,13
16084,20
16085,1
16086,7
16087,22
16088,14
16089,22
16090,7
16091,0
16092,20
16093,15
16094,2
16095,4
16096,0
16097,10
16098,13
16099,19
16100,15
16101,17
16102,15
16103,1
16104,21
16105,19
16106,12
16107,19
16108,8
16109,10
16110,15
16111,12
16112,19
16113,3
16114,1
16115,7
16116,12
16117,12
16118,7
16119,15
16120,8
16121,19
16122,19
16123,19
16124,11
16125,7
16126,8
16127,15
16128,13
16129,7
16130,19
16131,1
16132,22
16133,21
16134,23
16135,8
16136,23
16137,4
16138,2
16139,1
16140,7
16141,4
16142,10
16143,22
16144,11
16145,12
16146,5
16147,12
16148,13
16149,21
16150,17
16151,4
16152,6
16153,13
16154,8
16155,23
16156,14
16157,22
16158,1
16159,18
16160,4
16161,6
16162,8
16163,1
16164,12
16165,18
16166,11
16167,16
16168,9
16169,1
16170,17
16171,16
16172,5
16173,22
16174,13
16175,15
16176,0
16177,5
16178,18
16179,10
16180,15
16181,7
16182,7
16183,19
16184,18
16185,8
16186,6
16187,7
16188,0
16189,1
16190,22
16191,15
16192,13
16193,9
16194,12
16195,14
16196,1
16197,14
16198,14
16199,4
16200,14
16201,7
16202,4
16203,5
16204,12
16205,0
16206,17
16207,20
16208,5
16209,22
16210,12
16211,11
16212,11
16213,4
16214,21
16215,22
16216,10
16217,18
16218,8
16219,16
16220,14
16221,7
16222,4
16223,5
16224,16
16225,9
16226,18
16227,1
16228,7
16229,23
16230,15
16231,19
16232,11
16233,13
16234,11
16235,5
16236,1
16237,13
16238,15
16239,19
16240,1
16241,4
16242,11
16243,8
16244,16
16245,10
16246,20
16247,15
16248,5
16249,10
16250,5
16251,20
16252,4
16253,7
16254,13
16255,13
16256,21
16257,0
16258,7
16259,7
16260,7
16261,22
16262,19
16263,12
16264,13
16265,7
16266,15
16267,5
16268,15
16269,11
16270,8
16271,13
16272,1
16273,13
16274,17
16275,11
16276,7
16277,7
16278,12
16279,7
16280,11
16281,16
16282,7
16283,18
16284,8
16285,13
16286,14
16287,22
16288,4
16289,4
16290,22
16291,7
16292,14
16293,13
16294,15
16295,6
16296,1
16297,17
16298,3
16299,12
16300,4
16301,7
16302,11
16303,8
16304,19
16305,13
16306,2
16307,0
16308,8
16309,6
16310,5
16311,7
16312,15
16313,5
16314,4
16315,11
16316,9
16317,20
16318,13
16319,3
16320,3
16321,19
16322,8
16323,22
16324,0
16325,4
16326,11
16327,15
16328,7
16329,0
16330,9
16331,19
16332,4
16333,12
16334,19
16335,16
16336,22
16337,21
16338,4
16339,19
16340,13
16341,13
16342,1
16343,17
16344,14
16345,1
16346,6
16347,6
16348,9
16349,19
16350,13
16351,22
16352,1
16353,19
16354,6
16355,3
16356,7
16357,22
16358,17
16359,15
16360,19
16361,14
16362,5
16363,1
16364,0
16365,17
16366,17
16367,8
16368,21
16369,10
16370,19
16371,4
16372,4
16373,21
16374,17
16375,14
16376,0
16377,7
16378,12
16379,1
16380,23
16381,17
16382,15
16383,18
16384,17
16385,4
16386,19
16387,19
16388,5
16389,10
16390,14
16391,4
16392,3
16393,15
16394,12
16395,5
16396,6
16397,13
16398,0
16399,17
16400,10
16401,7
16402,10
16403,20
16404,7
16405,19
16406,14
16407,17
16408,15
16409,8
16410,18
16411,7
16412,12
16413,19
16414,23
16415,7
16416,21
16417,17
16418,19
16419,21
16420,10
16421,1
16422,6
16423,7
16424,5
16425,17
16426,22
16427,23
16428,4
16429,7
16430,9
16431,17
16432,15
16433,21
16434,4
16435,13
16436,8
16437,17
16438,17
16439,16
16440,22
16441,1
16442,21
16443,4
16444,20
16445,13
16446,5
16447,11
16448,21
16449,21
16450,23
16451,21
16452,1
16453,7
16454,11
16455,4
16456,5
16457,17
16458,19
16459,22
16460,6
16461,0
16462,10
16463,21
16464,10
16465,21
16466,12
16467,19
16468,15
16469,11
16470,10
16471,13
16472,18
16473,0
16474,20
16475,21
16476,16
16477,6
16478,18
16479,2
16480,23
16481,7
16482,23
16483,7
16484,3
16485,17
16486,12
16487,4
16488,5
16489,17
16490,6
16491,18
16492,17
16493,17
16494,10
16495,19
16496,0
16497,22
16498,7
16499,18
16500,10
16501,15
16502,13
16503,6
16504,13
16505,9
16506,9
16507,0
16508,0
16509,17
16510,3
16511,21
16512,12
16513,7
16514,19
16515,17
16516,7
16517,15
16518,16
16519,5
16520,7
16521,22
16522,10
16523,11
16524,7
16525,14
16526,5
16527,20
16528,11
16529,13
16530,2
16531,13
16532,10
16533,12
16534,12
16535,11
16536,7
16537,7
16538,13
16539,16
16540,6
16541,21
16542,7
16543,2
16544,9
16545,14
16546,23
16547,14
16548,8
16549,16
16550,5
16551,4
16552,10
16553,23
16554,6
16555,17
16556,18
16557,7
16558,9
16559,0
16560,9
16561,3
16562,7
16563,15
16564,11
16565,11
16566,13
16567,14
16568,23
16569,21
16570,8
16571,0
16572,19
16573,21
16574,18
16575,20
16576,16
16577,21
16578,13
16579,20
16580,16
16581,15
16582,6
16583,0
16584,2
16585,6
16586,23
16587,13
16588,21
16589,5
16590,9
16591,13
16592,19
16593,6
16594,22
16595,6
16596,15
16597,22
16598,7
16599,20
16600,6
16601,20
16602,15
16603,18
16604,7
16605,17
16606,19
16607,0
16608,7
16609,7
16610,20
16611,18
16612,19
16613,13
16614,11
16615,8
16616,18
16617,7
16618,22
16619,7
16620,20
16621,7
16622,20
16623,16
16624,12
16625,6
16626,19
16627,21
16628,19
16629,3
16630,13
16631,14
16632,19
16633,17
16634,10
16635,5
16636,1
16637,18
16638,11
16639,5
16640,7
16641,0
16642,19
16643,4
16644,12
16645,11
16646,22
16647,16
16648,7
16649,13
16650,0
16651,4
16652,12
16653,15
16654,5
16655,1
16656,6
16657,4
16658,16
16659,13
16660,8
16661,15
16662,0
16663,12
16664,23
16665,18
16666,17
16667,16
16668,5
16669,4
16670,1
16671,6
16672,0
16673,7
16674,15
16675,4
16676,23
16677,6
16678,4
16679,8
16680,3
16681,7
16682,2
16683,22
16684,19
16685,7
16686,0
16687,20
16688,6
16689,4
16690,1
16691,0
16692,1
16693,14
16694,1
16695,22
16696,11
16697,5
16698,14
16699,0
16700,7
16701,6
16702,22
16703,0
16704,16
16705,10
16706,7
16707,3
16708,16
16709,20
16710,0
16711,12
16712,18
16713,21
16714,4
16715,10
16716,4
16717,23
16718,14
16719,1
16720,23
16721,15
16722,9
16723,22
16724,20
16725,1
16726,7
16727,13
16728,10
16729,15
16730,4
16731,5
16732,19
16733,22
16734,20
16735,0
16736,21
16737,6
16738,6
16739,10
16740,7
16741,23
16742,15
16743,7
16744,23
16745,11
16746,7
16747,1
16748,8
16749,16
16750,7
16751,7
16752,5
16753,18
16754,0
16755,15
16756,21
16757,21
16758,6
16759,3
16760,19
16761,18
16762,7
16763,1
16764,15
16765,15
16766,5
16767,10
16768,0
16769,15
16770,13
16771,10
16772,13
16773,7
16774,3
16775,13
16776,7
16777,16
16778,7
16779,1
16780,5
16781,14
16782,3
16783,4
16784,7
16785,0
16786,15
16787,10
16788,22
16789,15
16790,4
16791,7
16792,20
16793,17
16794,19
16795,4
16796,4
16797,16
16798,1
16799,5
16800,6
16801,5
16802,6
16803,1
16804,22
16805,11
16806,1
16807,3
16808,22
16809,20
16810,7
16811,19
16812,22
16813,15
16814,15
16815,0
16816,3
16817,8
16818,14
16819,15
16820,21
16821,0
16822,0
16823,6
16824,12
16825,4
16826,18
16827,15
16828,13
16829,17
16830,19
16831,7
16832,22
16833,4
16834,14
16835,7
16836,4
16837,4
16838,4
16839,8
16840,9
16841,9
16842,6
16843,5
16844,8
16845,1
16846,15
16847,20
16848,5
16849,6
16850,15
16851,14
16852,21
16853,14
16854,13
16855,13
16856,3
16857,16
16858,10
16859,17
16860,1
16861,9
16862,1
16863,13
16864,21
16865,17
16866,13
16867,6
16868,13
16869,23
16870,11
16871,4
16872,22
16873,23
16874,22
16875,10
16876,0
16877,8
16878,12
16879,4
16880,1
16881,14
16882,19
16883,10
16884,3
16885,11
16886,8
16887,13
16888,13
16889,9
16890,4
16891,9
16892,22
16893,11
16894,10
16895,22
16896,0
16897,11
16898,14
16899,14
16900,0
16901,22
16902,13
16903,14
16904,5
16905,5
16906,1
16907,16
16908,5
16909,9
16910,22
16911,13
16912,12
16913,1
16914,7
16915,1
16916,1
16917,6
16918,10
16919,10
16920,1
16921,0
16922,0
16923,16
16924,20
16925,7
16926,4
16927,6
16928,9
16929,6
16930,14
16931,2
16932,19
16933,1
16934,17
16935,22
16936,19
16937,7
16938,22
16939,11
16940,21
16941,12
16942,6
16943,19
16944,16
16945,17
16946,12
16947,4
16948,13
16949,18
16950,11
16951,7
16952,13
16953,10
16954,13
16955,6
16956,5
16957,4
16958,7
16959,13
16960,5
16961,17
16962,18
16963,9
16964,13
16965,7
16966,22
16967,4
16968,17
16969,18
16970,4
16971,22
16972,6
16973,21
16974,11
16975,15
16976,7
16977,13
16978,23
16979,17
16980,19
16981,16
16982,13
16983,10
16984,0
16985,16
16986,0
16987,5
16988,14
16989,7
16990,22
16991,23
16992,14
16993,11
16994,11
16995,15
16996,21
16997,4
16998,7
16999,4
17000,21
17001,22
17002,23
17003,5
17004,21
17005,20
17006,7
17007,0
17008,19
17009,0
17010,12
17011,7
17012,12
17013,8
17014,11
17015,4
17016,19
17017,11
17018,22
17019,11
17020,21
17021,13
17022,16
17023,7
17024,4
17025,1
17026,18
17027,7
17028,12
17029,0
17030,5
17031,18
17032,18
17033,0
17034,23
17035,4
17036,1
17037,23
17038,1
17039,6
17040,15
17041,20
17042,16
17043,13
17044,18
17045,23
17046,11
17047,14
17048,16
17049,1
17050,2
17051,22
17052,15
17053,16
17054,2
17055,13
17056,19
17057,5
17058,22
17059,13
17060,17
17061,15
17062,19
17063,9
17064,4
17065,5
17066,10
17067,10
17068,19
17069,10
17070,11
17071,6
17072,0
17073,13
17074,4
17075,13
17076,3
17077,4
17078,20
17079,16
17080,11
17081,18
17082,22
17083,7
17084,4
17085,15
17086,17
17087,13
17088,10
17089,11
17090,19
17091,21
17092,14
17093,7
17094,13
17095,2
17096,15
17097,22
17098,13
17099,6
17100,16
17101,22
17102,4
17103,5
17104,2
17105,19
17106,7
17107,11
17108,0
17109,4
17110,6
17111,15
17112,0
17113,0
17114,11
17115,13
17116,1
17117,7
17118,12
17119,17
17120,6
17121,20
17122,6
17123,21
17124,8
17125,16
17126,14
17127,18
17128,22
17129,13
17130,15
17131,9
17132,1
17133,14
17134,8
17135,14
17136,6
17137,16
17138,23
17139,22
17140,19
17141,7
17142,13
17143,19
17144,19
17145,0
17146,18
17147,22
17148,4
17149,1
17150,4
17151,17
17152,17
17153,11
17154,23
17155,7
17156,11
17157,7
17158,12
17159,0
17160,7
17161,10
17162,13
17163,18
17164,18
17165,17
17166,19
17167,6
17168,19
17169,17
17170,13
17171,4
17172,12
17173,19
17174,2
17175,4
17176,15
17177,1
17178,20
17179,17
17180,12
17181,14
17182,11
17183,13
17184,19
17185,10
17186,10
17187,6
17188,13
17189,15
17190,19
17191,4
17192,21
17193,7
17194,10
17195,19
17196,11
17197,0
17198,4
17199,4
17200,21
17201,8
17202,17
17203,17
17204,7
17205,5
17206,15
17207,1
17208,21
17209,21
17210,23
17211,7
17212,11
17213,8
17214,17
17215,13
17216,4
17217,20
17218,22
17219,20
17220,5
17221,13
17222,5
17223,4
17224,23
17225,4
17226,6
17227,10
17228,9
17229,5
17230,13
17231,8
17232,1
17233,19
17234,12
17235,9
17236,12
17237,3
17238,8
17239,12
17240,3
17241,5
17242,5
17243,4
17244,22
17245,9
17246,13
17247,4
17248,13
17249,15
17250,9
17251,7
17252,5
17253,11
17254,16
17255,19
17256,9
17257,13
17258,15
17259,19
17260,2
17261,6
17262,0
17263,4
17264,12
17265,13
17266,14
17267,7
17268,21
17269,15
17270,6
17271,11
17272,5
17273,0
17274,13
17275,15
17276,22
17277,3
17278,0
17279,18
17280,13
17281,3
17282,7
17283,6
17284,15
17285,3
17286,11
17287,10
17288,19
17289,1
17290,20
17291,1
17292,1
17293,4
17294,19
17295,6
17296,1
17297,15
17298,4
17299,19
17300,6
17301,18
17302,1
17303,17
17304,4
17305,4
17306,4
17307,3
17308,7
17309,17
17310,13
17311,15
17312,5
17313,15
17314,7
17315,1
17316,9
17317,0
17318,8
17319,0
17320,19
17321,22
17322,9
17323,10
17324,15
17325,3
17326,10
17327,15
17328,1
17329,14
17330,7
17331,4
17332,22
17333,10
17334,19
17335,11
17336,8
17337,0
17338,3
17339,15
17340,15
17341,18
17342,4
17343,20
17344,15
17345,6
17346,5
17347,13
17348,4
17349,13
17350,11
17351,11
17352,8
17353,7
17354,6
17355,2
17356,12
17357,14
17358,0
17359,17
17360,22
17361,5
17362,13
17363,23
17364,15
17365,5
17366,20
17367,1
17368,4
17369,18
17370,1
17371,12
17372,0
17373,15
17374,3
17375,9
17376,18
17377,7
17378,19
17379,3
17380,22
17381,6
17382,11
17383,22
17384,10
17385,13
17386,7
17387,1
17388,8
17389,11
17390,1
17391,1
17392,11
17393,1
17394,18
17395,11
17396,13
17397,13
17398,10
17399,19
17400,19
17401,4
17402,4
17403,0
17404,15
17405,6
17406,18
17407,7
17408,16
17409,5
17410,20
17411,12
17412,17
17413,18
17414,21
17415,7
17416,10
17417,18
17418,10
17419,1
17420,4
17421,23
17422,13
17423,11
17424,3
17425,7
17426,0
17427,19
17428,7
17429,10
17430,21
17431,19
17432,1
17433,17
17434,6
17435,12
17436,16
17437,7
17438,12
17439,14
17440,9
17441,14
17442,12
17443,20
17444,11
17445,15
17446,12
17447,7
17448,23
17449,12
17450,8
17451,12
17452,16
17453,8
17454,14
17455,3
17456,16
17457,21
17458,15
17459,17
17460,1
17461,8
17462,7
17463,12
17464,5
17465,15
17466,20
17467,4
17468,22
17469,11
17470,4
17471,19
17472,1
17473,10
17474,22
17475,16
17476,1
17477,22
17478,7
17479,15
17480,3
17481,5
17482,7
17483,17
17484,18
17485,19
17486,17
17487,15
17488,19
17489,21
17490,8
17491,8
17492,13
17493,4
17494,12
17495,7
17496,7
17497,13
17498,10
17499,3
17500,5
17501,5
17502,15
17503,18
17504,4
17505,11
17506,17
17507,10
17508,19
17509,0
17510,0
17511,16
17512,7
17513,0
17514,10
17515,8
17516,0
17517,7
17518,14
17519,4
17520,14
17521,12
17522,16
17523,18
17524,23
17525,11
17526,22
17527,1
17528,20
17529,13
17530,1
17531,16
17532,10
17533,17
17534,1
17535,17
17536,17
17537,0
17538,12
17539,1
17540,18
17541,18
17542,4
17543,11
17544,17
17545,13
17546,15
17547,4
17548,14
17549,14
17550,12
17551,5
17552,5
17553,21
17554,0
17555,12
17556,21
17557,18
17558,6
17559,18
17560,15
17561,5
17562,23
17563,9
17564,17
17565,10
17566,6
17567,21
17568,21
17569,15
17570,22
17571,1
17572,20
17573,7
17574,13
17575,0
17576,1
17577,22
17578,23
17579,22
17580,23
17581,4
17582,5
17583,8
17584,6
17585,0
17586,5
17587,17
17588,3
17589,13
17590,8
17591,3
17592,19
17593,19
17594,13
17595,21
17596,15
17597,15
17598,17
17599,11
17600,4
17601,20
17602,1
17603,14
17604,18
17605,14
17606,13
17607,1
17608,7
17609,15
17610,20
17611,13
17612,14
17613,14
17614,22
17615,20
17616,11
17617,10
17618,18
17619,16
17620,9
17621,19
17622,11
17623,17
17624,1
17625,7
17626,13
17627,6
17628,6
17629,10
17630,4
17631,2
17632,7
17633,13
17634,13
17635,2
17636,20
17637,23
17638,4
17639,13
17640,18
17641,5
17642,1
17643,10
17644,10
17645,22
17646,19
17647,13
17648,13
17649,4
17650,13
17651,15
17652,4
17653,9
17654,15
17655,15
17656,22
17657,22
17658,21
17659,19
17660,19
17661,1
17662,9
17663,13
17664,16
17665,15
17666,7
17667,15
17668,18
17669,21
17670,3
17671,7
17672,17
17673,15
17674,16
17675,1
17676,4
17677,21
17678,13
17679,9
17680,12
17681,11
17682,19
17683,5
17684,15
17685,22
17686,22
17687,15
17688,13
17689,21
17690,16
17691,0
17692,18
17693,15
17694,0
17695,1
17696,11
17697,13
17698,1
17699,11
17700,19
17701,15
17702,10
17703,7
17704,7
17705,4
17706,15
17707,8
17708,21
17709,8
17710,18
17711,7
17712,13
17713,14
17714,18
17715,7
17716,7
17717,16
17718,10
17719,19
17720,18
17721,10
17722,21
17723,19
17724,1
17725,12
17726,6
17727,6
17728,10
17729,0
17730,12
17731,5
17732,14
17733,21
17734,3
17735,19
17736,15
17737,13
17738,1
17739,4
17740,13
17741,4
17742,19
17743,4
17744,7
17745,9
17746,20
17747,13
17748,22
17749,12
17750,8
17751,7
17752,19
17753,15
17754,15
17755,12
17756,5
17757,6
17758,18
17759,15
17760,0
17761,18
17762,0
17763,10
17764,7
17765,13
17766,22
17767,22
17768,23
17769,13
17770,7
17771,19
17772,15
17773,7
17774,9
17775,6
17776,12
17777,10
17778,7
17779,7
17780,6
17781,18
17782,16
17783,3
17784,5
17785,17
17786,1
17787,22
17788,12
17789,15
17790,1
17791,8
17792,1
17793,7
17794,7
17795,8
17796,13
17797,18
17798,1
17799,14
17800,7
17801,6
17802,9
17803,5
17804,5
17805,7
17806,10
17807,1
17808,6
17809,17
17810,22
17811,1
17812,15
17813,18
17814,6
17815,15
17816,12
17817,1
17818,12
17819,17
17820,13
17821,20
17822,17
17823,7
17824,4
17825,17
17826,9
17827,7
17828,1
17829,15
17830,7
17831,14
17832,12
17833,4
17834,10
17835,13
17836,7
17837,6
17838,21
17839,18
17840,13
17841,15
17842,13
17843,6
17844,5
17845,15
17846,2
17847,17
17848,15
17849,22
17850,8
17851,13
17852,0
17853,3
17854,19
17855,15
17856,20
17857,19
17858,15
17859,14
17860,13
17861,0
17862,12
17863,4
17864,10
17865,13
17866,7
17867,23
17868,0
17869,1
17870,3
17871,4
17872,19
17873,0
17874,15
17875,1
17876,6
17877,22
17878,9
17879,1
17880,14
17881,10
17882,7
17883,17
17884,9
17885,5
17886,22
17887,19
17888,4
17889,6
17890,15
17891,7
17892,15
17893,19
17894,2
17895,21
17896,18
17897,6
17898,13
17899,1
17900,22
17901,7
17902,17
17903,18
17904,21
17905,3
17906,13
17907,21
17908,7
17909,0
17910,1
17911,16
17912,17
17913,3
17914,22
17915,7
17916,17
17917,15
17918,21
17919,3
17920,7
17921,13
17922,20
17923,4
17924,3
17925,21
17926,12
17927,19
17928,19
17929,20
17930,21
17931,3
17932,2
17933,7
17934,11
17935,16
17936,4
17937,13
17938,6
17939,4
17940,12
17941,7
17942,1
17943,9
17944,8
17945,12
17946,22
17947,6
17948,11
17949,17
17950,21
17951,5
17952,9
17953,21
17954,5
17955,1
17956,1
17957,7
17958,7
17959,17
17960,13
17961,23
17962,12
17963,7
17964,4
17965,3
17966,17
17967,1
17968,10
17969,4
17970,3
17971,22
17972,21
17973,5
17974,3
17975,18
17976,21
17977,21
17978,17
17979,4
17980,7
17981,19
17982,17
17983,13
17984,15
17985,18
17986,9
17987,0
17988,15
17989,4
17990,0
17991,0
17992,2
17993,7
17994,5
17995,13
17996,7
17997,22
17998,7
17999,13
18000,23
18001,19
18002,13
18003,11
18004,18
18005,18
18006,12
18007,16
18008,1
18009,15
18010,7
18011,18
18012,0
18013,7
18014,4
18015,15
18016,3
18017,7
18018,23
18019,16
18020,4
18021,17
18022,8
18023,1
18024,20
18025,15
18026,22
18027,3
18028,16
18029,17
18030,16
18031,18
18032,11
18033,7
18034,11
18035,13
18036,19
18037,19
18038,18
18039,16
18040,13
18041,1
18042,15
18043,8
18044,5
18045,22
18046,4
18047,10
18048,5
18049,9
18050,18
18051,23
18052,1
18053,5
18054,22
18055,12
18056,14
18057,19
18058,19
18059,1
18060,21
18061,15
18062,22
18063,18
18064,6
18065,13
18066,19
18067,4
18068,9
18069,3
18070,21
18071,20
18072,15
18073,20
18074,7
18075,0
18076,10
18077,11
18078,19
18079,10
18080,10
18081,7
18082,21
18083,13
18084,10
18085,14
18086,15
18087,6
18088,15
18089,1
18090,6
18091,1
18092,6
18093,13
18094,22
18095,10
18096,11
18097,1
18098,16
18099,19
18100,15
18101,7
18102,4
18103,22
18104,16
18105,0
18106,8
18107,13
18108,4
18109,16
18110,19
18111,19
18112,11
18113,0
18114,13
18115,23
18116,7
18117,13
18118,1
18119,13
18120,22
18121,10
18122,12
18123,7
18124,22
18125,19
18126,21
18127,9
18128,6
18129,19
18130,13
18131,18
18132,12
18133,0
18134,19
18135,12
18136,7
18137,17
18138,4
18139,14
18140,15
18141,7
18142,12
18143,7
18144,17
18145,23
18146,14
18147,18
18148,7
18149,7
18150,15
18151,11
18152,15
18153,22
18154,15
18155,13
18156,16
18157,11
18158,10
18159,2
18160,11
18161,16
18162,7
18163,7
18164,4
18165,22
18166,1
18167,19
18168,11
18169,17
18170,13
18171,11
18172,21
18173,7
18174,17
18175,7
18176,19
18177,19
18178,21
18179,0
18180,6
18181,8
18182,6
18183,20
18184,16
18185,1
18186,17
18187,7
18188,6
18189,5
18190,22
18191,16
18192,21
18193,13
18194,7
18195,4
18196,7
18197,11
18198,23
18199,4
18200,22
18201,22
18202,9
18203,12
18204,15
18205,7
18206,17
18207,12
18208,16
18209,8
18210,19
18211,6
18212,8
18213,19
18214,5
18215,6
18216,22
18217,17
18218,7
18219,17
18220,4
18221,21
18222,8
18223,14
18224,0
18225,1
18226,6
18227,4
18228,8
18229,14
18230,5
18231,11
18232,19
18233,16
18234,0
18235,11
18236,8
18237,5
18238,11
18239,13
18240,21
18241,8
18242,3
18243,20
18244,18
18245,15
18246,23
18247,21
18248,6
18249,7
18250,15
18251,12
18252,13
18253,15
18254,23
18255,8
18256,18
18257,6
18258,12
18259,19
18260,16
18261,11
18262,6
18263,5
18264,4
18265,2
18266,7
18267,12
18268,7
18269,7
18270,5
18271,11
18272,10
18273,14
18274,8
18275,7
18276,20
18277,19
18278,12
18279,15
18280,19
18281,19
18282,0
18283,7
18284,20
18285,10
18286,21
18287,11
18288,11
18289,22
18290,4
18291,16
18292,15
18293,11
18294,7
18295,1
18296,5
18297,21
18298,19
18299,6
18300,7
18301,13
18302,3
18303,16
18304,12
18305,3
18306,20
18307,5
18308,18
18309,19
18310,15
18311,14
18312,11
18313,16
18314,6
18315,15
18316,0
18317,4
18318,4
18319,19
18320,9
18321,13
18322,11
18323,0
18324,19
18325,13
18326,4
18327,15
18328,17
18329,3
18330,22
18331,12
18332,13
18333,0
18334,14
18335,0
18336,1
18337,19
18338,15
18339,13
18340,1
18341,0
18342,1
18343,15
18344,19
18345,15
18346,7
18347,7
18348,4
18349,4
18350,12
18351,22
18352,10
18353,22
18354,6
18355,19
18356,17
18357,19
18358,13
18359,16
18360,18
18361,5
18362,8
18363,15
18364,7
18365,11
18366,15
18367,1
18368,23
18369,15
18370,22
18371,15
18372,12
18373,10
18374,4
18375,4
18376,22
18377,21
18378,10
18379,6
18380,7
18381,21
18382,6
18383,13
18384,15
18385,5
18386,8
18387,0
18388,10
18389,1
18390,6
18391,1
18392,14
18393,5
18394,3
18395,20
18396,22
18397,18
18398,4
18399,7
18400,2
18401,3
18402,5
18403,21
18404,13
18405,16
18406,16
18407,4
18408,6
18409,16
18410,15
18411,4
18412,15
18413,17
18414,7
18415,7
18416,4
18417,7
18418,1
18419,15
18420,7
18421,12
18422,9
18423,19
18424,17
18425,17
18426,1
18427,3
18428,6
18429,13
18430,18
18431,22
18432,23
18433,15
18434,4
18435,19
18436,17
18437,13
18438,22
18439,1
18440,22
18441,0
18442,10
18443,22
18444,1
18445,5
18446,3
18447,13
18448,15
18449,11
18450,21
18451,10
18452,12
18453,1
18454,6
18455,0
18456,12
18457,10
18458,12
18459,7
18460,13
18461,1
18462,18
18463,1
18464,13
18465,16
18466,23
18467,4
18468,18
18469,15
18470,1
18471,15
18472,0
18473,6
18474,13
18475,3
18476,7
18477,11
18478,3
18479,4
18480,15
18481,1
18482,21
18483,17
18484,13
18485,1
18486,3
18487,14
18488,2
18489,3
18490,1
18491,22
18492,15
18493,6
18494,7
18495,13
18496,5
18497,12
18498,9
18499,8
18500,7
18501,8
18502,19
18503,15
18504,22
18505,1
18506,7
18507,15
18508,1
18509,8
18510,16
18511,9
18512,4
18513,13
18514,11
18515,5
18516,8
18517,5
18518,2
18519,23
18520,0
18521,17
18522,21
18523,1
18524,3
18525,4
18526,5
18527,22
18528,16
18529,0
18530,15
18531,8
18532,13
18533,4
18534,23
18535,17
18536,4
18537,0
18538,13
18539,7
18540,7
18541,14
18542,14
18543,0
18544,4
18545,18
18546,4
18547,11
18548,22
18549,19
18550,6
18551,15
18552,20
18553,16
18554,7
18555,17
18556,4
18557,6
18558,11
18559,13
18560,13
18561,4
18562,3
18563,9
18564,15
18565,19
18566,17
18567,13
18568,1
18569,23
18570,0
18571,0
18572,21
18573,0
18574,5
18575,19
18576,21
18577,20
18578,16
18579,1
18580,22
18581,19
18582,11
18583,0
18584,22
18585,17
18586,0
18587,14
18588,18
18589,1
18590,19
18591,15
18592,0
18593,19
18594,18
18595,9
18596,12
18597,4
18598,21
18599,8
18600,8
18601,7
18602,19
18603,11
18604,16
18605,16
18606,5
18607,15
18608,17
18609,22
18610,13
18611,8
18612,4
18613,7
18614,13
18615,14
18616,3
18617,13
18618,21
18619,4
18620,12
18621,9
18622,4
18623,22
18624,1
18625,0
18626,21
18627,1
18628,22
18629,19
18630,1
18631,15
18632,8
18633,8
18634,9
18635,16
18636,9
18637,19
18638,15
18639,21
18640,15
18641,21
18642,13
18643,6
18644,2
18645,12
18646,15
18647,3
18648,7
18649,22
18650,22
18651,1
18652,0
18653,15
18654,13
18655,10
18656,11
18657,17
18658,15
18659,15
18660,4
18661,7
18662,9
18663,22
18664,5
18665,22
18666,5
18667,7
18668,7
18669,2
18670,15
18671,16
18672,4
18673,0
18674,4
18675,5
18676,4
18677,18
18678,19
18679,7
18680,4
18681,8
18682,17
18683,17
18684,18
18685,21
18686,9
18687,22
18688,20
18689,17
18690,1
18691,7
18692,8
18693,7
18694,19
18695,13
18696,6
18697,15
18698,7
18699,14
18700,22
18701,20
18702,3
18703,19
18704,8
18705,2
18706,5
18707,1
18708,12
18709,13
18710,7
18711,1
18712,8
18713,15
18714,13
18715,6
18716,13
18717,4
18718,22
18719,13
18720,22
18721,8
18722,13
18723,6
18724,4
18725,22
18726,13
18727,12
18728,7
18729,9
18730,0
18731,16
18732,0
18733,17
18734,4
18735,10
18736,9
18737,17
18738,9
18739,7
18740,15
18741,12
18742,20
18743,5
18744,23
18745,11
18746,13
18747,15
18748,13
18749,10
18750,17
18751,9
18752,7
18753,4
18754,15
18755,1
18756,19
18757,17
18758,20
18759,14
18760,15
18761,16
18762,3
18763,6
18764,17
18765,14
18766,3
18767,17
18768,16
18769,10
18770,8
18771,8
18772,6
18773,1
18774,6
18775,11
18776,17
18777,11
18778,9
18779,15
18780,14
18781,21
18782,13
18783,8
18784,7
18785,7
18786,7
18787,14
18788,7
18789,3
18790,17
18791,10
18792,7
18793,3
18794,7
18795,13
18796,21
18797,1
18798,22
18799,19
18800,8
18801,23
18802,21
18803,3
18804,13
18805,4
18806,10
18807,11
18808,7
18809,13
18810,21
18811,22
18812,8
18813,12
18814,7
18815,6
18816,14
18817,18
18818,0
18819,17
18820,3
18821,0
18822,7
18823,20
18824,7
18825,4
18826,6
18827,7
18828,15
18829,19
18830,6
18831,11
18832,13
18833,7
18834,4
18835,6
18836,13
18837,4
18838,22
18839,17
18840,6
18841,0
18842,18
18843,15
18844,14
18845,21
18846,7
18847,17
18848,4
18849,12
18850,21
18851,16
18852,0
18853,17
18854,17
18855,19
18856,20
18857,7
18858,1
18859,16
18860,19
18861,15
18862,15
18863,7
18864,22
18865,15
18866,22
18867,15
18868,3
18869,20
18870,4
18871,21
18872,0
18873,19
18874,4
18875,10
18876,1
18877,21
18878,11
18879,14
18880,16
18881,7
18882,7
18883,17
18884,17
18885,13
18886,9
18887,19
18888,7
18889,11
18890,22
18891,16
18892,21
18893,16
18894,16
18895,20
18896,17
18897,6
18898,15
18899,4
18900,10
18901,22
18902,10
18903,12
18904,23
18905,1
18906,12
18907,1
18908,17
18909,3
18910,17
18911,13
18912,11
18913,14
18914,17
18915,22
18916,14
18917,6
18918,4
18919,6
18920,9
18921,10
18922,6
18923,16
18924,10
18925,19
18926,3
18927,22
18928,10
18929,15
18930,5
18931,13
18932,20
18933,0
18934,18
18935,19
18936,0
18937,17
18938,3
18939,21
18940,22
18941,7
18942,4
18943,16
18944,4
18945,14
18946,18
18947,15
18948,7
18949,6
18950,7
18951,12
18952,17
18953,0
18954,19
18955,20
18956,1
18957,13
18958,6
18959,19
18960,10
18961,15
18962,5
18963,5
18964,14
18965,15
18966,19
18967,18
18968,13
18969,16
18970,20
18971,6
18972,13
18973,1
18974,7
18975,17
18976,13
18977,5
18978,15
18979,0
18980,10
18981,22
18982,10
18983,20
18984,9
18985,13
18986,1
18987,21
18988,15
18989,0
18990,8
18991,4
18992,7
18993,7
18994,14
18995,7
18996,17
18997,20
18998,12
18999,9
19000,7
19001,1
19002,4
19003,13
19004,12
19005,11
19006,5
19007,8
19008,22
19009,14
19010,6
19011,21
19012,19
19013,6
19014,16
19015,22
19016,15
19017,13
19018,23
19019,19
19020,21
19021,7
19022,19
19023,6
19024,9
19025,3
19026,15
19027,12
19028,6
19029,10
19030,7
19031,1
19032,5
19033,10
19034,5
19035,6
19036,17
19037,23
19038,13
19039,10
19040,20
19041,5
19042,19
19043,12
19044,11
19045,5
19046,2
19047,12
19048,21
19049,22
19050,13
19051,17
19052,7
19053,6
19054,20
19055,23
19056,0
19057,11
19058,7
19059,19
19060,20
19061,19
19062,19
19063,10
19064,19
19065,3
19066,4
19067,19
19068,22
19069,18
19070,15
19071,4
19072,9
19073,5
19074,5
19075,5
19076,4
19077,22
19078,16
19079,6
19080,11
19081,11
19082,16
19083,4
19084,19
19085,7
19086,17
19087,21
19088,17
19089,5
19090,13
19091,17
19092,15
19093,6
19094,4
19095,21
19096,1
19097,4
19098,7
19099,9
19100,18
19101,19
19102,16
19103,3
19104,14
19105,7
19106,4
19107,4
19108,23
19109,15
19110,16
19111,5
19112,17
19113,22
19114,12
19115,13
19116,1
19117,12
19118,15
19119,7
19120,17
19121,17
19122,19
19123,17
19124,11
19125,20
19126,4
19127,13
19128,4
19129,8
19130,16
19131,19
19132,1
19133,12
19134,16
19135,14
19136,4
19137,14
19138,5
19139,11
19140,15
19141,0
19142,23
19143,0
19144,19
19145,3
19146,4
19147,15
19148,5
19149,21
19150,21
19151,7
19152,13
19153,8
19154,4
19155,15
19156,20
19157,0
19158,10
19159,14
19160,4
19161,8
19162,13
19163,4
19164,9
19165,18
19166,0
19167,9
19168,17
19169,11
19170,10
19171,22
19172,1
19173,7
19174,21
19175,18
19176,11
19177,5
19178,10
19179,16
19180,7
19181,7
19182,6
19183,16
19184,15
19185,11
19186,15
19187,11
19188,9
19189,4
19190,12
19191,5
19192,18
19193,4
19194,21
19195,1
19196,7
19197,19
19198,15
19199,9
19200,18
19201,7
19202,7
19203,13
19204,13
19205,7
19206,11
19207,19
19208,18
19209,5
19210,3
19211,13
19212,7
19213,22
19214,3
19215,3
19216,0
19217,23
19218,14
19219,0
19220,3
19221,13
19222,4
19223,6
19224,10
19225,11
19226,14
19227,13
19228,3
19229,18
19230,10
19231,19
19232,11
19233,7
19234,17
19235,0
19236,22
19237,6
19238,5
19239,19
19240,22
19241,19
19242,9
19243,9
19244,17
19245,12
19246,14
19247,7
19248,18
19249,7
19250,7
19251,22
19252,12
19253,7
19254,13
19255,19
19256,15
19257,9
19258,13
19259,7
19260,19
19261,23
19262,7
19263,19
19264,19
19265,18
19266,13
19267,5
19268,7
19269,15
19270,19
19271,7
19272,7
19273,19
19274,7
19275,6
19276,15
19277,6
19278,7
19279,15
19280,15
19281,18
19282,1
19283,15
19284,5
19285,11
19286,15
19287,14
19288,6
19289,4
19290,12
19291,11
19292,15
19293,15
19294,14
19295,18
19296,22
19297,21
19298,15
19299,16
19300,18
19301,9
19302,1
19303,0
19304,19
19305,22
19306,18
19307,18
19308,7
19309,4
19310,6
19311,16
19312,8
19313,17
19314,6
19315,19
19316,15
19317,22
19318,11
19319,5
19320,19
19321,21
19322,6
19323,9
19324,12
19325,16
19326,18
19327,15
19328,13
19329,1
19330,7
19331,10
19332,10
19333,4
19334,19
19335,19
19336,5
19337,10
19338,13
19339,2
19340,3
19341,7
19342,13
19343,22
19344,7
19345,13
19346,14
19347,5
19348,23
19349,13
19350,6
19351,9
19352,6
19353,12
19354,7
19355,13
19356,21
19357,18
19358,4
19359,10
19360,15
19361,13
19362,21
19363,23
19364,22
19365,16
19366,6
19367,13
19368,14
19369,6
19370,6
19371,6
19372,7
19373,11
19374,4
19375,15
19376,0
19377,6
19378,7
19379,20
19380,0
19381,17
19382,4
19383,7
19384,22
19385,3
19386,17
19387,13
19388,4
19389,6
19390,20
19391,18
19392,6
19393,19
19394,21
19395,6
19396,15
19397,0
19398,4
19399,15
19400,0
19401,7
19402,21
19403,5
19404,13
19405,8
19406,22
19407,12
19408,4
19409,19
19410,5
19411,9
19412,16
19413,14
19414,18
19415,18
19416,23
19417,4
19418,6
19419,17
19420,5
19421,22
19422,9
19423,23
19424,15
19425,17
19426,16
19427,0
19428,15
19429,7
19430,8
19431,11
19432,16
19433,7
19434,19
19435,13
19436,21
19437,10
19438,1
19439,3
19440,21
19441,7
19442,21
19443,4
19444,7
19445,13
19446,6
19447,8
19448,7
19449,11
19450,7
19451,17
19452,5
19453,22
19454,6
19455,16
19456,19
19457,10
19458,18
19459,4
19460,13
19461,7
19462,18
19463,15
19464,13
19465,9
19466,13
19467,10
19468,22
19469,3
19470,11
19471,23
19472,17
19473,3
19474,7
19475,1
19476,19
19477,10
19478,13
19479,17
19480,18
19481,22
19482,15
19483,19
19484,10
19485,17
19486,4
19487,11
19488,3
19489,19
19490,22
19491,6
19492,6
19493,7
19494,3
19495,5
19496,15
19497,19
19498,1
19499,7
19500,6
19501,4
19502,19
19503,14
19504,5
19505,12
19506,7
19507,18
19508,19
19509,21
19510,19
19511,10
19512,22
19513,20
19514,9
19515,0
19516,22
19517,0
19518,11
19519,12
19520,7
19521,6
19522,3
19523,23
19524,5
19525,6
19526,19
19527,6
19528,18
19529,18
19530,1
19531,12
19532,6
19533,15
19534,11
19535,0
19536,14
19537,22
19538,22
19539,7
19540,3
19541,16
19542,17
19543,7
19544,6
19545,1
19546,11
19547,21
19548,17
19549,4
19550,7
19551,10
19552,12
19553,11
19554,14
19555,2
19556,17
19557,4
19558,16
19559,21
19560,18
19561,17
19562,4
19563,15
19564,4
19565,10
19566,8
19567,12
19568,7
19569,23
19570,22
19571,16
19572,20
19573,19
19574,21
19575,21
19576,15
19577,7
19578,15
19579,19
19580,14
19581,20
19582,0
19583,0
19584,11
19585,4
19586,12
19587,15
19588,15
19589,0
19590,12
19591,0
19592,23
19593,16
19594,11
19595,3
19596,9
19597,12
19598,15
19599,18
19600,15
19601,22
19602,7
19603,6
19604,6
19605,16
19606,13
19607,1
19608,22
19609,7
19610,23
19611,1
19612,13
19613,15
19614,13
19615,1
19616,7
19617,5
19618,18
19619,19
19620,9
19621,10
19622,11
19623,8
19624,5
19625,12
19626,20
19627,17
19628,6
19629,7
19630,19
19631,22
19632,7
19633,19
19634,19
19635,13
19636,4
19637,8
19638,15
19639,8
19640,7
19641,15
19642,7
19643,23
19644,22
19645,4
19646,13
19647,22
19648,21
19649,17
19650,8
19651,22
19652,1
19653,8
19654,13
19655,0
19656,11
19657,6
19658,1
19659,7
19660,10
19661,11
19662,4
19663,16
19664,9
19665,12
19666,19
19667,15
19668,11
19669,3
19670,12
19671,18
19672,17
19673,5
19674,10
19675,9
19676,23
19677,17
19678,16
19679,19
19680,14
19681,17
19682,1
19683,22
19684,14
19685,6
19686,0
19687,5
19688,9
19689,7
19690,15
19691,10
19692,6
19693,22
19694,6
19695,9
19696,5
19697,19
19698,3
19699,12
19700,13
19701,19
19702,7
19703,19
19704,21
19705,21
19706,7
19707,1
19708,9
19709,1
19710,0
19711,1
19712,4
19713,19
19714,14
19715,3
19716,19
19717,5
19718,18
19719,14
19720,9
19721,18
19722,15
19723,7
19724,5
19725,22
19726,15
19727,13
19728,14
19729,23
19730,1
19731,10
19732,10
19733,15
19734,7
19735,4
19736,16
19737,17
19738,9
19739,13
19740,10
19741,20
19742,1
19743,8
19744,1
19745,5
19746,15
19747,14
19748,20
19749,8
19750,4
19751,4
19752,5
19753,3
19754,3
19755,10
19756,13
19757,1
19758,20
19759,19
19760,15
19761,15
19762,5
19763,22
19764,8
19765,18
19766,20
19767,19
19768,16
19769,12
19770,19
19771,13
19772,20
19773,13
19774,22
19775,13
19776,4
19777,0
19778,10
19779,6
19780,2
19781,7
19782,19
19783,8
19784,15
19785,1
19786,12
19787,11
19788,0
19789,14
19790,22
19791,12
19792,1
19793,19
19794,7
19795,17
19796,21
19797,15
19798,10
19799,15
19800,3
19801,17
19802,20
19803,15
19804,4
19805,23
19806,0
19807,1
19808,21
19809,11
19810,18
19811,20
19812,13
19813,9
19814,22
19815,1
19816,6
19817,11
19818,3
19819,7
19820,16
19821,8
19822,1
19823,15
19824,8
19825,10
19826,15
19827,3
19828,11
19829,18
19830,7
19831,13
19832,10
19833,8
19834,9
19835,0
19836,4
19837,7
19838,9
19839,19
19840,13
19841,4
19842,15
19843,13
19844,19
19845,8
19846,3
19847,1
19848,11
19849,7
19850,4
19851,1
19852,13
19853,1
19854,9
19855,8
19856,10
19857,0
19858,4
19859,6
19860,23
19861,20
19862,18
19863,12
19864,7
19865,21
19866,21
19867,0
19868,19
19869,20
19870,4
19871,11
19872,5
19873,19
19874,4
19875,21
19876,12
19877,13
19878,21
19879,13
19880,16
19881,19
19882,7
19883,5
19884,14
19885,6
19886,8
19887,16
19888,10
19889,23
19890,17
19891,21
19892,1
19893,18
19894,21
19895,19
19896,6
19897,9
19898,15
19899,17
19900,14
19901,10
19902,15
19903,15
19904,0
19905,5
19906,5
19907,22
19908,4
19909,13
19910,16
19911,14
19912,5
19913,5
19914,0
19915,11
19916,16
19917,15
19918,14
19919,19
19920,9
19921,7
19922,14
19923,8
19924,10
19925,7
19926,1
19927,15
19928,14
19929,23
19930,19
19931,9
19932,19
19933,15
19934,7
19935,14
19936,4
19937,14
19938,22
19939,14
19940,19
19941,1
19942,3
19943,1
19944,8
19945,4
19946,15
19947,9
19948,7
19949,6
19950,1
19951,15
19952,2
19953,17
19954,21
19955,9
19956,19
19957,4
19958,15
19959,23
19960,13
19961,23
19962,12
19963,17
19964,13
19965,0
19966,12
19967,22
19968,16
19969,6
19970,11
19971,7
19972,5
19973,3
19974,8
19975,13
19976,13
19977,11
19978,6
19979,18
19980,17
19981,7
19982,8
19983,8
19984,10
19985,5
19986,19
19987,13
19988,18
19989,12
19990,7
19991,7
19992,9
19993,11
19994,19
19995,0
19996,10
19997,4
19998,13
19999,13
20000,6
20001,1
20002,7
20003,15
20004,6
20005,4
20006,18
20007,15
20008,18
20009,4
20010,15
20011,18
20012,11
20013,23
20014,19
20015,11
20016,15
20017,9
20018,15
20019,1
20020,7
20021,19
20022,22
20023,23
20024,9
20025,13
20026,19
20027,16
20028,17
20029,16
20030,3
20031,10
20032,21
20033,12
20034,10
20035,11
20036,11
20037,20
20038,12
20039,17
20040,13
20041,15
20042,23
20043,16
20044,1
20045,4
20046,22
20047,13
20048,2
20049,6
20050,14
20051,8
20052,18
20053,22
20054,1
20055,1
20056,19
20057,13
20058,8
20059,6
20060,13
20061,13
20062,17
20063,7
20064,21
20065,23
20066,16
20067,15
20068,7
20069,16
20070,6
20071,13
20072,16
20073,4
20074,4
20075,7
20076,14
20077,4
20078,5
20079,9
20080,7
20081,13
20082,4
20083,3
20084,20
20085,20
20086,7
20087,13
20088,7
20089,4
20090,1
20091,21
20092,4
20093,6
20094,0
20095,23
20096,21
20097,6
20098,4
20099,17
20100,21
20101,16
20102,14
20103,13
20104,22
20105,19
20106,18
20107,22
20108,22
20109,8
20110,20
20111,12
20112,15
20113,14
20114,13
20115,7
20116,5
20117,14
20118,19
20119,14
20120,16
20121,1
20122,4
20123,12
20124,20
20125,12
20126,18
20127,18
20128,3
20129,20
20130,22
20131,7
20132,0
20133,7
20134,17
20135,5
20136,1
20137,8
20138,0
20139,13
20140,7
20141,11
20142,17
20143,0
20144,0
20145,11
20146,7
20147,1
20148,1
20149,0
20150,5
20151,23
20152,12
20153,14
20154,7
20155,21
20156,1
20157,22
20158,1
20159,14
20160,7
20161,17
20162,10
20163,11
20164,7
20165,6
20166,1
20167,23
20168,4
20169,11
20170,7
20171,16
20172,17
20173,12
20174,15
20175,20
20176,22
20177,15
20178,22
20179,15
20180,7
20181,10
20182,22
20183,4
20184,16
20185,5
20186,0
20187,12
20188,16
20189,4
20190,7
20191,9
20192,9
20193,19
20194,0
20195,22
20196,1
20197,5
20198,10
20199,17
20200,15
20201,10
20202,18
20203,22
20204,17
20205,14
20206,8
20207,7
20208,12
20209,4
20210,7
20211,13
20212,7
20213,7
20214,15
20215,17
20216,15
20217,5
20218,8
20219,17
20220,9
20221,15
20222,15
20223,9
20224,3
20225,21
20226,12
20227,21
20228,17
20229,9
20230,17
20231,16
20232,15
20233,21
20234,20
20235,12
20236,1
20237,9
20238,11
20239,1
20240,10
20241,1
20242,6
20243,7
20244,14
20245,7
20246,15
20247,0
20248,7
20249,1
20250,17
20251,12
20252,7
20253,4
20254,7
20255,15
20256,14
20257,16
20258,19
20259,15
20260,1
20261,7
20262,14
20263,7
20264,14
20265,4
20266,17
20267,20
20268,23
20269,16
20270,8
20271,1
20272,16
20273,0
20274,22
20275,1
20276,14
20277,9
20278,3
20279,20
20280,4
20281,6
20282,1
20283,16
20284,7
20285,2
20286,9
20287,10
20288,8
20289,6
20290,3
20291,15
20292,22
20293,23
20294,22
20295,0
20296,7
20297,6
20298,10
20299,21
20300,23
20301,21
20302,19
20303,16
20304,21
20305,21
20306,8
20307,17
20308,6
20309,11
20310,18
20311,15
20312,12
20313,13
20314,0
20315,17
20316,22
20317,15
20318,13
20319,4
20320,15
20321,23
20322,11
20323,7
20324,13
20325,4
20326,7
20327,16
20328,17
20329,4
20330,19
20331,13
20332,6
20333,6
20334,6
20335,10
20336,12
20337,7
20338,15
20339,5
20340,12
20341,21
20342,17
20343,18
20344,19
20345,4
20346,7
20347,15
20348,17
20349,19
20350,22
20351,4
20352,0
20353,19
20354,14
20355,17
20356,14
20357,23
20358,3
20359,21
20360,8
20361,22
20362,15
20363,0
20364,0
20365,7
20366,0
20367,13
20368,1
20369,22
20370,19
20371,6
20372,7
20373,13
20374,4
20375,20
20376,7
20377,5
20378,10
20379,19
20380,11
20381,7
20382,19
20383,1
20384,6
20385,4
20386,13
20387,9
20388,19
20389,16
20390,19
20391,5
20392,6
20393,22
20394,5
20395,10
20396,4
20397,1
20398,9
20399,5
20400,3
20401,7
20402,17
20403,17
20404,9
20405,7
20406,22
20407,17
20408,7
20409,1
20410,6
20411,11
20412,4
20413,20
20414,17
20415,5
20416,19
20417,4
20418,16
20419,7
20420,10
20421,5
20422,5
20423,13
20424,0
20425,3
20426,7
20427,16
20428,16
20429,22
20430,14
20431,0
20432,9
20433,0
20434,22
20435,11
20436,0
20437,21
20438,10
20439,10
20440,11
20441,4
20442,17
20443,10
20444,6
20445,20
20446,19
20447,1
20448,6
20449,19
20450,10
20451,17
20452,14
20453,14
20454,9
20455,22
20456,9
20457,17
20458,4
20459,17
20460,7
20461,6
20462,9
20463,13
20464,23
20465,13
20466,0
20467,7
20468,13
20469,14
20470,8
20471,3
20472,9
20473,0
20474,18
20475,3
20476,1
20477,22
20478,12
20479,6
20480,6
20481,5
20482,17
20483,22
20484,11
20485,4
20486,21
20487,4
20488,1
20489,0
20490,6
20491,4
20492,21
20493,22
20494,10
20495,16
20496,4
20497,16
20498,12
20499,21
20500,7
20501,21
20502,15
20503,18
20504,12
20505,7
20506,6
20507,23
20508,10
20509,13
20510,14
20511,18
20512,18
20513,11
20514,3
20515,13
20516,16
20517,22
20518,8
20519,15
20520,3
20521,7
20522,1
20523,10
20524,22
20525,16
20526,21
20527,7
20528,14
20529,0
20530,18
20531,4
20532,7
20533,6
20534,5
20535,21
20536,6
20537,12
20538,21
20539,6
20540,14
20541,17
20542,20
20543,13
20544,12
20545,11
20546,17
20547,6
20548,0
20549,0
20550,17
20551,19
20552,14
20553,12
20554,9
20555,3
20556,0
20557,3
20558,6
20559,7
20560,4
20561,23
20562,10
20563,3
20564,3
20565,8
20566,15
20567,5
20568,5
20569,7
20570,5
20571,9
20572,15
20573,23
20574,19
20575,20
20576,23
20577,7
20578,17
20579,3
20580,6
20581,3
20582,11
20583,10
20584,19
20585,0
20586,1
20587,23
20588,19
20589,4
20590,15
20591,6
20592,6
20593,6
20594,10
20595,20
20596,12
20597,1
20598,5
20599,18
20600,7
20601,6
20602,19
20603,10
20604,21
20605,13
20606,11
20607,3
20608,14
20609,11
20610,10
20611,22
20612,19
20613,19
20614,5
20615,7
20616,23
20617,7
20618,7
20619,21
20620,16
20621,6
20622,20
20623,17
20624,4
20625,4
20626,21
20627,6
20628,3
20629,22
20630,7
20631,15
20632,16
20633,4
20634,18
20635,13
20636,13
20637,0
20638,14
20639,17
20640,21
20641,21
20642,18
20643,18
20644,13
20645,6
20646,16
20647,22
20648,20
20649,7
20650,9
20651,23
20652,2
20653,22
20654,19
20655,9
20656,12
20657,19
20658,1
20659,17
20660,0
20661,4
20662,15
20663,3
20664,18
20665,11
20666,4
20667,0
20668,21
20669,17
20670,5
20671,4
20672,3
20673,2
20674,14
20675,4
20676,18
20677,10
20678,23
20679,19
20680,1
20681,15
20682,8
20683,15
20684,5
20685,5
20686,17
20687,0
20688,7
20689,1
20690,7
20691,7
20692,11
20693,3
20694,17
20695,16
20696,19
20697,5
20698,0
20699,15
20700,13
20701,21
20702,14
20703,18
20704,1
20705,1
20706,12
20707,0
20708,7
20709,7
20710,15
20711,10
20712,7
20713,15
20714,22
20715,15
20716,4
20717,13
20718,18
20719,1
20720,23
20721,16
20722,7
20723,1
20724,11
20725,23
20726,8
20727,7
20728,8
20729,14
20730,1
20731,3
20732,18
20733,4
20734,21
20735,0
20736,15
20737,4
20738,1
20739,18
20740,8
20741,7
20742,11
20743,0
20744,0
20745,22
20746,11
20747,18
20748,16
20749,23
20750,13
20751,7
20752,13
20753,14
20754,19
20755,21
20756,15
20757,17
20758,15
20759,15
20760,16
20761,1
20762,12
20763,15
20764,13
20765,19
20766,18
20767,4
20768,10
20769,23
20770,13
20771,11
20772,21
20773,4
20774,1
20775,20
20776,7
20777,18
20778,15
20779,5
20780,21
20781,12
20782,17
20783,10
20784,16
20785,8
20786,17
20787,13
20788,9
20789,13
20790,15
20791,3
20792,0
20793,22
20794,16
20795,9
20796,1
20797,11
20798,5
20799,4
20800,11
20801,21
20802,19
20803,0
20804,11
20805,11
20806,4
20807,5
20808,18
20809,6
20810,15
20811,13
20812,4
20813,11
20814,0
20815,13
20816,11
20817,20
20818,20
20819,12
20820,0
20821,6
20822,18
20823,4
20824,7
20825,22
20826,13
20827,13
20828,7
20829,6
20830,0
20831,14
20832,6
20833,17
20834,10
20835,18
20836,3
20837,5
20838,15
20839,4
20840,8
20841,18
20842,17
20843,18
20844,4
20845,9
20846,7
20847,7
20848,0
20849,13
20850,13
20851,6
20852,14
20853,10
20854,1
20855,12
20856,19
20857,0
20858,16
20859,11
20860,13
20861,15
20862,9
20863,9
20864,19
20865,18
20866,19
20867,3
20868,14
20869,4
20870,13
20871,15
20872,15
20873,15
20874,15
20875,10
20876,21
20877,20
20878,16
20879,7
20880,0
20881,0
20882,7
20883,17
20884,4
20885,11
20886,21
20887,7
20888,22
20889,7
20890,21
20891,3
20892,10
20893,4
20894,14
20895,4
20896,21
20897,3
20898,20
20899,14
20900,16
20901,8
20902,4
20903,10
20904,1
20905,12
20906,7
20907,15
20908,13
20909,4
20910,22
20911,20
20912,6
20913,2
20914,17
20915,9
20916,11
20917,7
20918,20
20919,15
20920,16
20921,1
20922,1
20923,15
20924,6
20925,18
20926,11
20927,4
20928,13
20929,19
20930,22
20931,23
20932,16
20933,5
20934,15
20935,3
20936,12
20937,16
20938,7
20939,11
20940,15
20941,0
20942,6
20943,13
20944,0
20945,23
20946,4
20947,20
20948,11
20949,23
20950,7
20951,13
20952,3
20953,11
20954,13
20955,16
20956,7
20957,10
20958,3
20959,7
20960,19
20961,17
20962,18
20963,14
20964,15
20965,14
20966,7
20967,4
20968,4
20969,3
20970,11
20971,2
20972,7
20973,7
20974,12
20975,18
20976,21
20977,14
20978,7
20979,0
20980,13
20981,10
20982,1
20983,20
20984,4
20985,15
20986,0
20987,7
20988,15
20989,22
20990,13
20991,3
20992,19
20993,1
20994,4
20995,20
20996,7
20997,10
20998,19
20999,14
21000,21
21001,0
21002,3
21003,13
21004,23
21005,7
21006,22
21007,17
21008,21
21009,7
21010,0
21011,3
21012,7
21013,23
21014,5
21015,5
21016,0
21017,18
21018,13
21019,6
21020,11
21021,17
21022,0
21023,11
21024,22
21025,1
21026,19
21027,22
21028,6
21029,0
21030,21
21031,13
21032,4
21033,7
21034,20
21035,4
21036,5
21037,8
21038,22
21039,8
21040,14
21041,21
21042,19
21043,20
21044,17
21045,0
21046,21
21047,12
21048,4
21049,4
21050,5
21051,22
21052,1
21053,20
21054,7
21055,17
21056,8
21057,16
21058,19
21059,21
21060,5
21061,4
21062,16
21063,10
21064,6
21065,6
21066,10
21067,19
21068,22
21069,10
21070,19
21071,21
21072,5
21073,6
21074,10
21075,10
21076,17
21077,7
21078,13
21079,6
21080,13
21081,13
21082,15
21083,4
21084,21
21085,5
21086,18
21087,15
21088,12
21089,1
21090,4
21091,15
21092,3
21093,10
21094,0
21095,20
21096,21
21097,7
21098,13
21099,20
21100,17
21101,21
21102,1
21103,5
21104,4
21105,9
21106,5
21107,3
21108,21
21109,15
21110,6
21111,13
21112,13
21113,19
21114,9
21115,12
21116,13
21117,12
21118,7
21119,8
21120,18
21121,22
21122,13
21123,6
21124,7
21125,21
21126,6
21127,10
21128,20
21129,18
21130,19
21131,17
21132,10
21133,15
21134,10
21135,0
21136,11
21137,7
21138,18
21139,11
21140,22
21141,14
21142,5
21143,13
21144,10
21145,11
21146,6
21147,0
21148,15
21149,8
21150,21
21151,1
21152,13
21153,7
21154,16
21155,6
21156,7
21157,5
21158,21
21159,1
21160,6
21161,6
21162,5
21163,14
21164,19
21165,13
21166,7
21167,8
21168,3
21169,10
21170,10
21171,4
21172,5
21173,14
21174,15
21175,16
21176,23
21177,19
21178,23
21179,7
21180,9
21181,13
21182,21
21183,14
21184,15
21185,13
21186,7
21187,17
21188,9
21189,1
21190,8
21191,8
21192,5
21193,0
21194,8
21195,6
21196,20
21197,5
21198,1
21199,18
21200,15
21201,2
21202,11
21203,7
21204,15
21205,3
21206,11
21207,11
21208,20
21209,13
21210,0
21211,9
21212,12
21213,7
21214,13
21215,12
21216,16
21217,12
21218,12
21219,20
21220,19
21221,8
21222,21
21223,7
21224,16
21225,15
21226,0
21227,14
21228,7
21229,7
21230,17
21231,14
21232,22
21233,14
21234,3
21235,4
21236,16
21237,18
21238,7
21239,15
21240,11
21241,7
21242,2
21243,21
21244,18
21245,19
21246,12
21247,22
21248,6
21249,3
21250,4
21251,6
21252,12
21253,14
21254,13
21255,5
21256,4
21257,5
21258,21
21259,6
21260,9
21261,7
21262,0
21263,22
21264,5
21265,17
21266,9
21267,13
21268,18
21269,7
21270,7
21271,0
21272,15
21273,4
21274,4
21275,20
21276,23
21277,5
21278,1
21279,23
21280,4
21281,5
21282,4
21283,7
21284,6
21285,6
21286,10
21287,12
21288,18
21289,22
21290,4
21291,15
21292,4
21293,23
21294,16
21295,13
21296,0
21297,13
21298,7
21299,20
21300,10
21301,2
21302,9
21303,7
21304,23
21305,6
21306,23
21307,14
21308,5
21309,21
21310,12
21311,16
21312,4
21313,17
21314,0
21315,14
21316,0
21317,14
21318,6
21319,20
21320,7
21321,6
21322,20
21323,12
21324,4
21325,12
21326,4
21327,11
21328,14
21329,4
21330,1
21331,1
21332,1
21333,7
21334,15
21335,7
21336,17
21337,12
21338,13
21339,21
21340,5
21341,11
21342,11
21343,14
21344,3
21345,14
21346,5
21347,17
21348,17
21349,5
21350,11
21351,22
21352,5
21353,0
21354,8
21355,3
21356,21
21357,21
21358,4
21359,0
21360,18
21361,18
21362,21
21363,7
21364,11
21365,0
21366,21
21367,1
21368,10
21369,14
21370,15
21371,13
21372,3
21373,0
21374,14
21375,5
21376,11
21377,18
21378,22
21379,9
21380,19
21381,14
21382,7
21383,23
21384,7
21385,5
21386,1
21387,17
21388,0
21389,16
21390,13
21391,17
21392,19
21393,8
21394,1
21395,21
21396,5
21397,1
21398,0
21399,9
21400,20
21401,5
21402,7
21403,20
21404,1
21405,0
21406,21
21407,21
21408,1
21409,16
21410,1
21411,7
21412,16
21413,23
21414,1
21415,1
21416,15
21417,15
21418,13
21419,23
21420,14
21421,8
21422,6
21423,3
21424,1
21425,10
21426,12
21427,1
21428,3
21429,22
21430,1
21431,21
21432,8
21433,7
21434,11
21435,8
21436,20
21437,13
21438,6
21439,10
21440,20
21441,19
21442,22
21443,0
21444,20
21445,7
21446,9
21447,15
21448,7
21449,8
21450,16
21451,21
21452,15
21453,17
21454,21
21455,8
21456,16
21457,15
21458,3
21459,23
21460,22
21461,10
21462,1
21463,12
21464,4
21465,17
21466,6
21467,4
21468,8
21469,15
21470,15
21471,11
21472,7
21473,1
21474,0
21475,1
21476,17
21477,8
21478,23
21479,1
21480,13
21481,6
21482,23
21483,9
21484,18
21485,13
21486,12
21487,22
21488,9
21489,0
21490,15
21491,14
21492,7
21493,5
21494,7
21495,7
21496,15
21497,23
21498,7
21499,0
21500,17
21501,1
21502,3
21503,6
21504,15
21505,7
21506,5
21507,12
21508,21
21509,15
21510,4
21511,7
21512,19
21513,21
21514,18
21515,23
21516,22
21517,9
21518,1
21519,6
21520,6
21521,3
21522,11
21523,7
21524,4
21525,0
21526,7
21527,4
21528,17
21529,8
21530,1
21531,20
21532,22
21533,14
21534,7
21535,15
21536,10
21537,1
21538,21
21539,8
21540,12
21541,9
21542,21
21543,6
21544,21
21545,6
21546,7
21547,9
21548,13
21549,21
21550,8
21551,7
21552,7
21553,11
21554,15
21555,11
21556,17
21557,11
21558,19
21559,13
21560,14
21561,23
21562,5
21563,11
21564,1
21565,3
21566,3
21567,3
21568,7
21569,16
21570,11
21571,3
21572,10
21573,8
21574,0
21575,8
21576,4
21577,5
21578,5
21579,22
21580,6
21581,23
21582,16
21583,4
21584,0
21585,7
21586,21
21587,7
21588,8
21589,11
21590,15
21591,7
21592,15
21593,7
21594,10
21595,19
21596,13
21597,0
21598,7
21599,21
21600,18
21601,9
21602,0
21603,17
21604,12
21605,20
21606,3
21607,7
21608,4
21609,7
21610,13
21611,9
21612,1
21613,4
21614,20
21615,10
21616,7
21617,12
21618,20
21619,7
21620,20
21621,11
21622,15
21623,8
21624,19
21625,16
21626,13
21627,7
21628,13
21629,15
21630,15
21631,4
21632,14
21633,0
21634,6
21635,0
21636,6
21637,19
21638,1
21639,22
21640,5
21641,3
21642,6
21643,11
21644,12
21645,19
21646,23
21647,5
21648,11
21649,17
21650,4
21651,5
21652,7
21653,9
21654,15
21655,5
21656,17
21657,7
21658,15
21659,20
21660,2
21661,19
21662,12
21663,17
21664,5
21665,12
21666,18
21667,7
21668,7
21669,12
21670,4
21671,11
21672,10
21673,19
21674,14
21675,9
21676,8
21677,12
21678,1
21679,23
21680,7
21681,21
21682,9
21683,0
21684,21
21685,16
21686,22
21687,21
21688,20
21689,15
21690,6
21691,9
21692,11
21693,7
21694,17
21695,4
21696,7
21697,22
21698,13
21699,4
21700,16
21701,1
21702,21
21703,7
21704,14
21705,19
21706,22
21707,0
21708,1
21709,18
21710,12
21711,15
21712,8
21713,23
21714,9
21715,20
21716,7
21717,9
21718,13
21719,8
21720,8
21721,7
21722,1
21723,8
21724,3
21725,2
21726,15
21727,1
21728,10
21729,22
21730,7
21731,17
21732,17
21733,23
21734,21
21735,7
21736,20
21737,12
21738,2
21739,4
21740,12
21741,3
21742,7
21743,23
21744,16
21745,17
21746,11
21747,3
21748,7
21749,15
21750,12
21751,17
21752,0
21753,16
21754,15
21755,5
21756,9
21757,13
21758,10
21759,7
21760,22
21761,13
21762,1
21763,21
21764,19
21765,19
21766,6
21767,17
21768,4
21769,6
21770,4
21771,0
21772,11
21773,10
21774,9
21775,22
21776,15
21777,15
21778,0
21779,6
21780,0
21781,12
21782,17
21783,1
21784,3
21785,23
21786,18
21787,3
21788,17
21789,17
21790,1
21791,14
21792,15
21793,13
21794,17
21795,2
21796,7
21797,15
21798,10
21799,18
21800,4
21801,19
21802,10
21803,15
21804,13
21805,18
21806,13
21807,4
21808,8
21809,21
21810,18
21811,21
21812,20
21813,4
21814,1
21815,19
21816,19
21817,1
21818,21
21819,6
21820,10
21821,7
21822,7
21823,5
21824,5
21825,11
21826,18
21827,14
21828,7
21829,5
21830,7
21831,15
21832,8
21833,12
21834,4
21835,6
21836,13
21837,19
21838,4
21839,0
21840,4
21841,14
21842,9
21843,19
21844,17
21845,11
21846,19
21847,19
21848,7
21849,15
21850,19
21851,23
21852,6
21853,17
21854,20
21855,5
21856,0
21857,7
21858,13
21859,17
21860,4
21861,22
21862,18
21863,8
21864,1
21865,3
21866,1
21867,15
21868,18
21869,16
21870,11
21871,14
21872,14
21873,17
21874,22
21875,4
21876,5
21877,13
21878,15
21879,5
21880,12
21881,14
21882,4
21883,6
21884,2
21885,15
21886,23
21887,21
21888,5
21889,12
21890,11
21891,14
21892,15
21893,12
21894,9
21895,22
21896,19
21897,23
21898,3
21899,7
21900,19
21901,7
21902,20
21903,20
21904,16
21905,19
21906,22
21907,15
21908,7
21909,7
21910,15
21911,14
21912,18
21913,21
21914,1
21915,22
21916,15
21917,19
21918,14
21919,22
21920,7
21921,6
21922,21
21923,1
21924,16
21925,8
21926,6
21927,15
21928,22
21929,7
21930,12
21931,4
21932,17
21933,23
21934,21
21935,9
21936,22
21937,23
21938,16
21939,19
21940,12
21941,12
21942,7
21943,15
21944,16
21945,21
21946,13
21947,5
21948,0
21949,13
21950,3
21951,3
21952,12
21953,12
21954,8
21955,16
21956,10
21957,14
21958,8
21959,4
21960,1
21961,19
21962,22
21963,19
21964,19
21965,15
21966,19
21967,13
21968,13
21969,18
21970,12
21971,1
21972,15
21973,7
21974,7
21975,13
21976,15
21977,22
21978,22
21979,22
21980,4
21981,7
21982,7
21983,17
21984,15
21985,12
21986,13
21987,5
21988,12
21989,14
21990,20
21991,21
21992,21
21993,11
21994,1
21995,22
21996,10
21997,20
21998,14
21999,16
22000,13
22001,17
22002,9
22003,15
22004,11
22005,14
22006,22
22007,14
22008,20
22009,13
22010,5
22011,3
22012,11
22013,15
22014,7
22015,6
22016,4
22017,11
22018,6
22019,22
22020,10
22021,13
22022,0
22023,17
22024,15
22025,21
22026,5
22027,22
22028,4
22029,1
22030,17
22031,7
22032,7
22033,21
22034,20
22035,8
22036,6
22037,0
22038,12
22039,16
22040,9
22041,15
22042,3
22043,21
22044,13
22045,5
22046,4
22047,15
22048,19
22049,6
22050,19
22051,9
22052,23
22053,2
22054,1
22055,3
22056,21
22057,3
22058,7
22059,12
22060,8
22061,22
22062,11
22063,7
22064,18
22065,7
22066,12
22067,20
22068,19
22069,10
22070,15
22071,23
22072,17
22073,9
22074,1
22075,13
22076,5
22077,7
22078,22
22079,7
22080,8
22081,17
22082,17
22083,11
22084,6
22085,17
22086,5
22087,1
22088,18
22089,10
22090,15
22091,17
22092,22
22093,19
22094,9
22095,5
22096,17
22097,15
22098,6
22099,4
22100,9
22101,23
22102,9
22103,6
22104,0
22105,22
22106,22
22107,22
22108,13
22109,7
22110,21
22111,7
22112,4
22113,22
22114,4
22115,17
22116,14
22117,2
22118,0
22119,15
22120,7
22121,8
22122,21
22123,21
22124,8
22125,4
22126,12
22127,21
22128,21
22129,13
22130,23
22131,19
22132,11
22133,5
22134,3
22135,20
22136,23
22137,12
22138,10
22139,23
22140,12
22141,15
22142,7
22143,15
22144,8
22145,7
22146,15
22147,7
22148,11
22149,1
22150,7
22151,14
22152,10
22153,2
22154,0
22155,7
22156,12
22157,15
22158,20
22159,23
22160,0
22161,3
22162,19
22163,10
22164,7
22165,1
22166,22
22167,15
22168,17
22169,13
22170,21
22171,15
22172,20
22173,9
22174,16
22175,16
22176,14
22177,18
22178,0
22179,1
22180,6
22181,4
22182,8
22183,12
22184,4
22185,17
22186,4
22187,21
22188,15
22189,12
22190,8
22191,19
22192,16
22193,4
22194,19
22195,7
22196,1
22197,7
22198,9
22199,16
22200,11
22201,4
22202,17
22203,7
22204,8
22205,15
22206,14
22207,1
22208,19
22209,14
22210,1
22211,6
22212,4
22213,23
22214,7
22215,11
22216,7
22217,22
22218,3
22219,18
22220,5
22221,9
22222,15
22223,14
22224,12
22225,19
22226,18
22227,11
22228,4
22229,12
22230,10
22231,23
22232,7
22233,7
22234,11
22235,1
22236,7
22237,21
22238,6
22239,8
22240,18
22241,22
22242,8
22243,23
22244,16
22245,13
22246,4
22247,19
22248,4
22249,12
22250,6
22251,22
22252,17
22253,18
22254,9
22255,15
22256,3
22257,6
22258,7
22259,7
22260,16
22261,2
22262,20
22263,5
22264,5
22265,20
22266,12
22267,5
22268,4
22269,16
22270,23
22271,7
22272,10
22273,21
22274,10
22275,3
22276,15
22277,10
22278,12
22279,16
22280,14
22281,1
22282,14
22283,3
22284,4
22285,23
22286,2
22287,11
22288,19
22289,6
22290,3
22291,15
22292,1
22293,15
22294,1
22295,19
22296,18
22297,9
22298,7
22299,7
22300,0
22301,4
22302,6
22303,3
22304,20
22305,17
22306,13
22307,14
22308,11
22309,13
22310,7
22311,9
22312,23
22313,6
22314,8
22315,7
22316,21
22317,13
22318,1
22319,14
22320,11
22321,7
22322,9
22323,2
22324,7
22325,6
22326,5
22327,15
22328,22
22329,7
22330,13
22331,0
22332,21
22333,7
22334,22
22335,0
22336,20
22337,13
22338,7
22339,13
22340,6
22341,12
22342,5
22343,3
22344,17
22345,22
22346,12
22347,17
22348,6
22349,7
22350,14
22351,23
22352,10
22353,14
22354,7
22355,1
22356,7
22357,7
22358,23
22359,4
22360,7
22361,17
22362,7
22363,1
22364,16
22365,21
22366,10
22367,19
22368,1
22369,3
22370,10
22371,12
22372,4
22373,4
22374,1
22375,0
22376,13
22377,19
22378,1
22379,0
22380,13
22381,0
22382,19
22383,0
22384,9
22385,4
22386,14
22387,10
22388,22
22389,16
22390,19
22391,11
22392,7
22393,21
22394,15
22395,15
22396,6
22397,23
22398,13
22399,20
22400,0
22401,7
22402,8
22403,7
22404,13
22405,4
22406,19
22407,15
22408,9
22409,8
22410,12
22411,10
22412,6
22413,4
22414,12
22415,10
22416,12
22417,9
22418,4
22419,11
22420,1
22421,15
22422,22
22423,12
22424,23
22425,0
22426,1
22427,5
22428,1
22429,17
22430,12
22431,8
22432,4
22433,19
22434,17
22435,6
22436,15
22437,0
22438,0
22439,11
22440,0
22441,4
22442,3
22443,11
22444,21
22445,10
22446,18
22447,3
22448,13
22449,11
22450,17
22451,10
22452,7
22453,1
22454,7
22455,3
22456,22
22457,11
22458,5
22459,22
22460,18
22461,11
22462,15
22463,7
22464,11
22465,6
22466,22
22467,7
22468,5
22469,0
22470,17
22471,6
22472,7
22473,19
22474,19
22475,13
22476,13
22477,5
22478,15
22479,19
22480,0
22481,4
22482,20
22483,3
22484,0
22485,5
22486,17
22487,22
22488,16
22489,14
22490,14
22491,4
22492,5
22493,0
22494,13
22495,0
22496,20
22497,3
22498,7
22499,16
22500,11
22501,16
22502,5
22503,16
22504,20
22505,19
22506,5
22507,4
22508,7
22509,17
22510,8
22511,1
22512,3
22513,23
22514,20
22515,13
22516,5
22517,6
22518,23
22519,1
22520,22
22521,5
22522,20
22523,22
22524,11
22525,18
22526,16
22527,9
22528,22
22529,18
22530,4
22531,13
22532,13
22533,13
22534,1
22535,1
22536,3
22537,4
22538,22
22539,15
22540,5
22541,12
22542,4
22543,0
22544,10
22545,14
22546,22
22547,7
22548,19
22549,8
22550,7
22551,15
22552,21
22553,8
22554,2
22555,23
22556,3
22557,7
22558,21
22559,10
22560,9
22561,20
22562,8
22563,0
22564,1
22565,0
22566,8
22567,4
22568,4
22569,16
22570,7
22571,15
22572,13
22573,7
22574,22
22575,11
22576,11
22577,4
22578,10
22579,7
22580,15
22581,19
22582,9
22583,8
22584,0
22585,19
22586,9
22587,22
22588,20
22589,1
22590,13
22591,1
22592,19
22593,1
22594,20
22595,19
22596,23
22597,7
22598,21
22599,19
22600,6
22601,10
22602,22
22603,23
22604,7
22605,1
22606,8
22607,17
22608,15
22609,13
22610,22
22611,23
22612,18
22613,10
22614,22
22615,1
22616,15
22617,14
22618,3
22619,16
22620,6
22621,22
22622,9
22623,5
22624,7
22625,4
22626,1
22627,8
22628,13
22629,7
22630,9
22631,13
22632,11
22633,12
22634,0
22635,0
22636,7
22637,15
22638,22
22639,12
22640,14
22641,22
22642,16
22643,18
22644,15
22645,22
22646,4
22647,22
22648,11
22649,21
22650,5
22651,22
22652,5
22653,19
22654,14
22655,11
22656,0
22657,15
22658,13
22659,6
22660,18
22661,2
22662,11
22663,16
22664,20
22665,22
22666,8
22667,1
22668,12
22669,11
22670,6
22671,17
22672,4
22673,11
22674,15
22675,11
22676,18
22677,18
22678,11
22679,7
22680,21
22681,7
22682,0
22683,0
22684,20
22685,17
22686,10
22687,17
22688,23
22689,8
22690,15
22691,1
22692,7
22693,3
22694,4
22695,20
22696,4
22697,14
22698,10
22699,13
22700,7
22701,19
22702,22
22703,9
22704,17
22705,19
22706,15
22707,21
22708,7
22709,18
22710,0
22711,5
22712,21
22713,7
22714,15
22715,19
22716,11
22717,12
22718,14
22719,10
22720,4
22721,13
22722,8
22723,1
22724,4
22725,12
22726,5
22727,21
22728,18
22729,7
22730,3
22731,19
22732,9
22733,23
22734,22
22735,13
22736,7
22737,14
22738,14
22739,7
22740,13
22741,6
22742,4
22743,10
22744,11
22745,14
22746,17
22747,22
22748,1
22749,7
22750,21
22751,0
22752,22
22753,17
22754,22
22755,15
22756,9
22757,4
22758,7
22759,7
22760,14
22761,22
22762,5
22763,18
22764,4
22765,9
22766,15
22767,8
22768,6
22769,0
22770,4
22771,13
22772,22
22773,5
22774,11
22775,10
22776,8
22777,14
22778,4
22779,7
22780,19
22781,6
22782,5
22783,21
22784,1
22785,19
22786,15
22787,14
22788,15
22789,15
22790,21
22791,9
22792,0
22793,8
22794,19
22795,3
22796,9
22797,3
22798,18
22799,7
22800,21
22801,19
22802,9
22803,17
22804,15
22805,17
22806,6
22807,4
22808,13
22809,0
22810,20
22811,15
22812,10
22813,11
22814,12
22815,22
22816,19
22817,20
22818,23
22819,23
22820,19
22821,15
22822,22
22823,21
22824,22
22825,21
22826,8
22827,15
22828,16
22829,3
22830,5
22831,21
22832,0
22833,18
22834,4
22835,17
22836,7
22837,17
22838,19
22839,4
22840,15
22841,12
22842,16
22843,9
22844,0
22845,15
22846,15
22847,19
22848,1
22849,16
22850,22
22851,21
22852,13
22853,1
22854,15
22855,11
22856,3
22857,16
22858,0
22859,0
22860,11
22861,1
22862,16
22863,5
22864,23
22865,4
22866,23
22867,12
22868,22
22869,6
22870,8
22871,3
22872,3
22873,8
22874,22
22875,23
22876,11
22877,1
22878,6
22879,6
22880,19
22881,12
22882,18
22883,20
22884,10
22885,12
22886,14
22887,16
22888,3
22889,5
22890,1
22891,7
22892,19
22893,5
22894,0
22895,5
22896,13
22897,21
22898,15
22899,0
22900,6
22901,4
22902,23
22903,6
22904,22
22905,5
22906,6
22907,21
22908,13
22909,22
22910,7
22911,20
22912,7
22913,17
22914,6
22915,17
22916,23
22917,22
22918,3
22919,3
22920,4
22921,17
22922,18
22923,14
22924,3
22925,23
22926,1
22927,8
22928,12
22929,4
22930,2
22931,1
22932,3
22933,17
22934,0
22935,23
22936,1
22937,12
22938,15
22939,14
22940,11
22941,13
22942,3
22943,17
22944,21
22945,11
22946,13
22947,0
22948,19
22949,10
22950,4
22951,3
22952,23
22953,6
22954,8
22955,15
22956,12
22957,18
22958,15
22959,4
22960,8
22961,7
22962,3
22963,4
22964,11
22965,4
22966,21
22967,21
22968,5
22969,4
22970,18
22971,22
22972,7
22973,6
22974,1
22975,0
22976,9
22977,23
22978,4
22979,13
22980,12
22981,7
22982,12
22983,21
22984,7
22985,9
22986,19
22987,15
22988,14
22989,13
22990,8
22991,7
22992,11
22993,16
22994,15
22995,15
22996,17
22997,15
22998,19
22999,10
23000,15
23001,5
23002,16
23003,16
23004,0
23005,15
23006,7
23007,7
23008,13
23009,6
23010,4
23011,1
23012,5
23013,16
23014,6
23015,7
23016,22
23017,22
23018,13
23019,7
23020,11
23021,19
23022,22
23023,8
23024,7
23025,21
23026,11
23027,20
23028,22
23029,23
23030,8
23031,7
23032,4
23033,9
23034,10
23035,8
23036,19
23037,7
23038,1
23039,10
23040,16
23041,22
23042,2
23043,22
23044,12
23045,6
23046,17
23047,11
23048,1
23049,6
23050,16
23051,6
23052,1
23053,2
23054,9
23055,19
23056,11
23057,22
23058,18
23059,0
23060,0
23061,8
23062,11
23063,22
23064,7
23065,13
23066,14
23067,13
23068,23
23069,13
23070,1
23071,13
23072,4
23073,13
23074,2
23075,16
23076,15
23077,7
23078,11
23079,0
23080,10
23081,9
23082,18
23083,19
23084,17
23085,3
23086,8
23087,0
23088,15
23089,18
23090,7
23091,11
23092,18
23093,21
23094,11
23095,3
23096,7
23097,7
23098,16
23099,6
23100,14
23101,19
23102,19
23103,4
23104,19
23105,15
23106,23
23107,14
23108,4
23109,19
23110,6
23111,10
23112,19
23113,22
23114,6
23115,11
23116,13
23117,0
23118,14
23119,21
23120,3
23121,19
23122,19
23123,23
23124,17
23125,3
23126,0
23127,9
23128,7
23129,14
23130,15
23131,7
23132,5
23133,15
23134,19
23135,7
23136,7
23137,13
23138,8
23139,7
23140,7
23141,19
23142,4
23143,6
23144,6
23145,4
23146,10
23147,15
23148,21
23149,0
23150,19
23151,12
23152,19
23153,15
23154,8
23155,7
23156,11
23157,4
23158,7
23159,7
23160,14
23161,22
23162,12
23163,9
23164,9
23165,1
23166,20
23167,12
23168,5
23169,8
23170,8
23171,7
23172,14
23173,14
23174,1
23175,4
23176,7
23177,20
23178,18
23179,22
23180,12
23181,23
23182,8
23183,21
23184,10
23185,0
23186,21
23187,5
23188,6
23189,5
23190,8
23191,17
23192,19
23193,14
23194,18
23195,4
23196,5
23197,19
23198,20
23199,1
23200,2
23201,6
23202,7
23203,19
23204,4
23205,11
23206,19
23207,15
23208,7
23209,18
23210,7
23211,11
23212,23
23213,14
23214,10
23215,7
23216,6
23217,7
23218,0
23219,7
23220,14
23221,14
23222,13
23223,23
23224,22
23225,17
23226,4
23227,10
23228,15
23229,15
23230,1
23231,17
23232,6
23233,19
23234,5
23235,8
23236,13
23237,6
23238,18
23239,15
23240,23
23241,14
23242,9
23243,1
23244,15
23245,20
23246,9
23247,20
23248,18
23249,19
23250,20
23251,4
23252,18
23253,15
23254,15
23255,18
23256,5
23257,8
23258,4
23259,20
23260,15
23261,12
23262,3
23263,15
23264,4
23265,7
23266,19
23267,2
23268,4
23269,10
23270,11
23271,12
23272,18
23273,4
23274,7
23275,13
23276,23
23277,12
23278,11
23279,18
23280,6
23281,7
23282,19
23283,7
23284,7
23285,21
23286,6
23287,2
23288,5
23289,18
23290,15
23291,0
23292,15
23293,0
23294,1
23295,7
23296,15
23297,18
23298,5
23299,6
23300,12
23301,4
23302,16
23303,12
23304,12
23305,7
23306,19
23307,9
23308,13
23309,7
23310,9
23311,18
23312,15
23313,21
23314,7
23315,12
23316,5
23317,16
23318,22
23319,21
23320,7
23321,7
23322,5
23323,7
23324,4
23325,15
23326,21
23327,5
23328,19
23329,3
23330,20
23331,6
23332,15
23333,9
23334,7
23335,20
23336,9
23337,12
23338,17
23339,21
23340,7
23341,20
23342,13
23343,13
23344,4
23345,12
23346,1
23347,14
23348,6
23349,17
23350,23
23351,21
23352,19
23353,11
23354,14
23355,7
23356,4
23357,19
23358,18
23359,7
23360,14
23361,7
23362,7
23363,15
23364,6
23365,11
23366,19
23367,20
23368,22
23369,16
23370,17
23371,18
23372,10
23373,13
23374,4
23375,21
23376,19
23377,19
23378,11
23379,15
23380,12
23381,12
23382,12
23383,1
23384,12
23385,13
23386,5
23387,17
23388,4
23389,16
23390,6
23391,3
23392,16
23393,21
23394,4
23395,14
23396,13
23397,23
23398,2
23399,0
23400,7
23401,6
23402,7
23403,4
23404,2
23405,1
23406,14
23407,4
23408,20
23409,10
23410,7
23411,16
23412,20
23413,7
23414,19
23415,23
23416,1
23417,3
23418,12
23419,10
23420,9
23421,15
23422,7
23423,12
23424,5
23425,6
23426,22
23427,14
23428,7
23429,10
23430,3
23431,6
23432,6
23433,14
23434,1
23435,7
23436,4
23437,13
23438,4
23439,13
23440,17
23441,16
23442,9
23443,19
23444,18
23445,8
23446,16
23447,6
23448,3
23449,0
23450,17
23451,15
23452,7
23453,20
23454,4
23455,22
23456,3
23457,1
23458,1
23459,6
23460,21
23461,22
23462,4
23463,19
23464,21
23465,13
23466,22
23467,15
23468,1
23469,15
23470,13
23471,17
23472,9
23473,14
23474,1
23475,18
23476,9
23477,2
23478,22
23479,11
23480,7
23481,19
23482,3
23483,15
23484,13
23485,21
23486,1
23487,4
23488,15
23489,19
23490,10
23491,22
23492,8
23493,12
23494,13
23495,11
23496,7
23497,18
23498,8
23499,1
23500,3
23501,20
23502,6
23503,8
23504,5
23505,6
23506,5
23507,10
23508,3
23509,4
23510,7
23511,7
23512,22
23513,18
23514,7
23515,1
23516,6
23517,23
23518,7
23519,6
23520,8
23521,15
23522,18
23523,7
23524,4
23525,5
23526,20
23527,21
23528,22
23529,5
23530,6
23531,4
23532,22
23533,7
23534,16
23535,3
23536,8
23537,22
23538,21
23539,22
23540,14
23541,12
23542,17
23543,4
23544,16
23545,14
23546,13
23547,22
23548,13
23549,3
23550,21
23551,1
23552,18
23553,0
23554,17
23555,15
23556,19
23557,18
23558,22
23559,18
23560,8
23561,0
23562,5
23563,1
23564,8
23565,3
23566,13
23567,3
23568,16
23569,3
23570,3
23571,7
23572,0
23573,7
23574,4
23575,15
23576,15
23577,5
23578,15
23579,19
23580,8
23581,0
23582,20
23583,1
23584,4
23585,6
23586,0
23587,7
23588,4
23589,18
23590,13
23591,2
23592,11
23593,22
23594,15
23595,4
23596,7
23597,7
23598,16
23599,0
23600,1
23601,15
23602,5
23603,9
23604,13
23605,18
23606,14
23607,8
23608,15
23609,11
23610,22
23611,4
23612,15
23613,14
23614,17
23615,15
23616,17
23617,22
23618,4
23619,8
23620,8
23621,17
23622,14
23623,18
23624,1
23625,17
23626,7
23627,1
23628,12
23629,9
23630,0
23631,11
23632,14
23633,7
23634,12
23635,4
23636,13
23637,1
23638,18
23639,20
23640,13
23641,13
23642,19
23643,9
23644,5
23645,9
23646,6
23647,16
23648,6
23649,9
23650,15
23651,5
23652,17
23653,4
23654,15
23655,3
23656,15
23657,5
23658,17
23659,0
23660,15
23661,22
23662,16
23663,22
23664,13
23665,13
23666,6
23667,10
23668,0
23669,17
23670,4
23671,4
23672,10
23673,17
23674,13
23675,10
23676,4
23677,22
23678,2
23679,19
23680,14
23681,16
23682,5
23683,18
23684,7
23685,21
23686,0
23687,16
23688,13
23689,13
23690,7
23691,16
23692,9
23693,4
23694,22
23695,9
23696,19
23697,12
23698,1
23699,18
23700,15
23701,4
23702,4
23703,5
23704,8
23705,2
23706,12
23707,14
23708,17
23709,16
23710,11
23711,18
23712,12
23713,3
23714,16
23715,17
23716,9
23717,8
23718,17
23719,21
23720,17
23721,7
23722,6
23723,5
23724,0
23725,6
23726,21
23727,7
23728,23
23729,18
23730,4
23731,1
23732,16
23733,1
23734,10
23735,0
23736,13
23737,6
23738,8
23739,11
23740,20
23741,11
23742,21
23743,15
23744,4
23745,10
23746,9
23747,15
23748,19
23749,1
23750,17
23751,15
23752,13
23753,5
23754,22
23755,11
23756,10
23757,14
23758,8
23759,1
23760,19
23761,15
23762,19
23763,15
23764,2
23765,15
23766,7
23767,16
23768,17
23769,4
23770,4
23771,15
23772,7
23773,22
23774,1
23775,7
23776,11
23777,20
23778,5
23779,19
23780,16
23781,5
23782,17
23783,10
23784,1
23785,19
23786,10
23787,10
23788,4
23789,23
23790,23
23791,23
23792,12
23793,2
23794,8
23795,22
23796,22
23797,18
23798,10
23799,0
23800,11
23801,20
23802,9
23803,11
23804,3
23805,14
23806,17
23807,13
23808,19
23809,22
23810,10
23811,10
23812,5
23813,15
23814,7
23815,6
23816,16
23817,19
23818,5
23819,20
23820,2
23821,15
23822,7
23823,7
23824,4
23825,13
23826,12
23827,8
23828,12
23829,11
23830,17
23831,11
23832,15
23833,7
23834,6
23835,0
23836,4
23837,9
23838,12
23839,4
23840,19
23841,2
23842,15
23843,5
23844,13
23845,18
23846,8
23847,20
23848,15
23849,21
23850,8
23851,1
23852,18
23853,7
23854,14
23855,6
23856,17
23857,6
23858,7
23859,17
23860,12
23861,17
23862,7
23863,7
23864,14
23865,4
23866,7
23867,15
23868,11
23869,10
23870,10
23871,20
23872,4
23873,4
23874,15
23875,10
23876,19
23877,22
23878,7
23879,22
23880,19
23881,22
23882,15
23883,7
23884,6
23885,20
23886,7
23887,15
23888,15
23889,3
23890,23
23891,19
23892,7
23893,22
23894,19
23895,15
23896,8
23897,4
23898,12
23899,22
23900,5
23901,7
23902,10
23903,8
23904,1
23905,0
23906,7
23907,7
23908,22
23909,1
23910,9
23911,1
23912,3
23913,19
23914,18
23915,4
23916,7
23917,1
23918,12
23919,13
23920,15
23921,10
23922,18
23923,4
23924,7
23925,7
23926,14
23927,8
23928,5
23929,1
23930,21
23931,13
23932,17
23933,7
23934,11
23935,4
23936,15
23937,12
23938,22
23939,0
23940,7
23941,20
23942,12
23943,7
23944,0
23945,13
23946,21
23947,1
23948,15
23949,6
23950,8
23951,5
23952,13
23953,19
23954,7
23955,14
23956,6
23957,15
23958,3
23959,6
23960,12
23961,12
23962,4
23963,13
23964,19
23965,13
23966,11
23967,20
23968,6
23969,7
23970,0
23971,1
23972,22
23973,16
23974,1
23975,1
23976,0
23977,0
23978,12
23979,15
23980,4
23981,18
23982,7
23983,11
23984,12
23985,7
23986,4
23987,11
23988,17
23989,7
23990,22
23991,7
23992,13
23993,19
23994,0
23995,4
23996,12
23997,11
23998,15
23999,19
24000,7
24001,2
24002,21
24003,17
24004,15
24005,7
24006,15
24007,0
24008,3
24009,16
24010,1
24011,7
24012,13
24013,13
24014,6
24015,6
24016,10
24017,17
24018,18
24019,8
24020,10
24021,12
24022,14
24023,21
24024,6
24025,19
24026,6
24027,9
24028,21
24029,21
24030,10
24031,13
24032,6
24033,5
24034,2
24035,5
24036,10
24037,13
24038,18
24039,4
24040,20
24041,17
24042,21
24043,20
24044,7
24045,21
24046,12
24047,20
24048,13
24049,15
24050,7
24051,1
24052,22
24053,13
24054,15
24055,20
24056,13
24057,17
24058,10
24059,4
24060,15
24061,0
24062,17
24063,19
24064,21
24065,4
24066,15
24067,7
24068,8
24069,15
24070,15
24071,8
24072,4
24073,19
24074,22
24075,11
24076,10
24077,17
24078,9
24079,0
24080,18
24081,4
24082,13
24083,15
24084,16
24085,13
24086,14
24087,13
24088,5
24089,1
24090,12
24091,5
24092,5
24093,4
24094,16
24095,18
24096,20
24097,3
24098,6
24099,18
24100,4
24101,15
24102,0
24103,8
24104,1
24105,2
24106,0
24107,22
24108,12
24109,13
24110,22
24111,16
24112,20
24113,12
24114,15
24115,11
24116,17
24117,3
24118,12
24119,15
24120,21
24121,5
24122,3
24123,8
24124,3
24125,22
24126,1
24127,16
24128,8
24129,17
24130,16
24131,0
24132,1
24133,9
24134,23
24135,4
24136,6
24137,17
24138,19
24139,0
24140,20
24141,1
24142,9
24143,11
24144,8
24145,13
24146,8
24147,12
24148,6
24149,10
24150,22
24151,13
24152,1
24153,21
24154,7
24155,15
24156,7
24157,12
24158,7
24159,5
24160,15
24161,4
24162,6
24163,0
24164,4
24165,19
24166,1
24167,21
24168,11
24169,4
24170,7
24171,22
24172,3
24173,5
24174,7
24175,4
24176,7
24177,4
24178,15
24179,7
24180,6
24181,0
24182,0
24183,13
24184,20
24185,19
24186,10
24187,7
24188,7
24189,21
24190,8
24191,7
24192,10
24193,17
24194,6
24195,9
24196,21
24197,13
24198,14
24199,14
24200,4
24201,5
24202,5
24203,11
24204,15
24205,23
24206,21
24207,15
24208,15
24209,6
24210,0
24211,23
24212,20
24213,21
24214,13
24215,15
24216,0
24217,22
24218,15
24219,1
24220,18
24221,5
24222,7
24223,19
24224,23
24225,15
24226,12
24227,13
24228,19
24229,19
24230,19
24231,15
24232,23
24233,13
24234,3
24235,3
24236,22
24237,7
24238,14
24239,0
24240,15
24241,19
24242,5
24243,11
24244,1
24245,5
24246,13
24247,20
24248,6
24249,12
24250,10
24251,1
24252,21
24253,15
24254,6
24255,0
24256,4
24257,19
24258,13
24259,1
24260,6
24261,6
24262,13
24263,7
24264,1
24265,15
24266,13
24267,15
24268,14
24269,4
24270,11
24271,9
24272,13
24273,19
24274,13
24275,22
24276,21
24277,4
24278,18
24279,19
24280,11
24281,15
24282,16
24283,15
24284,0
24285,17
24286,16
24287,22
24288,4
24289,14
24290,22
24291,12
24292,19
24293,12
24294,4
24295,19
24296,2
24297,6
24298,15
24299,13
24300,13
24301,17
24302,7
24303,7
24304,10
24305,7
24306,6
24307,18
24308,17
24309,22
24310,16
24311,17
24312,0
24313,10
24314,4
24315,22
24316,7
24317,13
24318,4
24319,7
24320,3
24321,5
24322,4
24323,21
24324,11
24325,5
24326,1
24327,13
24328,15
24329,21
24330,19
24331,15
24332,0
24333,9
24334,19
24335,18
24336,9
24337,6
24338,20
24339,15
24340,5
24341,13
24342,23
24343,15
24344,21
24345,7
24346,13
24347,5
24348,12
24349,11
24350,21
24351,11
24352,1
24353,18
24354,13
24355,12
24356,18
24357,4
24358,1
24359,9
24360,7
24361,22
24362,13
24363,14
24364,22
24365,0
24366,9
24367,22
24368,7
24369,12
24370,10
24371,10
24372,19
24373,1
24374,11
24375,20
24376,19
24377,13
24378,11
24379,22
24380,15
24381,3
24382,1
24383,16
24384,4
24385,14
24386,1
24387,3
24388,18
24389,7
24390,23
24391,3
24392,7
24393,16
24394,7
24395,12
24396,7
24397,9
24398,22
24399,4
24400,4
24401,11
24402,9
24403,6
24404,7
24405,7
24406,12
24407,18
24408,22
24409,20
24410,21
24411,22
24412,7
24413,19
24414,1
24415,8
24416,0
24417,22
24418,5
24419,0
24420,18
24421,0
24422,14
24423,23
24424,4
24425,14
24426,21
24427,12
24428,17
24429,7
24430,5
24431,19
24432,8
24433,13
24434,7
24435,11
24436,22
24437,11
24438,13
24439,21
24440,13
24441,14
24442,7
24443,21
24444,3
24445,14
24446,10
24447,1
24448,14
24449,23
24450,12
24451,3
24452,14
24453,12
24454,10
24455,22
24456,15
24457,7
24458,1
24459,17
24460,0
24461,9
24462,14
24463,6
24464,13
24465,5
24466,12
24467,8
24468,4
24469,13
24470,7
24471,18
24472,15
24473,1
24474,19
24475,5
24476,21
24477,11
24478,16
24479,15
24480,22
24481,4
24482,4
24483,21
24484,16
24485,13
24486,7
24487,11
24488,11
24489,6
24490,12
24491,20
24492,22
24493,12
24494,18
24495,8
24496,0
24497,16
24498,10
24499,5
24500,8
24501,19
24502,10
24503,3
24504,15
24505,19
24506,1
24507,1
24508,0
24509,13
24510,13
24511,0
24512,16
24513,7
24514,9
24515,7
24516,14
24517,6
24518,1
24519,17
24520,22
24521,21
24522,4
24523,23
24524,16
24525,4
24526,7
24527,13
24528,21
24529,17
24530,0
24531,17
24532,7
24533,10
24534,4
24535,1
24536,7
24537,13
24538,9
24539,10
24540,5
24541,5
24542,16
24543,18
24544,7
24545,4
24546,7
24547,1
24548,5
24549,8
24550,22
24551,1
24552,5
24553,17
24554,17
24555,11
24556,15
24557,17
24558,16
24559,7
24560,15
24561,23
24562,0
24563,15
24564,8
24565,4
24566,20
24567,7
24568,5
24569,0
24570,3
24571,20
24572,21
24573,1
24574,15
24575,3
24576,6
24577,4
24578,7
24579,15
24580,4
24581,11
24582,5
24583,0
24584,1
24585,14
24586,14
24587,3
24588,2
24589,4
24590,3
24591,11
24592,22
24593,21
24594,3
24595,9
24596,4
24597,16
24598,15
24599,10
24600,15
24601,21
24602,0
24603,4
24604,22
24605,13
24606,6
24607,8
24608,22
24609,12
24610,6
24611,12
24612,6
24613,7
24614,15
24615,17
24616,13
24617,23
24618,14
24619,9
24620,9
24621,1
24622,1
24623,19
24624,12
24625,7
24626,5
24627,18
24628,22
24629,6
24630,7
24631,19
24632,16
24633,22
24634,9
24635,16
24636,19
24637,13
24638,4
24639,1
24640,20
24641,21
24642,6
24643,20
24644,12
24645,9
24646,13
24647,16
24648,15
24649,7
24650,5
24651,4
24652,5
24653,19
24654,11
24655,15
24656,14
24657,6
24658,7
24659,13
24660,15
24661,12
24662,6
24663,3
24664,15
24665,0
24666,12
24667,23
24668,22
24669,7
24670,6
24671,7
24672,19
24673,4
24674,13
24675,9
24676,20
24677,6
24678,17
24679,17
24680,19
24681,8
24682,15
24683,20
24684,4
24685,14
24686,19
24687,1
24688,17
24689,19
24690,23
24691,13
24692,19
24693,13
24694,5
24695,2
24696,7
24697,1
24698,13
24699,1
24700,18
24701,19
24702,13
24703,7
24704,3
24705,15
24706,14
24707,13
24708,22
24709,18
24710,18
24711,1
24712,16
24713,6
24714,1
24715,15
24716,17
24717,20
24718,6
24719,4
24720,13
24721,9
24722,15
24723,12
24724,4
24725,7
24726,7
24727,19
24728,18
24729,7
24730,7
24731,8
24732,21
24733,16
24734,13
24735,4
24736,15
24737,15
24738,8
24739,16
24740,7
24741,19
24742,15
24743,4
24744,13
24745,7
24746,23
24747,22
24748,10
24749,5
24750,0
24751,15
24752,0
24753,1
24754,19
24755,0
24756,4
24757,1
24758,5
24759,20
24760,13
24761,15
24762,7
24763,9
24764,19
24765,5
24766,1
24767,21
24768,9
24769,13
24770,13
24771,19
24772,18
24773,13
24774,21
24775,1
24776,17
24777,13
24778,4
24779,12
24780,19
24781,19
24782,5
24783,15
24784,18
24785,4
24786,6
24787,7
24788,4
24789,15
24790,8
24791,2
24792,7
24793,10
24794,12
24795,18
24796,4
24797,7
24798,21
24799,19
24800,15
24801,4
24802,15
24803,1
24804,20
24805,3
24806,4
24807,13
24808,4
24809,1
24810,13
24811,21
24812,4
24813,0
24814,19
24815,12
24816,18
24817,19
24818,8
24819,22
24820,21
24821,0
24822,7
24823,8
24824,20
24825,1
24826,1
24827,15
24828,7
24829,4
24830,20
24831,8
24832,0
24833,4
24834,16
24835,17
24836,13
24837,5
24838,8
24839,5
24840,7
24841,3
24842,5
24843,13
24844,19
24845,11
24846,15
24847,20
24848,15
24849,21
24850,11
24851,13
24852,6
24853,17
24854,20
24855,20
24856,22
24857,22
24858,21
24859,19
24860,16
24861,13
24862,20
24863,7
24864,4
24865,11
24866,16
24867,0
24868,7
24869,5
24870,8
24871,6
24872,14
24873,6
24874,13
24875,13
24876,9
24877,19
24878,4
24879,16
24880,19
24881,0
24882,10
24883,7
24884,7
24885,12
24886,21
24887,2
24888,8
24889,3
24890,0
24891,18
24892,1
24893,19
24894,15
24895,8
24896,6
24897,19
24898,14
24899,16
24900,7
24901,0
24902,3
24903,20
24904,12
24905,7
24906,15
24907,6
24908,10
24909,9
24910,7
24911,19
24912,15
24913,6
24914,4
24915,6
24916,15
24917,3
24918,21
24919,18
24920,13
24921,5
24922,15
24923,7
24924,20
24925,13
24926,22
24927,1
24928,9
24929,19
24930,1
24931,8
24932,6
24933,14
24934,22
24935,4
24936,4
24937,12
24938,5
24939,19
24940,15
24941,10
24942,0
24943,9
24944,17
24945,4
24946,23
24947,5
24948,7
24949,4
24950,1
24951,5
24952,6
24953,22
24954,1
24955,22
24956,6
24957,0
24958,4
24959,7
24960,0
24961,17
24962,7
24963,15
24964,1
24965,13
24966,14
24967,8
24968,17
24969,17
24970,0
24971,15
24972,4
24973,1
24974,10
24975,17
24976,15
24977,21
24978,5
24979,12
24980,4
24981,21
24982,11
24983,11
24984,16
24985,23
24986,7
24987,17
24988,7
24989,8
24990,13
24991,0
24992,18
24993,9
24994,22
24995,15
24996,0
24997,19
24998,11
24999,23
25000,7
25001,5
25002,18
25003,4
25004,12
25005,23
25006,0
25007,19
25008,11
25009,20
25010,1
25011,5
25012,22
25013,13
25014,19
25015,16
25016,11
25017,0
25018,16
25019,21
25020,7
25021,9
25022,23
25023,20
25024,1
25025,4
25026,22
25027,22
25028,6
25029,15
25030,10
25031,0
25032,17
25033,6
25034,9
25035,5
25036,4
25037,22
25038,13
25039,6
25040,22
25041,12
25042,14
25043,12
25044,21
25045,18
25046,20
25047,13
25048,17
25049,9
25050,18
25051,7
25052,11
25053,14
25054,22
25055,13
25056,17
25057,1
25058,5
25059,7
25060,4
25061,13
25062,9
25063,11
25064,11
25065,12
25066,20
25067,6
25068,16
25069,17
25070,7
25071,0
25072,9
25073,15
25074,15
25075,6
25076,6
25077,6
25078,10
25079,23
25080,3
25081,3
25082,13
25083,8
25084,7
25085,19
25086,13
25087,9
25088,15
25089,1
25090,15
25091,3
25092,14
25093,12
25094,6
25095,4
25096,21
25097,5
25098,19
25099,0
25100,10
25101,6
25102,5
25103,8
25104,14
25105,8
25106,7
25107,5
25108,11
25109,13
25110,11
25111,7
25112,12
25113,16
25114,16
25115,16
25116,9
25117,2
25118,8
25119,17
25120,0
25121,14
25122,22
25123,14
25124,21
25125,6
25126,23
25127,14
25128,13
25129,21
25130,13
25131,14
25132,21
25133,17
25134,7
25135,21
25136,11
25137,11
25138,9
25139,0
25140,13
25141,1
25142,4
25143,8
25144,22
25145,1
25146,8
25147,12
25148,13
25149,4
25150,5
25151,12
25152,7
25153,7
25154,13
25155,0
25156,4
25157,12
25158,15
25159,19
25160,12
25161,9
25162,9
25163,15
25164,15
25165,0
25166,8
25167,15
25168,2
25169,12
25170,7
25171,0
25172,19
25173,0
25174,16
25175,18
25176,16
25177,0
25178,19
25179,12
25180,3
25181,22
25182,4
25183,3
25184,6
25185,17
25186,13
25187,9
25188,8
25189,7
25190,20
25191,3
25192,13
25193,5
25194,1
25195,11
25196,18
25197,2
25198,21
25199,4
25200,18
25201,21
25202,5
25203,4
25204,16
25205,8
25206,15
25207,22
25208,7
25209,6
25210,10
25211,0
25212,19
25213,8
25214,12
25215,12
25216,4
25217,19
25218,16
25219,1
25220,22
25221,15
25222,15
25223,7
25224,7
25225,15
25226,14
25227,5
25228,6
25229,16
25230,6
25231,1
25232,19
25233,15
25234,0
25235,0
25236,4
25237,22
25238,6
25239,19
25240,19
25241,0
25242,7
25243,11
25244,18
25245,4
25246,18
25247,0
25248,1
25249,6
25250,19
25251,18
25252,15
25253,15
25254,16
25255,19
25256,15
25257,10
25258,7
25259,13
25260,13
25261,14
25262,14
25263,22
25264,18
25265,5
25266,1
25267,15
25268,7
25269,12
25270,8
25271,15
25272,5
25273,11
25274,15
25275,9
25276,18
25277,10
25278,16
25279,4
25280,11
25281,4
25282,23
25283,4
25284,4
25285,4
25286,10
25287,20
25288,3
25289,0
25290,19
25291,16
25292,5
25293,5
25294,15
25295,6
25296,5
25297,8
25298,7
25299,7
25300,2
25301,11
25302,19
25303,5
25304,1
25305,18
25306,4
25307,17
25308,23
25309,17
25310,6
25311,6
25312,20
25313,2
25314,3
25315,7
25316,11
25317,21
25318,7
25319,22
25320,0
25321,15
25322,20
25323,14
25324,13
25325,22
25326,14
25327,8
25328,19
25329,18
25330,1
25331,17
25332,14
25333,0
25334,6
25335,14
25336,23
25337,19
25338,23
25339,13
25340,21
25341,7
25342,3
25343,10
25344,20
25345,21
25346,8
25347,3
25348,20
25349,22
25350,15
25351,3
25352,11
25353,4
25354,9
25355,20
25356,8
25357,0
25358,19
25359,19
25360,4
25361,9
25362,19
25363,15
25364,16
25365,23
25366,0
25367,13
25368,6
25369,6
25370,1
25371,7
25372,10
25373,1
25374,4
25375,21
25376,15
25377,15
25378,9
25379,3
25380,9
25381,7
25382,5
25383,5
25384,1
25385,22
25386,21
25387,19
25388,4
25389,17
25390,4
25391,7
25392,6
25393,4
25394,9
25395,17
25396,4
25397,11
25398,5
25399,22
25400,1
25401,19
25402,7
25403,10
25404,7
25405,15
25406,7
25407,13
25408,16
25409,18
25410,6
25411,8
25412,5
25413,14
25414,4
25415,15
25416,11
25417,22
25418,15
25419,17
25420,18
25421,7
25422,19
25423,4
25424,13
25425,16
25426,17
25427,12
25428,7
25429,5
25430,15
25431,9
25432,7
25433,7
25434,14
25435,21
25436,23
25437,1
25438,22
25439,6
25440,22
25441,13
25442,7
25443,11
25444,8
25445,7
25446,9
25447,15
25448,6
25449,22
25450,19
25451,15
25452,11
25453,17
25454,0
25455,11
25456,3
25457,4
25458,8
25459,1
25460,12
25461,6
25462,1
25463,16
25464,22
25465,21
25466,21
25467,5
25468,18
25469,0
25470,7
25471,22
25472,0
25473,23
25474,3
25475,14
25476,7
25477,7
25478,11
25479,13
25480,0
25481,7
25482,7
25483,1
25484,22
25485,14
25486,22
25487,23
25488,0
25489,23
25490,14
25491,5
25492,11
25493,10
25494,23
25495,0
25496,22
25497,15
25498,22
25499,16
25500,6
25501,7
25502,12
25503,7
25504,4
25505,4
25506,5
25507,4
25508,17
25509,8
25510,12
25511,22
25512,9
25513,13
25514,2
25515,20
25516,1
25517,15
25518,17
25519,5
25520,15
25521,12
25522,11
25523,3
25524,14
25525,21
25526,10
25527,6
25528,16
25529,20
25530,12
25531,16
25532,1
25533,11
25534,10
25535,8
25536,22
25537,3
25538,1
25539,19
25540,18
25541,19
25542,9
25543,6
25544,21
25545,7
25546,23
25547,10
25548,21
25549,17
25550,21
25551,4
25552,11
25553,14
25554,10
25555,13
25556,7
25557,13
25558,11
25559,3
25560,6
25561,17
25562,7
25563,7
25564,22
25565,7
25566,19
25567,23
25568,4
25569,16
25570,7
25571,16
25572,7
25573,12
25574,14
25575,19
25576,8
25577,10
25578,4
25579,15
25580,4
25581,18
25582,0
25583,22
25584,1
25585,17
25586,5
25587,17
25588,1
25589,22
25590,1
25591,1
25592,15
25593,3
25594,20
25595,6
25596,18
25597,22
25598,3
25599,16
25600,7
25601,7
25602,7
25603,16
25604,11
25605,11
25606,5
25607,15
25608,4
25609,7
25610,12
25611,16
25612,5
25613,11
25614,1
25615,13
25616,1
25617,11
25618,12
25619,18
25620,5
25621,6
25622,10
25623,20
25624,7
25625,21
25626,23
25627,16
25628,5
25629,7
25630,15
25631,0
25632,13
25633,4
25634,4
25635,7
25636,16
25637,0
25638,0
25639,19
25640,15
25641,20
25642,7
25643,21
25644,7
25645,13
25646,23
25647,21
25648,1
25649,4
25650,19
25651,8
25652,12
25653,13
25654,19
25655,7
25656,6
25657,20
25658,4
25659,1
25660,16
25661,13
25662,16
25663,16
25664,9
25665,9
25666,5
25667,4
25668,1
25669,10
25670,1
25671,13
25672,4
25673,5
25674,21
25675,15
25676,11
25677,15
25678,17
25679,6
25680,7
25681,13
25682,12
25683,12
25684,2
25685,12
25686,17
25687,19
25688,15
25689,6
25690,12
25691,9
25692,7
25693,0
25694,15
25695,11
25696,1
25697,0
25698,4
25699,3
25700,19
25701,22
25702,12
25703,15
25704,13
25705,15
25706,5
25707,13
25708,15
25709,22
25710,19
25711,5
25712,17
25713,19
25714,15
25715,15
25716,13
25717,14
25718,8
25719,9
25720,5
25721,15
25722,22
25723,14
25724,1
25725,8
25726,5
25727,12
25728,13
25729,4
25730,9
25731,4
25732,12
25733,0
25734,7
25735,19
25736,5
25737,10
25738,10
25739,18
25740,22
25741,21
25742,0
25743,13
25744,4
25745,7
25746,1
25747,14
25748,7
25749,3
25750,7
25751,14
25752,9
25753,1
25754,12
25755,1
25756,11
25757,4
25758,12
25759,13
25760,11
25761,8
25762,12
25763,5
25764,8
25765,7
25766,17
25767,8
25768,6
25769,3
25770,15
25771,16
25772,1
25773,15
25774,1
25775,16
25776,14
25777,15
25778,6
25779,5
25780,1
25781,18
25782,17
25783,18
25784,14
25785,19
25786,17
25787,20
25788,15
25789,11
25790,22
25791,0
25792,4
25793,17
25794,8
25795,7
25796,3
25797,10
25798,7
25799,0
25800,17
25801,10
25802,8
25803,6
25804,0
25805,22
25806,17
25807,3
25808,11
25809,19
25810,0
25811,18
25812,23
25813,7
25814,13
25815,15
25816,4
25817,6
25818,15
25819,19
25820,22
25821,10
25822,13
25823,0
25824,12
25825,4
25826,6
25827,11
25828,13
25829,11
25830,1
25831,18
25832,15
25833,0
25834,4
25835,6
25836,4
25837,10
25838,14
25839,8
25840,7
25841,12
25842,15
25843,5
25844,7
25845,11
25846,19
25847,9
25848,7
25849,18
25850,1
25851,21
25852,22
25853,15
25854,10
25855,4
25856,10
25857,1
25858,16
25859,7
25860,15
25861,22
25862,13
25863,7
25864,3
25865,10
25866,8
25867,15
25868,10
25869,6
25870,3
25871,22
25872,18
25873,16
25874,5
25875,11
25876,20
25877,5
25878,1
25879,20
25880,5
25881,9
25882,17
25883,2
25884,12
25885,10
25886,4
25887,8
25888,9
25889,22
25890,7
25891,16
25892,7
25893,19
25894,0
25895,23
25896,4
25897,18
25898,23
25899,0
25900,4
25901,1
25902,11
25903,12
25904,17
25905,21
25906,1
25907,18
25908,17
25909,1
25910,5
25911,8
25912,23
25913,4
25914,17
25915,22
25916,15
25917,4
25918,6
25919,4
25920,4
25921,13
25922,3
25923,13
25924,20
25925,13
25926,21
25927,1
25928,3
25929,14
25930,11
25931,21
25932,19
25933,11
25934,16
25935,13
25936,15
25937,12
25938,0
25939,8
25940,7
25941,10
25942,7
25943,1
25944,19
25945,11
25946,17
25947,4
25948,12
25949,19
25950,13
25951,10
25952,9
25953,13
25954,13
25955,1
25956,5
25957,22
25958,21
25959,7
25960,22
25961,21
25962,17
25963,7
25964,17
25965,23
25966,7
25967,16
25968,14
25969,11
25970,2
25971,13
25972,22
25973,6
25974,9
25975,14
25976,15
25977,0
25978,23
25979,6
25980,11
25981,23
25982,13
25983,15
25984,3
25985,6
25986,15
25987,3
25988,19
25989,5
25990,6
25991,5
25992,4
25993,20
25994,8
25995,7
25996,7
25997,15
25998,4
25999,17
26000,10
26001,7
26002,11
26003,16
26004,21
26005,4
26006,19
26007,21
26008,0
26009,22
26010,7
26011,4
26012,16
26013,9
26014,19
26015,6
26016,17
26017,13
26018,4
26019,18
26020,14
26021,21
26022,20
26023,5
26024,17
26025,11
26026,16
26027,11
26028,3
26029,15
26030,11
26031,17
26032,22
26033,6
26034,16
26035,17
26036,1
26037,0
26038,18
26039,17
26040,13
26041,7
26042,4
26043,10
26044,9
26045,8
26046,7
26047,5
26048,18
26049,7
26050,2
26051,9
26052,1
26053,20
26054,6
26055,3
26056,10
26057,15
26058,8
26059,12
26060,3
26061,16
26062,17
26063,4
26064,23
26065,20
26066,4
26067,12
26068,7
26069,13
26070,3
26071,9
26072,7
26073,5
26074,9
26075,4
26076,10
26077,7
26078,17
26079,7
26080,23
26081,17
26082,5
26083,11
26084,5
26085,13
26086,13
26087,0
26088,7
26089,17
26090,7
26091,14
26092,11
26093,13
26094,19
26095,7
26096,21
26097,9
26098,14
26099,17
26100,6
26101,21
26102,7
26103,3
26104,9
26105,12
26106,9
26107,7
26108,20
26109,18
26110,3
26111,7
26112,0
26113,1
26114,4
26115,19
26116,1
26117,17
26118,7
26119,6
26120,7
26121,13
26122,17
26123,3
26124,6
26125,20
26126,12
26127,13
26128,7
26129,14
26130,15
26131,6
26132,13
26133,14
26134,4
26135,0
26136,7
26137,23
26138,3
26139,6
26140,18
26141,8
26142,22
26143,16
26144,20
26145,8
26146,10
26147,20
26148,7
26149,23
26150,7
26151,3
26152,8
26153,7
26154,8
26155,13
26156,11
26157,22
26158,19
26159,12
26160,6
26161,16
26162,12
26163,9
26164,12
26165,22
26166,17
26167,16
26168,12
26169,14
26170,16
26171,5
26172,18
26173,12
26174,4
26175,13
26176,14
26177,13
26178,17
26179,1
26180,0
26181,9
26182,7
26183,7
26184,11
26185,15
26186,13
26187,17
26188,17
26189,8
26190,23
26191,15
26192,10
26193,13
26194,23
26195,21
26196,7
26197,7
26198,19
26199,19
26200,11
26201,21
26202,1
26203,0
26204,13
26205,13
26206,13
26207,13
26208,14
26209,13
26210,0
26211,12
26212,8
26213,12
26214,7
26215,13
26216,17
26217,0
26218,17
26219,9
26220,7
26221,18
26222,17
26223,5
26224,0
26225,17
26226,19
26227,0
26228,17
26229,5
26230,19
26231,17
26232,8
26233,16
26234,4
26235,5
26236,19
26237,4
26238,19
26239,14
26240,15
26241,20
26242,12
26243,15
26244,7
26245,15
26246,19
26247,21
26248,7
26249,16
26250,18
26251,0
26252,22
26253,7
26254,22
26255,15
26256,7
26257,13
26258,0
26259,9
26260,22
26261,5
26262,6
26263,10
26264,10
26265,22
26266,7
26267,20
26268,5
26269,0
26270,4
26271,0
26272,11
26273,16
26274,23
26275,16
26276,12
26277,13
26278,16
26279,13
26280,22
26281,4
26282,8
26283,11
26284,22
26285,7
26286,7
26287,0
26288,9
26289,11
26290,13
26291,21
26292,22
26293,6
26294,10
26295,15
26296,21
26297,13
26298,7
26299,6
26300,22
26301,22
26302,20
26303,13
26304,13
26305,6
26306,1
26307,10
26308,13
26309,5
26310,17
26311,9
26312,20
26313,4
26314,20
26315,0
26316,17
26317,18
26318,9
26319,7
26320,16
26321,4
26322,5
26323,3
26324,4
26325,7
26326,18
26327,11
26328,18
26329,21
26330,23
26331,6
26332,17
26333,7
26334,1
26335,4
26336,4
26337,9
26338,4
26339,18
26340,16
26341,7
26342,20
26343,4
26344,13
26345,18
26346,1
26347,8
26348,14
26349,19
26350,18
26351,1
26352,15
26353,0
26354,12
26355,5
26356,20
26357,18
26358,7
26359,0
26360,9
26361,0
26362,17
26363,1
26364,23
26365,6
26366,17
26367,1
26368,15
26369,11
26370,5
26371,13
26372,3
26373,3
26374,13
26375,17
26376,19
26377,0
26378,0
26379,18
26380,4
26381,21
26382,10
26383,0
26384,4
26385,18
26386,19
26387,21
26388,19
26389,12
26390,6
26391,5
26392,20
26393,0
26394,9
26395,8
26396,18
26397,22
26398,13
26399,1
26400,5
26401,0
26402,13
26403,1
26404,21
26405,15
26406,19
26407,0
26408,21
26409,16
26410,16
26411,21
26412,7
26413,15
26414,12
26415,3
26416,5
26417,4
26418,15
26419,19
26420,20
26421,3
26422,22
26423,20
26424,21
26425,5
26426,15
26427,7
26428,3
26429,7
26430,15
26431,7
26432,20
26433,5
26434,7
26435,22
26436,5
26437,9
26438,0
26439,8
26440,19
26441,19
26442,21
26443,22
26444,19
26445,4
26446,15
26447,11
26448,7
26449,10
26450,2
26451,16
26452,3
26453,7
26454,23
26455,0
26456,7
26457,11
26458,16
26459,17
26460,15
26461,13
26462,19
26463,5
26464,0
26465,0
26466,9
26467,13
26468,5
26469,13
26470,5
26471,1
26472,12
26473,4
26474,10
26475,8
26476,12
26477,17
26478,1
26479,19
26480,19
26481,13
26482,22
26483,16
26484,7
26485,16
26486,5
26487,7
26488,16
26489,14
26490,21
26491,13
26492,17
26493,7
26494,7
26495,7
26496,6
26497,17
26498,1
26499,0
26500,12
26501,1
26502,8
26503,4
26504,18
26505,12
26506,4
26507,9
26508,0
26509,17
26510,13
26511,22
26512,20
26513,4
26514,11
26515,11
26516,7
26517,19
26518,22
26519,11
26520,7
26521,2
26522,17
26523,1
26524,17
26525,5
26526,13
26527,15
26528,8
26529,10
26530,19
26531,6
26532,19
26533,11
26534,10
26535,7
26536,15
26537,7
26538,19
26539,18
26540,14
26541,21
26542,6
26543,12
26544,8
26545,13
26546,0
26547,19
26548,15
26549,7
26550,19
26551,11
26552,17
26553,11
26554,7
26555,15
26556,7
26557,18
26558,7
26559,8
26560,10
26561,14
26562,17
26563,2
26564,11
26565,16
26566,14
26567,17
26568,14
26569,18
26570,17
26571,15
26572,11
26573,7
26574,1
26575,8
26576,0
26577,1
26578,17
26579,13
26580,22
26581,3
26582,16
26583,9
26584,1
26585,9
26586,5
26587,15
26588,16
26589,7
26590,1
26591,1
26592,1
26593,16
26594,7
26595,20
26596,4
26597,5
26598,23
26599,22
26600,23
26601,7
26602,16
26603,12
26604,4
26605,17
26606,4
26607,4
26608,13
26609,5
26610,6
26611,17
26612,0
26613,7
26614,22
26615,17
26616,12
26617,21
26618,19
26619,5
26620,7
26621,4
26622,18
26623,12
26624,10
26625,6
26626,6
26627,3
26628,13
26629,1
26630,9
26631,16
26632,10
26633,18
26634,17
26635,7
26636,7
26637,7
26638,21
26639,3
26640,17
26641,21
26642,18
26643,7
26644,11
26645,1
26646,1
26647,17
26648,7
26649,18
26650,19
26651,1
26652,3
26653,16
26654,15
26655,14
26656,2
26657,4
26658,5
26659,20
26660,5
26661,20
26662,23
26663,19
26664,6
26665,20
26666,7
26667,22
26668,0
26669,14
26670,23
26671,7
26672,17
26673,23
26674,14
26675,23
26676,10
26677,4
26678,12
26679,19
26680,13
26681,7
26682,17
26683,11
26684,8
26685,6
26686,18
26687,1
26688,7
26689,19
26690,7
26691,21
26692,7
26693,7
26694,6
26695,4
26696,1
26697,11
26698,17
26699,18
26700,4
26701,14
26702,8
26703,7
26704,1
26705,7
26706,14
26707,8
26708,7
26709,7
26710,9
26711,15
26712,18
26713,13
26714,11
26715,15
26716,21
26717,7
26718,17
26719,7
26720,19
26721,7
26722,6
26723,3
26724,6
26725,21
26726,21
26727,19
26728,7
26729,16
26730,16
26731,14
26732,3
26733,7
26734,10
26735,20
26736,15
26737,22
26738,3
26739,7
26740,8
26741,23
26742,1
26743,1
26744,15
26745,4
26746,14
26747,1
26748,7
26749,19
26750,19
26751,7
26752,15
26753,4
26754,17
26755,23
26756,16
26757,16
26758,0
26759,19
26760,5
26761,14
26762,12
26763,17
26764,4
26765,13
26766,7
26767,18
26768,5
26769,11
26770,14
26771,5
26772,19
26773,19
26774,11
26775,9
26776,13
26777,15
26778,19
26779,15
26780,0
26781,8
26782,11
26783,10
26784,19
26785,23
26786,7
26787,11
26788,14
26789,8
26790,17
26791,7
26792,15
26793,21
26794,10
26795,10
26796,12
26797,10
26798,1
26799,3
26800,2
26801,1
26802,5
26803,17
26804,12
26805,7
26806,4
26807,17
26808,7
26809,12
26810,3
26811,4
26812,15
26813,0
26814,20
26815,1
26816,22
26817,10
26818,8
26819,19
26820,15
26821,1
26822,7
26823,15
26824,10
26825,18
26826,15
26827,18
26828,20
26829,8
26830,6
26831,13
26832,0
26833,7
26834,15
26835,7
26836,23
26837,4
26838,14
26839,6
26840,12
26841,4
26842,15
26843,15
26844,7
26845,22
26846,7
26847,16
26848,10
26849,4
26850,15
26851,7
26852,23
26853,6
26854,7
26855,1
26856,20
26857,9
26858,10
26859,9
26860,2
26861,22
26862,9
26863,16
26864,5
26865,16
26866,21
26867,22
26868,15
26869,7
26870,22
26871,12
26872,5
26873,12
26874,22
26875,13
26876,6
26877,0
26878,6
26879,17
26880,5
26881,17
26882,15
26883,2
26884,16
26885,13
26886,15
26887,19
26888,14
26889,17
26890,15
26891,15
26892,12
26893,23
26894,11
26895,5
26896,7
26897,9
26898,17
26899,12
26900,15
26901,4
26902,0
26903,13
26904,14
26905,22
26906,7
26907,16
26908,5
26909,12
26910,1
26911,14
26912,22
26913,17
26914,0
26915,1
26916,17
26917,22
26918,13
26919,19
26920,13
26921,12
26922,5
26923,15
26924,10
26925,12
26926,13
26927,11
26928,9
26929,17
26930,14
26931,20
26932,7
26933,17
26934,13
26935,2
26936,11
26937,15
26938,7
26939,4
26940,4
26941,13
26942,6
26943,13
26944,3
26945,15
26946,0
26947,12
26948,20
26949,0
26950,6
26951,12
26952,1
26953,23
26954,6
26955,22
26956,16
26957,17
26958,21
26959,18
26960,9
26961,3
26962,12
26963,19
26964,22
26965,10
26966,1
26967,16
26968,13
26969,5
26970,15
26971,21
26972,22
26973,13
26974,18
26975,7
26976,23
26977,16
26978,19
26979,13
26980,21
26981,1
26982,7
26983,4
26984,21
26985,15
26986,12
26987,7
26988,17
26989,22
26990,22
26991,7
26992,7
26993,13
26994,15
26995,0
26996,14
26997,18
26998,4
26999,7
27000,0
27001,12
27002,19
27003,6
27004,15
27005,20
27006,13
27007,23
27008,17
27009,4
27010,22
27011,5
27012,15
27013,14
27014,10
27015,3
27016,17
27017,8
27018,0
27019,7
27020,15
27021,19
27022,14
27023,5
27024,0
27025,19
27026,8
27027,6
27028,12
27029,15
27030,14
27031,21
27032,21
27033,16
27034,5
27035,15
27036,1
27037,22
27038,0
27039,10
27040,0
27041,13
27042,10
27043,6
27044,9
27045,15
27046,14
27047,7
27048,7
27049,7
27050,19
27051,9
27052,3
27053,17
27054,9
27055,0
27056,7
27057,16
27058,22
27059,16
27060,0
27061,4
27062,19
27063,17
27064,16
27065,16
27066,0
27067,12
27068,17
27069,11
27070,22
27071,7
27072,7
27073,21
27074,15
27075,20
27076,23
27077,16
27078,12
27079,14
27080,12
27081,13
27082,19
27083,0
27084,17
27085,19
27086,7
27087,0
27088,5
27089,3
27090,8
27091,12
27092,22
27093,22
27094,5
27095,1
27096,16
27097,7
27098,10
27099,20
27100,15
27101,0
27102,4
27103,15
27104,22
27105,19
27106,23
27107,1
27108,8
27109,22
27110,5
27111,7
27112,12
27113,9
27114,23
27115,11
27116,13
27117,12
27118,4
27119,7
27120,8
27121,15
27122,6
27123,7
27124,1
27125,9
27126,13
27127,10
27128,4
27129,7
27130,16
27131,15
27132,18
27133,21
27134,7
27135,0
27136,7
27137,2
27138,8
27139,12
27140,18
27141,14
27142,18
27143,10
27144,18
27145,7
27146,8
27147,22
27148,4
27149,1
27150,13
27151,7
27152,19
27153,16
27154,22
27155,14
27156,10
27157,22
27158,7
27159,22
27160,4
27161,23
27162,1
27163,11
27164,4
27165,13
27166,16
27167,15
27168,10
27169,7
27170,15
27171,4
27172,7
27173,15
27174,14
27175,13
27176,3
27177,10
27178,9
27179,8
27180,23
27181,0
27182,16
27183,18
27184,19
27185,21
27186,19
27187,10
27188,6
27189,21
27190,5
27191,4
27192,1
27193,18
27194,17
27195,10
27196,15
27197,20
27198,7
27199,22
27200,7
27201,8
27202,19
27203,0
27204,6
27205,0
27206,23
27207,16
27208,4
27209,15
27210,7
27211,1
27212,0
27213,3
27214,22
27215,13
27216,22
27217,3
27218,1
27219,7
27220,5
27221,1
27222,11
27223,7
27224,15
27225,22
27226,23
27227,12
27228,16
27229,5
27230,20
27231,5
27232,13
27233,5
27234,3
27235,16
27236,18
27237,11
27238,19
27239,19
27240,14
27241,1
27242,7
27243,7
27244,19
27245,4
27246,6
27247,16
27248,1
27249,21
27250,1
27251,7
27252,7
27253,7
27254,2
27255,19
27256,2
27257,16
27258,17
27259,10
27260,4
27261,4
27262,1
27263,21
27264,8
27265,7
27266,15
27267,4
27268,6
27269,5
27270,5
27271,13
27272,6
27273,8
27274,21
27275,1
27276,1
27277,4
27278,13
27279,15
27280,4
27281,10
27282,21
27283,22
27284,1
27285,15
27286,17
27287,6
27288,18
27289,8
27290,1
27291,4
27292,13
27293,2
27294,17
27295,15
27296,23
27297,5
27298,21
27299,17
27300,19
27301,18
27302,19
27303,20
27304,1
27305,6
27306,21
27307,21
27308,22
27309,5
27310,7
27311,13
27312,23
27313,12
27314,7
27315,19
27316,19
27317,0
27318,18
27319,11
27320,7
27321,14
27322,4
27323,18
27324,17
27325,12
27326,10
27327,16
27328,1
27329,21
27330,7
27331,18
27332,7
27333,19
27334,13
27335,10
27336,4
27337,1
27338,2
27339,4
27340,15
27341,4
27342,12
27343,13
27344,4
27345,6
27346,4
27347,19
27348,1
27349,14
27350,6
27351,15
27352,21
27353,6
27354,19
27355,11
27356,21
27357,19
27358,17
27359,19
27360,21
27361,15
27362,18
27363,13
27364,22
27365,8
27366,5
27367,11
27368,19
27369,10
27370,22
27371,12
27372,3
27373,15
27374,22
27375,8
27376,12
27377,17
27378,21
27379,16
27380,22
27381,16
27382,6
27383,0
27384,6
27385,18
27386,2
27387,12
27388,15
27389,12
27390,8
27391,12
27392,23
27393,16
27394,19
27395,9
27396,8
27397,13
27398,15
27399,19
27400,17
27401,5
27402,10
27403,6
27404,0
27405,21
27406,4
27407,15
27408,7
27409,15
27410,15
27411,5
27412,19
27413,10
27414,11
27415,17
27416,5
27417,7
27418,2
27419,22
27420,23
27421,22
27422,15
27423,7
27424,10
27425,13
27426,17
27427,9
27428,14
27429,1
27430,20
27431,4
27432,4
27433,14
27434,19
27435,21
27436,13
27437,5
27438,7
27439,3
27440,5
27441,19
27442,15
27443,10
27444,5
27445,11
27446,17
27447,22
27448,15
27449,8
27450,15
27451,3
27452,7
27453,22
27454,5
27455,5
27456,6
27457,5
27458,15
27459,14
27460,17
27461,1
27462,18
27463,20
27464,4
27465,20
27466,22
27467,10
27468,21
27469,14
27470,7
27471,0
27472,9
27473,15
27474,14
27475,23
27476,5
27477,22
27478,17
27479,4
27480,15
27481,9
27482,4
27483,19
27484,23
27485,20
27486,16
27487,5
27488,11
27489,0
27490,16
27491,1
27492,16
27493,20
27494,1
27495,1
27496,15
27497,19
27498,5
27499,4
27500,15
27501,4
27502,9
27503,23
27504,9
27505,13
27506,13
27507,17
27508,15
27509,19
27510,0
27511,12
27512,8
27513,17
27514,13
27515,17
27516,3
27517,2
27518,6
27519,5
27520,15
27521,0
27522,1
27523,18
27524,7
27525,4
27526,4
27527,21
27528,7
27529,3
27530,14
27531,13
27532,0
27533,12
27534,0
27535,4
27536,23
27537,18
27538,7
27539,16
27540,5
27541,17
27542,5
27543,11
27544,11
27545,13
27546,12
27547,4
27548,17
27549,7
27550,7
27551,21
27552,23
27553,22
27554,7
27555,13
27556,13
27557,16
27558,4
27559,11
27560,17
27561,19
27562,15
27563,15
27564,8
27565,19
27566,4
27567,17
27568,16
27569,22
27570,4
27571,2
27572,17
27573,7
27574,6
27575,14
27576,12
27577,19
27578,0
27579,16
27580,13
27581,5
27582,0
27583,19
27584,7
27585,19
27586,3
27587,1
27588,0
27589,19
27590,18
27591,15
27592,2
27593,23
27594,19
27595,12
27596,18
27597,8
27598,16
27599,21
27600,23
27601,7
27602,13
27603,15
27604,6
27605,14
27606,17
27607,9
27608,7
27609,6
27610,21
27611,10
27612,14
27613,22
27614,3
27615,23
27616,8
27617,3
27618,6
27619,2
27620,7
27621,15
27622,3
27623,14
27624,15
27625,6
27626,10
27627,15
27628,12
27629,13
27630,18
27631,21
27632,22
27633,9
27634,1
27635,13
27636,18
27637,12
27638,19
27639,22
27640,6
27641,3
27642,20
27643,0
27644,7
27645,8
27646,3
27647,9
27648,7
27649,5
27650,7
27651,20
27652,17
27653,16
27654,0
27655,6
27656,0
27657,7
27658,13
27659,19
27660,14
27661,8
27662,8
27663,23
27664,6
27665,7
27666,9
27667,5
27668,13
27669,19
27670,5
27671,4
27672,11
27673,4
27674,6
27675,2
27676,21
27677,19
27678,19
27679,12
27680,7
27681,12
27682,11
27683,22
27684,13
27685,22
27686,0
27687,21
27688,5
27689,15
27690,20
27691,7
27692,10
27693,18
27694,8
27695,8
27696,15
27697,7
27698,4
27699,4
27700,0
27701,0
27702,4
27703,6
27704,19
27705,12
27706,11
27707,4
27708,19
27709,7
27710,4
27711,16
27712,15
27713,18
27714,16
27715,3
27716,13
27717,3
27718,11
27719,14
27720,14
27721,8
27722,9
27723,5
27724,11
27725,3
27726,11
27727,19
27728,7
27729,21
27730,15
27731,13
27732,6
27733,0
27734,10
27735,15
27736,21
27737,7
27738,8
27739,7
27740,5
27741,1
27742,3
27743,15
27744,13
27745,5
27746,11
27747,13
27748,9
27749,15
27750,18
27751,6
27752,7
27753,13
27754,21
27755,19
27756,5
27757,19
27758,10
27759,15
27760,13
27761,18
27762,15
27763,22
27764,0
27765,3
27766,7
27767,22
27768,9
27769,13
27770,13
27771,14
27772,17
27773,6
27774,7
27775,9
27776,7
27777,22
27778,7
27779,5
27780,15
27781,18
27782,7
27783,10
27784,17
27785,0
27786,11
27787,20
27788,16
27789,21
27790,16
27791,4
27792,4
27793,22
27794,7
27795,17
27796,1
27797,21
27798,22
27799,1
27800,4
27801,14
27802,17
27803,0
27804,22
27805,7
27806,19
27807,0
27808,5
27809,9
27810,20
27811,12
27812,19
27813,1
27814,4
27815,15
27816,23
27817,1
27818,7
27819,19
27820,10
27821,11
27822,22
27823,19
27824,11
27825,12
27826,4
27827,3
27828,7
27829,9
27830,13
27831,10
27832,19
27833,21
27834,11
27835,11
27836,23
27837,12
27838,1
27839,23
27840,10
27841,4
27842,7
27843,0
27844,11
27845,9
27846,14
27847,4
27848,4
27849,15
27850,0
27851,4
27852,11
27853,7
27854,22
27855,13
27856,1
27857,7
27858,12
27859,17
27860,14
27861,15
27862,19
27863,7
27864,13
27865,4
27866,12
27867,15
27868,11
27869,18
27870,17
27871,3
27872,7
27873,7
27874,1
27875,8
27876,21
27877,12
27878,18
27879,3
27880,7
27881,7
27882,7
27883,4
27884,19
27885,16
27886,13
27887,23
27888,19
27889,15
27890,17
27891,20
27892,7
27893,5
27894,10
27895,7
27896,7
27897,12
27898,8
27899,22
27900,11
27901,2
27902,22
27903,23
27904,6
27905,13
27906,7
27907,22
27908,15
27909,19
27910,7
27911,7
27912,12
27913,18
27914,6
27915,23
27916,1
27917,0
27918,22
27919,7
27920,0
27921,10
27922,6
27923,1
27924,13
27925,5
27926,15
27927,5
27928,20
27929,23
27930,14
27931,8
27932,1
27933,6
27934,16
27935,0
27936,19
27937,21
27938,13
27939,1
27940,4
27941,12
27942,17
27943,12
27944,14
27945,1
27946,9
27947,0
27948,12
27949,11
27950,8
27951,17
27952,17
27953,4
27954,22
27955,20
27956,15
27957,18
27958,7
27959,7
27960,11
27961,6
27962,11
27963,19
27964,11
27965,13
27966,13
27967,21
27968,11
27969,7
27970,3
27971,21
27972,22
27973,16
27974,14
27975,12
27976,3
27977,3
27978,16
27979,22
27980,8
27981,16
27982,16
27983,7
27984,2
27985,5
27986,18
27987,17
27988,9
27989,7
27990,7
27991,20
27992,20
27993,13
27994,12
27995,3
27996,16
27997,19
27998,13
27999,5
28000,12
28001,4
28002,23
28003,17
28004,17
28005,2
28006,4
28007,17
28008,20
28009,3
28010,13
28011,7
28012,19
28013,9
28014,1
28015,12
28016,20
28017,8
28018,17
28019,10
28020,1
28021,15
28022,10
28023,3
28024,6
28025,19
28026,21
28027,15
28028,9
28029,3
28030,10
28031,22
28032,22
28033,1
28034,13
28035,17
28036,7
28037,19
28038,7
28039,7
28040,0
28041,22
28042,4
28043,19
28044,4
28045,11
28046,0
28047,14
28048,21
28049,22
28050,19
28051,4
28052,7
28053,19
28054,12
28055,17
28056,3
28057,4
28058,4
28059,17
28060,6
28061,4
28062,15
28063,3
28064,15
28065,21
28066,17
28067,7
28068,19
28069,12
28070,5
28071,15
28072,22
28073,4
28074,0
28075,6
28076,0
28077,4
28078,14
28079,19
28080,15
28081,1
28082,7
28083,14
28084,21
28085,7
28086,4
28087,1
28088,5
28089,1
28090,8
28091,14
28092,9
28093,3
28094,19
28095,22
28096,16
28097,0
28098,16
28099,15
28100,15
28101,23
28102,1
28103,23
28104,12
28105,15
28106,3
28107,1
28108,9
28109,22
28110,5
28111,18
28112,15
28113,14
28114,7
28115,16
28116,16
28117,0
28118,21
28119,4
28120,19
28121,13
28122,16
28123,6
28124,7
28125,8
28126,4
28127,20
28128,3
28129,15
28130,22
28131,1
28132,10
28133,23
28134,17
28135,15
28136,16
28137,19
28138,22
28139,4
28140,7
28141,18
28142,6
28143,16
28144,13
28145,21
28146,17
28147,13
28148,2
28149,7
28150,4
28151,20
28152,13
28153,12
28154,7
28155,5
28156,13
28157,15
28158,19
28159,18
28160,17
28161,15
28162,0
28163,7
28164,17
28165,0
28166,5
28167,17
28168,17
28169,12
28170,7
28171,13
28172,5
28173,14
28174,6
28175,23
28176,17
28177,18
28178,7
28179,11
28180,14
28181,1
28182,20
28183,19
28184,0
28185,8
28186,22
28187,0
28188,16
28189,1
28190,7
28191,19
28192,6
28193,15
28194,10
28195,7
28196,9
28197,13
28198,9
28199,16
28200,14
28201,14
28202,8
28203,4
28204,9
28205,0
28206,17
28207,2
28208,14
28209,19
28210,5
28211,13
28212,7
28213,22
28214,1
28215,1
28216,1
28217,20
28218,7
28219,8
28220,19
28221,22
28222,13
28223,14
28224,7
28225,22
28226,4
28227,8
28228,22
28229,23
28230,17
28231,1
28232,19
28233,16
28234,19
28235,10
28236,16
28237,23
28238,1
28239,18
28240,9
28241,0
28242,11
28243,13
28244,15
28245,17
28246,17
28247,11
28248,13
28249,13
28250,23
28251,11
28252,8
28253,11
28254,22
28255,14
28256,0
28257,19
28258,11
28259,12
28260,4
28261,4
28262,17
28263,22
28264,11
28265,20
28266,6
28267,13
28268,20
28269,22
28270,6
28271,0
28272,19
28273,2
28274,6
28275,1
28276,1
28277,17
28278,13
28279,0
28280,22
28281,11
28282,7
28283,14
28284,17
28285,22
28286,13
28287,15
28288,9
28289,10
28290,1
28291,1
28292,14
28293,1
28294,11
28295,2
28296,9
28297,4
28298,5
28299,17
28300,3
28301,11
28302,14
28303,4
28304,7
28305,0
28306,15
28307,17
28308,16
28309,17
28310,15
28311,1
28312,1
28313,4
28314,6
28315,13
28316,22
28317,16
28318,19
28319,19
28320,4
28321,18
28322,16
28323,23
28324,5
28325,1
28326,16
28327,15
28328,7
28329,8
28330,11
28331,19
28332,18
28333,7
28334,13
28335,13
28336,0
28337,7
28338,8
28339,15
28340,15
28341,13
28342,0
28343,16
28344,12
28345,9
28346,22
28347,15
28348,4
28349,14
28350,22
28351,7
28352,16
28353,8
28354,0
28355,15
28356,16
28357,13
28358,23
28359,7
28360,6
28361,13
28362,11
28363,22
28364,1
28365,17
28366,2
28367,17
28368,9
28369,13
28370,8
28371,12
28372,2
28373,21
28374,4
28375,1
28376,0
28377,6
28378,4
28379,1
28380,17
28381,9
28382,1
28383,17
28384,5
28385,13
28386,4
28387,12
28388,14
28389,1
28390,6
28391,4
28392,4
28393,3
28394,16
28395,6
28396,12
28397,18
28398,21
28399,4
28400,2
28401,4
28402,7
28403,7
28404,20
28405,4
28406,0
28407,7
28408,7
28409,18
28410,14
28411,7
28412,7
28413,13
28414,12
28415,10
28416,3
28417,6
28418,13
28419,15
28420,19
28421,12
28422,0
28423,13
28424,19
28425,4
28426,15
28427,1
28428,9
28429,6
28430,6
28431,14
28432,15
28433,19
28434,1
28435,7
28436,21
28437,4
28438,14
28439,13
28440,13
28441,18
28442,15
28443,12
28444,22
28445,10
28446,18
28447,19
28448,0
28449,21
28450,14
28451,15
28452,21
28453,11
28454,10
28455,13
28456,13
28457,19
28458,2
28459,12
28460,1
28461,15
28462,14
28463,17
28464,22
28465,16
28466,8
28467,0
28468,1
28469,5
28470,13
28471,12
28472,5
28473,19
28474,4
28475,9
28476,12
28477,3
28478,0
28479,15
28480,3
28481,9
28482,1
28483,14
28484,17
28485,0
28486,8
28487,22
28488,3
28489,15
28490,7
28491,7
28492,0
28493,12
28494,9
28495,4
28496,22
28497,17
28498,22
28499,9
28500,4
28501,5
28502,4
28503,8
28504,0
28505,22
28506,7
28507,18
28508,2
28509,22
28510,18
28511,10
28512,4
28513,14
28514,8
28515,22
28516,15
28517,16
28518,7
28519,11
28520,7
28521,1
28522,19
28523,14
28524,17
28525,8
28526,0
28527,21
28528,4
28529,23
28530,12
28531,13
28532,22
28533,6
28534,11
28535,13
28536,1
28537,17
28538,20
28539,17
28540,7
28541,9
28542,14
28543,16
28544,17
28545,2
28546,19
28547,10
28548,11
28549,10
28550,3
28551,20
28552,3
28553,7
28554,11
28555,4
28556,7
28557,1
28558,21
28559,18
28560,23
28561,11
28562,9
28563,10
28564,4
28565,13
28566,13
28567,15
28568,22
28569,1
28570,7
28571,16
28572,17
28573,15
28574,11
28575,23
28576,23
28577,12
28578,13
28579,15
28580,17
28581,0
28582,14
28583,6
28584,10
28585,6
28586,6
28587,7
28588,9
28589,18
28590,3
28591,21
28592,16
28593,8
28594,0
28595,23
28596,6
28597,23
28598,13
28599,11
28600,22
28601,22
28602,12
28603,3
28604,2
28605,22
28606,6
28607,10
28608,10
28609,6
28610,21
28611,0
28612,16
28613,19
28614,22
28615,20
28616,18
28617,23
28618,19
28619,6
28620,13
28621,12
28622,10
28623,11
28624,13
28625,18
28626,19
28627,22
28628,10
28629,19
28630,19
28631,4
28632,23
28633,22
28634,10
28635,6
28636,9
28637,21
28638,20
28639,14
28640,7
28641,11
28642,9
28643,7
28644,6
28645,3
28646,6
28647,22
28648,22
28649,4
28650,19
28651,7
28652,19
28653,6
28654,8
28655,7
28656,0
28657,17
28658,13
28659,15
28660,8
28661,11
28662,16
28663,15
28664,18
28665,7
28666,15
28667,7
28668,14
28669,13
28670,4
28671,4
28672,0
28673,16
28674,7
28675,7
28676,18
28677,16
28678,23
28679,6
28680,15
28681,16
28682,15
28683,18
28684,13
28685,7
28686,3
28687,16
28688,0
28689,21
28690,16
28691,17
28692,17
28693,12
28694,22
28695,20
28696,21
28697,10
28698,15
28699,3
28700,13
28701,13
28702,17
28703,22
28704,10
28705,0
28706,9
28707,21
28708,13
28709,16
28710,5
28711,0
28712,11
28713,10
28714,5
28715,15
28716,19
28717,10
28718,1
28719,6
28720,9
28721,0
28722,19
28723,15
28724,21
28725,10
28726,7
28727,19
28728,3
28729,22
28730,21
28731,21
28732,15
28733,1
28734,14
28735,13
28736,15
28737,22
28738,11
28739,1
28740,7
28741,21
28742,7
28743,11
28744,18
28745,10
28746,4
28747,7
28748,8
28749,7
28750,5
28751,17
28752,13
28753,17
28754,7
28755,7
28756,7
28757,13
28758,4
28759,4
28760,15
28761,21
28762,4
28763,1
28764,17
28765,21
28766,12
28767,22
28768,8
28769,8
28770,4
28771,12
28772,11
28773,9
28774,16
28775,0
28776,4
28777,9
28778,17
28779,0
28780,20
28781,11
28782,19
28783,1
28784,1
28785,0
28786,16
28787,13
28788,11
28789,8
28790,1
28791,4
28792,4
28793,7
28794,15
28795,22
28796,14
28797,15
28798,4
28799,1
28800,7
28801,13
28802,23
28803,9
28804,13
28805,7
28806,13
28807,10
28808,16
28809,8
28810,17
28811,19
28812,19
28813,18
28814,7
28815,16
28816,22
28817,1
28818,17
28819,20
28820,5
28821,6
28822,12
28823,15
28824,10
28825,15
28826,9
28827,16
28828,14
28829,3
28830,15
28831,9
28832,20
28833,8
28834,18
28835,13
28836,0
28837,20
28838,22
28839,13
28840,4
28841,15
28842,16
28843,15
28844,7
28845,17
28846,17
28847,13
28848,21
28849,1
28850,9
28851,18
28852,17
28853,19
28854,21
28855,0
28856,22
28857,19
28858,6
28859,6
28860,0
28861,6
28862,8
28863,13
28864,7
28865,15
28866,9
28867,7
28868,19
28869,15
28870,15
28871,7
28872,13
28873,15
28874,15
28875,10
28876,11
28877,21
28878,13
28879,19
28880,22
28881,3
28882,4
28883,10
28884,10
28885,19
28886,19
28887,17
28888,4
28889,19
28890,7
28891,18
28892,19
28893,22
28894,7
28895,13
28896,12
28897,21
28898,4
28899,10
28900,7
28901,11
28902,12
28903,20
28904,13
28905,19
28906,2
28907,7
28908,17
28909,0
28910,7
28911,5
28912,8
28913,11
28914,11
28915,17
28916,20
28917,7
28918,17
28919,0
28920,1
28921,10
28922,19
28923,23
28924,7
28925,20
28926,4
28927,13
28928,7
28929,22
28930,18
28931,9
28932,9
28933,7
28934,0
28935,12
28936,10
28937,17
28938,16
28939,11
28940,18
28941,4
28942,11
28943,7
28944,5
28945,21
28946,20
28947,22
28948,3
28949,7
28950,21
28951,12
28952,7
28953,15
28954,6
28955,0
28956,15
28957,21
28958,10
28959,4
28960,18
28961,0
28962,11
28963,18
28964,21
28965,22
28966,10
28967,1
28968,7
28969,21
28970,5
28971,4
28972,14
28973,5
28974,14
28975,21
28976,7
28977,4
28978,15
28979,5
28980,18
28981,10
28982,7
28983,17
28984,14
28985,15
28986,21
28987,13
28988,21
28989,22
28990,0
28991,4
28992,4
28993,3
28994,7
28995,5
28996,5
28997,3
28998,16
28999,1
29000,16
29001,17
29002,5
29003,21
29004,19
29005,3
29006,4
29007,11
29008,15
29009,0
29010,23
29011,22
29012,7
29013,17
29014,11
29015,7
29016,4
29017,12
29018,19
29019,21
29020,22
29021,16
29022,6
29023,9
29024,22
29025,7
29026,18
29027,5
29028,1
29029,17
29030,10
29031,13
29032,22
29033,10
29034,19
29035,6
29036,14
29037,10
29038,9
29039,16
29040,3
29041,7
29042,1
29043,13
29044,8
29045,15
29046,15
29047,7
29048,4
29049,6
29050,15
29051,15
29052,22
29053,20
29054,19
29055,11
29056,22
29057,17
29058,5
29059,20
29060,7
29061,21
29062,19
29063,8
29064,15
29065,19
29066,23
29067,4
29068,9
29069,6
29070,3
29071,13
29072,7
29073,22
29074,20
29075,16
29076,8
29077,19
29078,17
29079,17
29080,19
29081,7
29082,6
29083,4
29084,5
29085,3
29086,2
29087,0
29088,19
29089,4
29090,16
29091,0
29092,23
29093,13
29094,15
29095,7
29096,8
29097,22
29098,11
29099,15
29100,20
29101,14
29102,15
29103,4
29104,7
29105,17
29106,17
29107,19
29108,17
29109,13
29110,9
29111,5
29112,17
29113,13
29114,19
29115,21
29116,5
29117,11
29118,15
29119,15
29120,22
29121,12
29122,3
29123,22
29124,17
29125,19
29126,13
29127,7
29128,13
29129,19
29130,14
29131,12
29132,21
29133,9
29134,2
29135,0
29136,11
29137,0
29138,21
29139,7
29140,1
29141,13
29142,23
29143,14
29144,11
29145,15
29146,16
29147,12
29148,12
29149,4
29150,7
29151,15
29152,4
29153,10
29154,9
29155,18
29156,1
29157,15
29158,5
29159,0
29160,9
29161,13
29162,21
29163,8
29164,22
29165,9
29166,20
29167,11
29168,1
29169,8
29170,15
29171,15
29172,23
29173,1
29174,10
29175,7
29176,18
29177,19
29178,7
29179,14
29180,3
29181,19
29182,8
29183,10
29184,4
29185,22
29186,3
29187,7
29188,9
29189,15
29190,15
29191,22
29192,21
29193,8
29194,0
29195,21
29196,19
29197,4
29198,10
29199,17
29200,22
29201,4
29202,16
29203,18
29204,17
29205,19
29206,14
29207,11
29208,4
29209,10
29210,20
29211,6
29212,0
29213,13
29214,18
29215,12
29216,5
29217,1
29218,3
29219,13
29220,7
29221,0
29222,18
29223,10
29224,8
29225,14
29226,13
29227,10
29228,17
29229,14
29230,23
29231,9
29232,12
29233,11
29234,6
29235,0
29236,1
29237,9
29238,1
29239,18
29240,7
29241,20
29242,7
29243,8
29244,22
29245,1
29246,18
29247,8
29248,5
29249,7
29250,7
29251,16
29252,15
29253,17
29254,6
29255,10
29256,5
29257,21
29258,1
29259,7
29260,22
29261,0
29262,10
29263,22
29264,19
29265,8
29266,19
29267,7
29268,21
29269,1
29270,22
29271,15
29272,13
29273,3
29274,16
29275,19
29276,4
29277,15
29278,21
29279,14
29280,5
29281,15
29282,4
29283,4
29284,20
29285,19
29286,21
29287,18
29288,19
29289,7
29290,5
29291,15
29292,5
29293,3
29294,12
29295,13
29296,9
29297,4
29298,12
29299,21
29300,9
29301,23
29302,5
29303,12
29304,7
29305,7
29306,4
29307,7
29308,11
29309,19
29310,7
29311,22
29312,8
29313,19
29314,13
29315,9
29316,6
29317,13
29318,17
29319,12
29320,4
29321,4
29322,5
29323,22
29324,1
29325,22
29326,13
29327,21
29328,6
29329,22
29330,16
29331,4
29332,11
29333,6
29334,20
29335,7
29336,5
29337,14
29338,12
29339,0
29340,7
29341,22
29342,0
29343,8
29344,10
29345,10
29346,17
29347,13
29348,15
29349,1
29350,21
29351,1
29352,19
29353,19
29354,22
29355,7
29356,12
29357,4
29358,18
29359,1
29360,4
29361,19
29362,5
29363,22
29364,21
29365,17
29366,9
29367,1
29368,19
29369,19
29370,14
29371,15
29372,19
29373,16
29374,9
29375,16
29376,17
29377,13
29378,7
29379,22
29380,13
29381,18
29382,10
29383,14
29384,7
29385,8
29386,21
29387,11
29388,16
29389,12
29390,5
29391,10
29392,21
29393,8
29394,22
29395,6
29396,6
29397,16
29398,7
29399,16
29400,0
29401,4
29402,7
29403,6
29404,19
29405,8
29406,21
29407,3
29408,17
29409,23
29410,19
29411,17
29412,4
29413,0
29414,13
29415,17
29416,0
29417,22
29418,15
29419,1
29420,7
29421,13
29422,19
29423,12
29424,15
29425,6
29426,0
29427,18
29428,21
29429,16
29430,23
29431,5
29432,4
29433,9
29434,11
29435,9
29436,5
29437,11
29438,7
29439,10
29440,15
29441,6
29442,0
29443,15
29444,0
29445,12
29446,13
29447,1
29448,15
29449,0
29450,4
29451,7
29452,19
29453,5
29454,11
29455,9
29456,23
29457,7
29458,18
29459,4
29460,1
29461,22
29462,0
29463,6
29464,0
29465,8
29466,6
29467,16
29468,15
29469,13
29470,9
29471,14
29472,23
29473,7
29474,21
29475,11
29476,17
29477,8
29478,13
29479,5
29480,7
29481,20
29482,19
29483,13
29484,7
29485,6
29486,23
29487,13
29488,4
29489,0
29490,15
29491,22
29492,6
29493,13
29494,7
29495,12
29496,5
29497,23
29498,15
29499,0
29500,4
29501,10
29502,11
29503,0
29504,13
29505,15
29506,17
29507,16
29508,20
29509,5
29510,3
29511,17
29512,16
29513,1
29514,8
29515,10
29516,20
29517,9
29518,7
29519,2
29520,11
29521,12
29522,1
29523,4
29524,12
29525,11
29526,15
29527,5
29528,1
29529,3
29530,13
29531,5
29532,5
29533,19
29534,8
29535,22
29536,17
29537,21
29538,6
29539,1
29540,13
29541,15
29542,23
29543,20
29544,15
29545,7
29546,11
29547,7
29548,21
29549,11
29550,2
29551,23
29552,17
29553,15
29554,7
29555,19
29556,5
29557,12
29558,13
29559,15
29560,2
29561,10
29562,17
29563,19
29564,2
29565,18
29566,14
29567,10
29568,5
29569,14
29570,4
29571,13
29572,1
29573,8
29574,20
29575,6
29576,20
29577,21
29578,7
29579,4
29580,1
29581,1
29582,15
29583,19
29584,18
29585,18
29586,9
29587,22
29588,21
29589,4
29590,3
29591,9
29592,17
29593,6
29594,15
29595,7
29596,5
29597,16
29598,0
29599,19
29600,5
29601,6
29602,13
29603,21
29604,19
29605,18
29606,0
29607,12
29608,19
29609,4
29610,15
29611,22
29612,4
29613,2
29614,7
29615,12
29616,0
29617,1
29618,13
29619,3
29620,22
29621,21
29622,7
29623,10
29624,7
29625,20
29626,4
29627,14
29628,11
29629,21
29630,14
29631,13
29632,22
29633,6
29634,15
29635,8
29636,19
29637,11
29638,5
29639,8
29640,13
29641,19
29642,18
29643,18
29644,21
29645,10
29646,13
29647,7
29648,18
29649,13
29650,5
29651,6
29652,15
29653,8
29654,4
29655,1
29656,5
29657,15
29658,18
29659,2
29660,19
29661,19
29662,20
29663,19
29664,18
29665,14
29666,22
29667,18
29668,15
29669,20
29670,17
29671,11
29672,4
29673,1
29674,1
29675,5
29676,12
29677,23
29678,17
29679,4
29680,22
29681,14
29682,0
29683,22
29684,4
29685,23
29686,4
29687,20
29688,1
29689,22
29690,18
29691,8
29692,3
29693,7
29694,13
29695,6
29696,12
29697,7
29698,20
29699,4
29700,1
29701,3
29702,19
29703,4
29704,3
29705,11
29706,18
29707,19
29708,11
29709,7
29710,9
29711,4
29712,15
29713,12
29714,6
29715,12
29716,22
29717,22
29718,11
29719,9
29720,4
29721,15
29722,16
29723,12
29724,11
29725,22
29726,14
29727,10
29728,23
29729,3
29730,13
29731,14
29732,7
29733,17
29734,1
29735,19
29736,15
29737,9
29738,1
29739,18
29740,16
29741,4
29742,14
29743,21
29744,13
29745,7
29746,16
29747,12
29748,6
29749,9
29750,15
29751,9
29752,0
29753,5
29754,22
29755,17
29756,11
29757,1
29758,13
29759,21
29760,6
29761,5
29762,6
29763,22
29764,7
29765,1
29766,19
29767,13
29768,7
29769,2
29770,10
29771,3
29772,7
29773,7
29774,4
29775,19
29776,15
29777,3
29778,22
29779,0
29780,8
29781,18
29782,4
29783,7
29784,17
29785,17
29786,21
29787,12
29788,8
29789,0
29790,22
29791,13
29792,7
29793,22
29794,16
29795,1
29796,22
29797,8
29798,15
29799,17
29800,12
29801,12
29802,2
29803,17
29804,18
29805,18
29806,23
29807,12
29808,0
29809,13
29810,7
29811,19
29812,13
29813,1
29814,7
29815,9
29816,13
29817,17
29818,9
29819,1
29820,18
29821,5
29822,23
29823,12
29824,4
29825,23
29826,7
29827,4
29828,1
29829,9
29830,0
29831,19
29832,11
29833,6
29834,4
29835,15
29836,4
29837,20
29838,15
29839,4
29840,17
29841,5
29842,13
29843,21
29844,6
29845,22
29846,15
29847,7
29848,1
29849,0
29850,3
29851,6
29852,15
29853,7
29854,17
29855,7
29856,9
29857,17
29858,19
29859,21
29860,3
29861,7
29862,6
29863,14
29864,6
29865,12
29866,4
29867,15
29868,1
29869,11
29870,10
29871,1
29872,19
29873,11
29874,21
29875,20
29876,2
29877,7
29878,18
29879,0
29880,13
29881,2
29882,1
29883,9
29884,0
29885,15
29886,9
29887,7
29888,4
29889,10
29890,19
29891,6
29892,22
29893,15
29894,22
29895,16
29896,13
29897,19
29898,17
29899,15
29900,12
29901,19
29902,0
29903,13
29904,17
29905,10
29906,20
29907,1
29908,0
29909,14
29910,10
29911,22
29912,12
29913,3
29914,11
29915,1
29916,17
29917,7
29918,9
29919,15
29920,16
29921,21
29922,3
29923,12
29924,7
29925,16
29926,18
29927,6
29928,0
29929,18
29930,0
29931,17
29932,12
29933,4
29934,16
29935,1
29936,7
29937,0
29938,6
29939,17
29940,6
29941,17
29942,1
29943,15
29944,0
29945,5
29946,9
29947,13
29948,16
29949,4
29950,1
29951,1
29952,8
29953,6
29954,2
29955,16
29956,13
29957,20
29958,9
29959,7
29960,14
29961,6
29962,16
29963,3
29964,15
29965,5
29966,20
29967,19
29968,12
29969,14
29970,21
29971,19
29972,7
29973,6
29974,13
29975,18
29976,7
29977,11
29978,5
29979,22
29980,1
29981,4
29982,19
29983,7
29984,22
29985,15
29986,19
29987,4
29988,21
29989,20
29990,5
29991,6
29992,7
29993,21
29994,3
29995,19
29996,4
29997,22
29998,20
29999,23
30000,17
30001,20
30002,13
30003,10
30004,11
30005,1
30006,11
30007,22
30008,5
30009,0
30010,7
30011,11
30012,10
30013,1
30014,6
30015,7
30016,17
30017,15
30018,17
30019,12
30020,19
30021,18
30022,22
30023,12
30024,18
30025,9
30026,9
30027,15
30028,15
30029,0
30030,11
30031,7
30032,12
30033,6
30034,11
30035,6
30036,5
30037,17
30038,6
30039,14
30040,21
30041,10
30042,12
30043,3
30044,1
30045,3
30046,3
30047,7
30048,22
30049,3
30050,3
30051,1
30052,6
30053,13
30054,13
30055,13
30056,7
30057,14
30058,19
30059,15
30060,7
30061,4
30062,14
30063,0
30064,7
30065,18
30066,1
30067,6
30068,23
30069,12
30070,4
30071,13
30072,13
30073,4
30074,7
30075,14
30076,0
30077,8
30078,10
30079,19
30080,0
30081,19
30082,15
30083,13
30084,23
30085,15
30086,20
30087,15
30088,17
30089,17
30090,2
30091,21
30092,9
30093,18
30094,15
30095,12
30096,4
30097,19
30098,7
30099,17
30100,11
30101,13
30102,3
30103,10
30104,23
30105,7
30106,21
30107,18
30108,18
30109,21
30110,6
30111,9
30112,17
30113,16
30114,3
30115,7
30116,5
30117,21
30118,10
30119,7
30120,20
30121,0
30122,0
30123,10
30124,12
30125,11
30126,12
30127,0
30128,17
30129,8
30130,1
30131,14
30132,23
30133,0
30134,22
30135,19
30136,1
30137,8
30138,7
30139,2
30140,23
30141,12
30142,15
30143,10
30144,22
30145,11
30146,14
30147,11
30148,5
30149,7
30150,8
30151,21
30152,4
30153,15
30154,19
30155,7
30156,9
30157,8
30158,23
30159,16
30160,22
30161,4
30162,7
30163,0
30164,15
30165,0
30166,10
30167,19
30168,7
30169,13
30170,22
30171,17
30172,6
30173,9
30174,7
30175,6
30176,13
30177,6
30178,20
30179,6
30180,18
30181,11
30182,12
30183,4
30184,7
30185,5
30186,10
30187,0
30188,15
30189,4
30190,23
30191,9
30192,9
30193,23
30194,1
30195,19
30196,4
30197,5
30198,19
30199,17
30200,8
30201,21
30202,12
30203,5
30204,14
30205,1
30206,1
30207,8
30208,6
30209,7
30210,21
30211,9
30212,4
30213,20
30214,7
30215,19
30216,18
30217,15
30218,19
30219,0
30220,17
30221,19
30222,1
30223,1
30224,18
30225,21
30226,8
30227,15
30228,21
30229,6
30230,1
30231,5
30232,11
30233,16
30234,17
30235,19
30236,7
30237,5
30238,15
30239,7
30240,15
30241,10
30242,8
30243,21
30244,13
30245,13
30246,15
30247,1
30248,0
30249,7
30250,1
30251,4
30252,0
30253,7
30254,0
30255,7
30256,1
30257,7
30258,15
30259,11
30260,3
30261,12
30262,23
30263,1
30264,22
30265,12
30266,19
30267,5
30268,4
30269,7
30270,0
30271,11
30272,21
30273,15
30274,4
30275,7
30276,7
30277,13
30278,11
30279,4
30280,22
30281,21
30282,7
30283,16
30284,5
30285,7
30286,1
30287,20
30288,13
30289,6
30290,3
30291,16
30292,6
30293,15
30294,19
30295,11
30296,14
30297,18
30298,21
30299,7
30300,15
30301,7
30302,1
30303,15
30304,13
30305,15
30306,8
30307,5
30308,4
30309,8
30310,0
30311,22
30312,2
30313,13
30314,7
30315,1
30316,15
30317,23
30318,1
30319,6
30320,7
30321,20
30322,7
30323,1
30324,9
30325,1
30326,21
30327,8
30328,16
30329,4
30330,13
30331,0
30332,0
30333,6
30334,11
30335,6
30336,7
30337,3
30338,3
30339,6
30340,8
30341,23
30342,5
30343,21
30344,9
30345,18
30346,9
30347,10
30348,4
30349,8
30350,7
30351,17
30352,13
30353,20
30354,10
30355,13
30356,1
30357,13
30358,2
30359,17
30360,21
30361,4
30362,23
30363,19
30364,1
30365,10
30366,15
30367,15
30368,17
30369,9
30370,15
30371,7
30372,4
30373,20
30374,4
30375,16
30376,17
30377,17
30378,11
30379,19
30380,15
30381,7
30382,0
30383,15
30384,20
30385,15
30386,21
30387,5
30388,6
30389,6
30390,7
30391,13
30392,22
30393,6
30394,11
30395,1
30396,15
30397,7
30398,13
30399,0
30400,8
30401,15
30402,15
30403,7
30404,10
30405,0
30406,3
30407,4
30408,21
30409,1
30410,22
30411,8
30412,11
30413,19
30414,11
30415,8
30416,10
30417,4
30418,1
30419,0
30420,13
30421,16
30422,0
30423,18
30424,19
30425,21
30426,22
30427,15
30428,8
30429,19
30430,22
30431,0
30432,0
30433,7
30434,16
30435,15
30436,9
30437,16
30438,11
30439,16
30440,18
30441,16
30442,23
30443,22
30444,7
30445,14
30446,11
30447,7
30448,5
30449,22
30450,19
30451,17
30452,7
30453,15
30454,20
30455,12
30456,17
30457,8
30458,15
30459,5
30460,12
30461,19
30462,1
30463,0
30464,10
30465,17
30466,22
30467,4
30468,22
30469,23
30470,9
30471,7
30472,17
30473,6
30474,1
30475,12
30476,22
30477,7
30478,8
30479,18
30480,10
30481,19
30482,19
30483,7
30484,15
30485,8
30486,13
30487,0
30488,18
30489,8
30490,19
30491,23
30492,7
30493,4
30494,22
30495,4
30496,7
30497,10
30498,17
30499,4
30500,17
30501,0
30502,22
30503,8
30504,7
30505,18
30506,20
30507,0
30508,18
30509,18
30510,13
30511,3
30512,22
30513,7
30514,21
30515,21
30516,13
30517,1
30518,12
30519,18
30520,3
30521,4
30522,14
30523,19
30524,5
30525,7
30526,3
30527,19
30528,5
30529,7
30530,4
30531,13
30532,15
30533,18
30534,4
30535,15
30536,3
30537,20
30538,3
30539,11
30540,7
30541,10
30542,17
30543,7
30544,18
30545,8
30546,7
30547,9
30548,21
30549,7
30550,1
30551,2
30552,1
30553,16
30554,13
30555,20
30556,4
30557,6
30558,3
30559,1
30560,4
30561,19
30562,19
30563,15
30564,14
30565,19
30566,9
30567,11
30568,7
30569,3
30570,17
30571,0
30572,6
30573,5
30574,7
30575,7
30576,20
30577,2
30578,5
30579,0
30580,5
30581,22
30582,20
30583,6
30584,8
30585,11
30586,1
30587,13
30588,19
30589,8
30590,1
30591,2
30592,16
30593,10
30594,0
30595,0
30596,11
30597,19
30598,4
30599,21
30600,6
30601,7
30602,8
30603,0
30604,7
30605,7
30606,15
30607,15
30608,11
30609,5
30610,7
30611,12
30612,16
30613,21
30614,0
30615,19
30616,7
30617,19
30618,21
30619,23
30620,17
30621,16
30622,21
30623,13
30624,15
30625,14
30626,11
30627,7
30628,6
30629,9
30630,15
30631,21
30632,16
30633,18
30634,13
30635,1
30636,18
30637,9
30638,23
30639,11
30640,22
30641,15
30642,15
30643,6
30644,1
30645,11
30646,5
30647,0
30648,8
30649,1
30650,15
30651,15
30652,18
30653,13
30654,20
30655,20
30656,7
30657,1
30658,1
30659,12
30660,4
30661,12
30662,17
30663,22
30664,18
30665,1
30666,15
30667,0
30668,8
30669,18
30670,14
30671,4
30672,4
30673,14
30674,6
30675,22
30676,21
30677,11
30678,9
30679,0
30680,3
30681,18
30682,8
30683,3
30684,18
30685,6
30686,10
30687,7
30688,21
30689,7
30690,7
30691,15
30692,10
30693,10
30694,23
30695,6
30696,17
30697,7
30698,18
30699,8
30700,6
30701,15
30702,4
30703,0
30704,20
30705,7
30706,5
30707,4
30708,6
30709,12
30710,7
30711,17
30712,2
30713,16
30714,13
30715,0
30716,1
30717,13
30718,22
30719,22
30720,15
30721,18
30722,23
30723,6
30724,4
30725,15
30726,7
30727,6
30728,15
30729,6
30730,14
30731,0
30732,13
30733,15
30734,12
30735,7
30736,4
30737,1
30738,1
30739,15
30740,16
30741,18
30742,20
30743,1
30744,15
30745,7
30746,23
30747,5
30748,0
30749,20
30750,6
30751,1
30752,8
30753,7
30754,12
30755,19
30756,21
30757,22
30758,4
30759,11
30760,21
30761,7
30762,9
30763,23
30764,9
30765,19
30766,7
30767,7
30768,15
30769,15
30770,13
30771,9
30772,6
30773,1
30774,7
30775,18
30776,9
30777,4
30778,6
30779,22
30780,0
30781,7
30782,0
30783,0
30784,17
30785,15
30786,5
30787,0
30788,3
30789,13
30790,2
30791,19
30792,0
30793,19
30794,4
30795,13
30796,15
30797,18
30798,5
30799,9
30800,6
30801,4
30802,1
30803,15
30804,1
30805,3
30806,9
30807,10
30808,15
30809,11
30810,22
30811,7
30812,0
30813,23
30814,4
30815,20
30816,7
30817,13
30818,22
30819,1
30820,17
30821,16
30822,7
30823,22
30824,5
30825,15
30826,13
30827,1
30828,4
30829,12
30830,0
30831,4
30832,22
30833,1
30834,21
30835,22
30836,7
30837,0
30838,4
30839,15
30840,16
30841,3
30842,4
30843,11
30844,13
30845,15
30846,7
30847,8
30848,18
30849,13
30850,10
30851,10
30852,2
30853,0
30854,1
30855,16
30856,0
30857,22
30858,22
30859,15
30860,0
30861,22
30862,15
30863,3
30864,13
30865,15
30866,21
30867,6
30868,11
30869,15
30870,8
30871,17
30872,6
30873,22
30874,11
30875,21
30876,22
30877,6
30878,1
30879,0
30880,4
30881,17
30882,7
30883,16
30884,2
30885,12
30886,1
30887,9
30888,4
30889,22
30890,5
30891,6
30892,4
30893,1
30894,22
30895,16
30896,7
30897,4
30898,1
30899,7
30900,12
30901,1
30902,4
30903,10
30904,20
30905,8
30906,14
30907,7
30908,15
30909,21
30910,1
30911,18
30912,16
30913,9
30914,15
30915,5
30916,17
30917,0
30918,0
30919,15
30920,19
30921,19
30922,22
30923,1
30924,14
30925,17
30926,12
30927,22
30928,19
30929,4
30930,5
30931,23
30932,0
30933,14
30934,5
30935,13
30936,10
30937,1
30938,4
30939,8
30940,0
30941,4
30942,21
30943,12
30944,4
30945,3
30946,13
30947,11
30948,15
30949,16
30950,11
30951,12
30952,1
30953,3
30954,15
30955,22
30956,6
30957,4
30958,17
30959,6
30960,19
30961,1
30962,15
30963,18
30964,11
30965,13
30966,22
30967,16
30968,11
30969,20
30970,12
30971,4
30972,2
30973,0
30974,22
30975,5
30976,23
30977,6
30978,7
30979,5
30980,23
30981,15
30982,2
30983,17
30984,12
30985,7
30986,4
30987,0
30988,20
30989,1
30990,18
30991,12
30992,5
30993,7
30994,7
30995,15
30996,5
30997,7
30998,16
30999,1
31000,20
31001,19
31002,15
31003,17
31004,18
31005,12
31006,23
31007,4
31008,7
31009,2
31010,1
31011,13
31012,19
31013,22
31014,15
31015,0
31016,13
31017,0
31018,4
31019,7
31020,23
31021,21
31022,12
31023,17
31024,7
31025,15
31026,15
31027,14
31028,8
31029,7
31030,5
31031,5
31032,5
31033,0
31034,14
31035,21
31036,0
31037,7
31038,22
31039,11
31040,15
31041,6
31042,10
31043,7
31044,4
31045,20
31046,12
31047,0
31048,6
31049,10
31050,7
31051,1
31052,17
31053,3
31054,15
31055,7
31056,17
31057,23
31058,15
31059,0
31060,7
31061,15
31062,20
31063,2
31064,14
31065,0
31066,15
31067,22
31068,7
31069,14
31070,19
31071,7
31072,4
31073,7
31074,21
31075,5
31076,10
31077,20
31078,16
31079,0
31080,3
31081,19
31082,16
31083,5
31084,1
31085,0
31086,22
31087,15
31088,18
31089,20
31090,19
31091,13
31092,11
31093,15
31094,17
31095,20
31096,12
31097,0
31098,4
31099,6
31100,16
31101,4
31102,21
31103,23
31104,4
31105,5
31106,4
31107,9
31108,7
31109,5
31110,19
31111,13
31112,8
31113,23
31114,3
31115,23
31116,21
31117,9
31118,2
31119,17
31120,18
31121,5
31122,20
31123,23
31124,5
31125,16
31126,13
31127,17
31128,9
31129,20
31130,6
31131,8
31132,17
31133,13
31134,11
31135,6
31136,1
31137,6
31138,8
31139,22
31140,21
31141,9
31142,9
31143,4
31144,15
31145,5
31146,11
31147,8
31148,19
31149,7
31150,3
31151,2
31152,18
31153,7
31154,1
31155,4
31156,19
31157,19
31158,13
31159,21
31160,23
31161,8
31162,8
31163,13
31164,12
31165,7
31166,14
31167,2
31168,3
31169,8
31170,17
31171,16
31172,3
31173,15
31174,11
31175,1
31176,3
31177,21
31178,16
31179,21
31180,19
31181,12
31182,15
31183,12
31184,23
31185,5
31186,11
31187,2
31188,7
31189,1
31190,15
31191,7
31192,6
31193,13
31194,14
31195,7
31196,20
31197,13
31198,6
31199,22
31200,17
31201,15
31202,0
31203,0
31204,10
31205,20
31206,10
31207,6
31208,5
31209,21
31210,19
31211,7
31212,7
31213,10
31214,5
31215,14
31216,1
31217,23
31218,13
31219,16
31220,4
31221,15
31222,4
31223,4
31224,11
31225,22
31226,21
31227,8
31228,21
31229,18
31230,13
31231,19
31232,0
31233,14
31234,4
31235,10
31236,15
31237,4
31238,17
31239,15
31240,6
31241,6
31242,7
31243,17
31244,10
31245,21
31246,19
31247,7
31248,16
31249,0
31250,23
31251,5
31252,15
31253,7
31254,19
31255,16
31256,20
31257,15
31258,10
31259,7
31260,6
31261,17
31262,23
31263,11
31264,1
31265,0
31266,3
31267,15
31268,7
31269,12
31270,0
31271,19
31272,22
31273,19
31274,10
31275,6
31276,21
31277,23
31278,7
31279,22
31280,7
31281,17
31282,5
31283,15
31284,19
31285,8
31286,14
31287,3
31288,22
31289,7
31290,15
31291,1
31292,7
31293,10
31294,19
31295,4
31296,0
31297,13
31298,22
31299,5
31300,19
31301,6
31302,11
31303,1
31304,7
31305,1
31306,10
31307,19
31308,0
31309,23
31310,4
31311,20
31312,8
31313,7
31314,10
31315,15
31316,13
31317,10
31318,13
31319,19
31320,7
31321,23
31322,8
31323,11
31324,6
31325,20
31326,10
31327,15
31328,14
31329,12
31330,1
31331,6
31332,7
31333,18
31334,23
31335,4
31336,20
31337,0
31338,21
31339,16
31340,2
31341,22
31342,8
31343,7
31344,17
31345,4
31346,7
31347,3
31348,22
31349,4
31350,20
31351,3
31352,6
31353,6
31354,19
31355,1
31356,15
31357,16
31358,8
31359,6
31360,12
31361,13
31362,6
31363,15
31364,6
31365,15
31366,13
31367,8
31368,4
31369,13
31370,9
31371,4
31372,5
31373,12
31374,7
31375,17
31376,9
31377,10
31378,15
31379,13
31380,14
31381,23
31382,23
31383,15
31384,16
31385,0
31386,15
31387,17
31388,18
31389,11
31390,4
31391,5
31392,4
31393,21
31394,4
31395,21
31396,1
31397,20
31398,21
31399,22
31400,0
31401,19
31402,13
31403,17
31404,13
31405,7
31406,10
31407,13
31408,8
31409,6
31410,12
31411,10
31412,17
31413,13
31414,15
31415,7
31416,19
31417,1
31418,19
31419,4
31420,8
31421,8
31422,15
31423,9
31424,5
31425,3
31426,5
31427,4
31428,17
31429,23
31430,16
31431,19
31432,16
31433,10
31434,15
31435,7
31436,3
31437,7
31438,22
31439,16
31440,15
31441,20
31442,0
31443,17
31444,7
31445,5
31446,10
31447,16
31448,16
31449,23
31450,12
31451,6
31452,15
31453,16
31454,13
31455,8
31456,17
31457,0
31458,11
31459,5
31460,5
31461,20
31462,1
31463,1
31464,15
31465,13
31466,5
31467,14
31468,13
31469,1
31470,15
31471,20
31472,6
31473,10
31474,13
31475,19
31476,5
31477,7
31478,1
31479,15
31480,11
31481,0
31482,12
31483,9
31484,9
31485,5
31486,7
31487,13
31488,20
31489,21
31490,11
31491,20
31492,8
31493,22
31494,6
31495,0
31496,7
31497,17
31498,6
31499,4
31500,3
31501,10
31502,22
31503,12
31504,16
31505,7
31506,15
31507,1
31508,4
31509,17
31510,4
31511,3
31512,8
31513,13
31514,13
31515,19
31516,0
31517,1
31518,13
31519,8
31520,23
31521,0
31522,3
31523,10
31524,17
31525,17
31526,1
31527,23
31528,2
31529,19
31530,20
31531,21
31532,10
31533,14
31534,6
31535,15
31536,19
31537,15
31538,23
31539,9
31540,12
31541,3
31542,10
31543,5
31544,14
31545,22
31546,11
31547,4
31548,14
31549,4
31550,22
31551,5
31552,20
31553,16
31554,1
31555,21
31556,17
31557,21
31558,15
31559,13
31560,22
31561,10
31562,11
31563,19
31564,14
31565,14
31566,4
31567,10
31568,22
31569,0
31570,9
31571,4
31572,15
31573,10
31574,13
31575,23
31576,4
31577,16
31578,7
31579,17
31580,10
31581,11
31582,16
31583,10
31584,19
31585,4
31586,13
31587,23
31588,21
31589,6
31590,1
31591,22
31592,5
31593,5
31594,8
31595,13
31596,6
31597,23
31598,6
31599,1
31600,9
31601,1
31602,20
31603,23
31604,0
31605,13
31606,0
31607,16
31608,1
31609,9
31610,22
31611,7
31612,23
31613,4
31614,16
31615,12
31616,7
31617,20
31618,13
31619,4
31620,1
31621,12
31622,15
31623,7
31624,7
31625,1
31626,0
31627,22
31628,0
31629,0
31630,0
31631,5
31632,11
31633,10
31634,6
31635,6
31636,7
31637,5
31638,19
31639,4
31640,1
31641,19
31642,22
31643,6
31644,7
31645,7
31646,15
31647,9
31648,11
31649,7
31650,3
31651,0
31652,7
31653,6
31654,20
31655,23
31656,11
31657,7
31658,12
31659,6
31660,9
31661,4
31662,15
31663,15
31664,22
31665,7
31666,14
31667,23
31668,20
31669,5
31670,23
31671,21
31672,16
31673,17
31674,0
31675,6
31676,7
31677,15
31678,6
31679,12
31680,12
31681,23
31682,4
31683,19
31684,21
31685,0
31686,14
31687,5
31688,18
31689,16
31690,19
31691,15
31692,7
31693,13
31694,0
31695,23
31696,5
31697,4
31698,21
31699,16
31700,13
31701,14
31702,7
31703,15
31704,3
31705,3
31706,1
31707,7
31708,21
31709,9
31710,15
31711,16
31712,6
31713,19
31714,5
31715,7
31716,7
31717,0
31718,15
31719,15
31720,2
31721,23
31722,7
31723,16
31724,18
31725,8
31726,13
31727,15
31728,21
31729,7
31730,4
31731,3
31732,19
31733,13
31734,5
31735,13
31736,9
31737,15
31738,22
31739,11
31740,6
31741,23
31742,12
31743,23
31744,7
31745,9
31746,9
31747,13
31748,19
31749,9
31750,9
31751,7
31752,1
31753,14
31754,14
31755,18
31756,4
31757,3
31758,23
31759,22
31760,7
31761,4
31762,22
31763,7
31764,15
31765,13
31766,4
31767,17
31768,5
31769,14
31770,9
31771,0
31772,20
31773,7
31774,21
31775,19
31776,7
31777,20
31778,12
31779,13
31780,19
31781,20
31782,20
31783,12
31784,5
31785,7
31786,21
31787,17
31788,15
31789,4
31790,19
31791,4
31792,4
31793,11
31794,22
31795,0
31796,10
31797,12
31798,15
31799,22
31800,6
31801,16
31802,15
31803,19
31804,17
31805,21
31806,21
31807,18
31808,7
31809,9
31810,1
31811,5
31812,7
31813,4
31814,22
31815,16
31816,7
31817,7
31818,17
31819,15
31820,18
31821,19
31822,3
31823,17
31824,6
31825,8
31826,21
31827,18
31828,9
31829,6
31830,16
31831,21
31832,7
31833,0
31834,19
31835,0
31836,22
31837,15
31838,12
31839,18
31840,11
31841,10
31842,19
31843,15
31844,11
31845,12
31846,13
31847,20
31848,18
31849,4
31850,5
31851,16
31852,4
31853,8
31854,1
31855,11
31856,6
31857,7
31858,10
31859,8
31860,20
31861,3
31862,23
31863,23
31864,9
31865,4
31866,13
31867,9
31868,18
31869,5
31870,4
31871,19
31872,6
31873,5
31874,0
31875,11
31876,15
31877,6
31878,23
31879,9
31880,17
31881,4
31882,16
31883,0
31884,1
31885,21
31886,13
31887,3
31888,7
31889,3
31890,14
31891,13
31892,8
31893,4
31894,15
31895,1
31896,6
31897,6
31898,10
31899,21
31900,9
31901,13
31902,22
31903,4
31904,5
31905,11
31906,7
31907,1
31908,12
31909,9
31910,2
31911,9
31912,15
31913,13
31914,7
31915,6
31916,21
31917,21
31918,9
31919,1
31920,21
31921,0
31922,7
31923,0
31924,6
31925,22
31926,10
31927,9
31928,0
31929,17
31930,14
31931,2
31932,21
31933,19
31934,20
31935,19
31936,19
31937,19
31938,14
31939,21
31940,23
31941,22
31942,20
31943,1
31944,1
31945,7
31946,1
31947,22
31948,7
31949,1
31950,18
31951,8
31952,3
31953,11
31954,3
31955,15
31956,16
31957,7
31958,6
31959,1
31960,15
31961,7
31962,8
31963,15
31964,8
31965,19
31966,22
31967,5
31968,0
31969,22
31970,15
31971,6
31972,17
31973,12
31974,17
31975,15
31976,4
31977,8
31978,6
31979,2
31980,9
31981,18
31982,7
31983,6
31984,4
31985,4
31986,18
31987,22
31988,10
31989,22
31990,21
31991,19
31992,13
31993,0
31994,12
31995,15
31996,3
31997,12
31998,5
31999,8
32000,22
32001,22
32002,17
32003,12
32004,18
32005,1
32006,21
32007,17
32008,14
32009,1
32010,11
32011,1
32012,13
32013,5
32014,17
32015,1
32016,15
32017,13
32018,5
32019,7
32020,23
32021,6
32022,17
32023,21
32024,17
32025,21
32026,7
32027,22
32028,4
32029,2
32030,22
32031,4
32032,22
32033,4
32034,11
32035,22
32036,17
32037,5
32038,12
32039,7
32040,7
32041,12
32042,16
32043,7
32044,15
32045,15
32046,23
32047,23
32048,1
32049,3
32050,19
32051,4
32052,17
32053,15
32054,12
32055,13
32056,22
32057,15
32058,17
32059,1
32060,10
32061,0
32062,20
32063,11
32064,9
32065,15
32066,5
32067,6
32068,13
32069,18
32070,3
32071,22
32072,6
32073,16
32074,23
32075,14
32076,9
32077,19
32078,23
32079,21
32080,0
32081,1
32082,21
32083,0
32084,12
32085,20
32086,7
32087,13
32088,10
32089,7
32090,13
32091,5
32092,12
32093,7
32094,15
32095,9
32096,15
32097,7
32098,0
32099,9
32100,19
32101,19
32102,7
32103,2
32104,15
32105,21
32106,7
32107,15
32108,17
32109,11
32110,21
32111,21
32112,7
32113,16
32114,22
32115,10
32116,11
32117,0
32118,9
32119,10
32120,15
32121,11
32122,15
32123,22
32124,9
32125,13
32126,10
32127,13
32128,16
32129,22
32130,1
32131,1
32132,3
32133,18
32134,17
32135,0
32136,9
32137,3
32138,15
32139,4
32140,13
32141,13
32142,13
32143,17
32144,4
32145,7
32146,6
32147,5
32148,21
32149,20
32150,22
32151,15
32152,18
32153,8
32154,19
32155,1
32156,20
32157,21
32158,11
32159,11
32160,6
32161,13
32162,18
32163,22
32164,7
32165,4
32166,6
32167,21
32168,13
32169,7
32170,16
32171,12
32172,16
32173,13
32174,5
32175,4
32176,9
32177,1
32178,4
32179,18
32180,6
32181,18
32182,4
32183,11
32184,4
32185,8
32186,7
32187,0
32188,6
32189,5
32190,16
32191,12
32192,11
32193,7
32194,10
32195,23
32196,21
32197,11
32198,8
32199,16
32200,4
32201,1
32202,1
32203,4
32204,0
32205,15
32206,12
32207,18
32208,7
32209,7
32210,19
32211,16
32212,13
32213,1
32214,18
32215,3
32216,19
32217,9
32218,19
32219,13
32220,8
32221,6
32222,7
32223,19
32224,17
32225,11
32226,14
32227,6
32228,16
32229,7
32230,23
32231,15
32232,19
32233,23
32234,8
32235,19
32236,13
32237,11
32238,4
32239,7
32240,19
32241,20
32242,4
32243,8
32244,22
32245,0
32246,10
32247,0
32248,15
32249,21
32250,1
32251,15
32252,17
32253,14
32254,0
32255,18
32256,7
32257,3
32258,21
32259,18
32260,10
32261,8
32262,5
32263,19
32264,10
32265,0
32266,8
32267,5
32268,17
32269,19
32270,3
32271,7
32272,7
32273,19
32274,22
32275,20
32276,1
32277,16
32278,4
32279,15
32280,11
32281,23
32282,13
32283,2
32284,17
32285,4
32286,15
32287,19
32288,11
32289,15
32290,6
32291,12
32292,5
32293,14
32294,12
32295,11
32296,12
32297,21
32298,10
32299,15
32300,13
32301,7
32302,15
32303,11
32304,10
32305,16
32306,3
32307,14
32308,7
32309,0
32310,9
32311,9
32312,1
32313,4
32314,10
32315,3
32316,14
32317,9
32318,16
32319,7
32320,5
32321,7
32322,23
32323,23
32324,10
32325,3
32326,7
32327,17
32328,19
32329,1
32330,22
32331,14
32332,22
32333,9
32334,0
32335,13
32336,10
32337,20
32338,22
32339,4
32340,11
32341,22
32342,11
32343,23
32344,0
32345,17
32346,9
32347,4
32348,6
32349,5
32350,5
32351,1
32352,7
32353,15
32354,16
32355,7
32356,13
32357,22
32358,15
32359,17
32360,21
32361,8
32362,11
32363,7
32364,0
32365,6
32366,19
32367,2
32368,12
32369,18
32370,0
32371,18
32372,8
32373,0
32374,15
32375,11
32376,8
32377,13
32378,8
32379,23
32380,6
32381,13
32382,17
32383,14
32384,13
32385,13
32386,5
32387,12
32388,8
32389,4
32390,5
32391,6
32392,7
32393,4
32394,11
32395,0
32396,8
32397,22
32398,19
32399,17
32400,7
32401,22
32402,6
32403,7
32404,22
32405,0
32406,6
32407,1
32408,18
32409,11
32410,19
32411,16
32412,8
32413,9
32414,15
32415,7
32416,17
32417,7
32418,12
32419,22
32420,19
32421,17
32422,10
32423,8
32424,6
32425,17
32426,7
32427,1
32428,9
32429,12
32430,12
32431,7
32432,15
32433,15
32434,7
32435,7
32436,23
32437,0
32438,10
32439,15
32440,1
32441,4
32442,7
32443,4
32444,9
32445,20
32446,12
32447,10
32448,5
32449,11
32450,11
32451,9
32452,0
32453,19
32454,10
32455,11
32456,15
32457,22
32458,9
32459,11
32460,23
32461,6
32462,19
32463,1
32464,6
32465,12
32466,16
32467,6
32468,6
32469,7
32470,16
32471,7
32472,20
32473,13
32474,22
32475,23
32476,15
32477,4
32478,9
32479,21
32480,9
32481,7
32482,17
32483,10
32484,1
32485,1
32486,7
32487,19
32488,22
32489,20
32490,11
32491,19
32492,13
32493,0
32494,7
32495,13
32496,18
32497,19
32498,17
32499,17
32500,5
32501,18
32502,17
32503,9
32504,20
32505,7
32506,21
32507,2
32508,18
32509,10
32510,12
32511,1
32512,20
32513,9
32514,12
32515,18
32516,5
32517,4
32518,22
32519,3
32520,10
32521,4
32522,10
32523,3
32524,17
32525,1
32526,10
32527,0
32528,0
32529,19
32530,17
32531,23
32532,0
32533,8
32534,3
32535,3
32536,21
32537,15
32538,0
32539,16
32540,4
32541,8
32542,10
32543,19
32544,0
32545,6
32546,13
32547,22
32548,15
32549,20
32550,4
32551,15
32552,11
32553,12
32554,7
32555,4
32556,4
32557,22
32558,13
32559,8
32560,21
32561,21
32562,19
32563,3
32564,1
32565,15
32566,14
32567,2
32568,1
32569,15
32570,4
32571,7
32572,4
32573,11
32574,14
32575,14
32576,0
32577,1
32578,11
32579,14
32580,13
32581,7
32582,20
32583,15
32584,6
32585,1
32586,4
32587,3
32588,22
32589,0
32590,4
32591,20
32592,9
32593,0
32594,0
32595,6
32596,18
32597,7
32598,1
32599,22
32600,23
32601,19
32602,14
32603,3
32604,7
32605,2
32606,1
32607,19
32608,19
32609,20
32610,15
32611,9
32612,0
32613,12
32614,11
32615,4
32616,3
32617,11
32618,7
32619,17
32620,10
32621,9
32622,17
32623,6
32624,22
32625,5
32626,19
32627,15
32628,9
32629,1
32630,20
32631,12
32632,21
32633,2
32634,19
32635,4
32636,11
32637,12
32638,17
32639,19
32640,13
32641,15
32642,4
32643,12
32644,22
32645,19
32646,18
32647,21
32648,22
32649,10
32650,19
32651,10
32652,6
32653,7
32654,22
32655,18
32656,15
32657,17
32658,21
32659,4
32660,14
32661,12
32662,11
32663,7
32664,21
32665,17
32666,21
32667,3
32668,5
32669,20
32670,7
32671,6
32672,22
32673,10
32674,3
32675,17
32676,18
32677,11
32678,19
32679,10
32680,7
32681,14
32682,5
32683,18
32684,13
32685,1
32686,23
32687,22
32688,15
32689,17
32690,13
32691,1
32692,17
32693,21
32694,15
32695,11
32696,17
32697,17
32698,20
32699,21
32700,6
32701,19
32702,6
32703,7
32704,14
32705,4
32706,20
32707,8
32708,2
32709,20
32710,19
32711,15
32712,15
32713,22
32714,15
32715,18
32716,19
32717,22
32718,18
32719,19
32720,1
32721,1
32722,15
32723,5
32724,6
32725,15
32726,20
32727,0
32728,21
32729,6
32730,23
32731,6
32732,0
32733,7
32734,20
32735,18
32736,7
32737,13
32738,6
32739,7
32740,6
32741,19
32742,6
32743,9
32744,12
32745,11
32746,5
32747,5
32748,12
32749,7
32750,23
32751,12
32752,2
32753,15
32754,7
32755,6
32756,22
32757,17
32758,13
32759,13
32760,6
32761,16
32762,13
32763,22
32764,16
32765,7
32766,4
32767,4
32768,6
32769,6
32770,18
32771,12
32772,15
32773,5
32774,4
32775,10
32776,18
32777,18
32778,4
32779,11
32780,4
32781,12
32782,11
32783,8
32784,4
32785,22
32786,20
32787,12
32788,0
32789,11
32790,6
32791,17
32792,4
32793,13
32794,5
32795,17
32796,21
32797,19
32798,12
32799,23
32800,14
32801,10
32802,7
32803,16
32804,7
32805,3
32806,7
32807,21
32808,3
32809,7
32810,20
32811,18
32812,22
32813,16
32814,15
32815,0
32816,4
32817,3
32818,7
32819,19
32820,10
32821,12
32822,1
32823,0
32824,4
32825,4
32826,3
32827,17
32828,8
32829,7
32830,12
32831,11
32832,13
32833,12
32834,15
32835,22
32836,17
32837,12
32838,0
32839,1
32840,16
32841,12
32842,13
32843,7
32844,5
32845,11
32846,1
32847,7
32848,22
32849,18
32850,7
32851,5
32852,6
32853,4
32854,15
32855,7
32856,1
32857,7
32858,1
32859,8
32860,5
32861,14
32862,5
32863,4
32864,14
32865,15
32866,19
32867,15
32868,7
32869,4
32870,23
32871,20
32872,22
32873,23
32874,15
32875,23
32876,3
32877,7
32878,16
32879,6
32880,17
32881,17
32882,18
32883,17
32884,18
32885,6
32886,8
32887,3
32888,4
32889,0
32890,18
32891,18
32892,15
32893,6
32894,4
32895,13
32896,15
32897,19
32898,4
32899,7
32900,4
32901,15
32902,4
32903,19
32904,14
32905,6
32906,22
32907,21
32908,1
32909,13
32910,5
32911,17
32912,11
32913,7
32914,8
32915,22
32916,12
32917,10
32918,15
32919,3
32920,23
32921,18
32922,13
32923,20
32924,9
32925,8
32926,10
32927,3
32928,3
32929,7
32930,16
32931,4
32932,8
32933,19
32934,16
32935,5
32936,2
32937,5
32938,18
32939,0
32940,5
32941,7
32942,22
32943,17
32944,7
32945,5
32946,1
32947,20
32948,15
32949,0
32950,19
32951,3
32952,15
32953,10
32954,1
32955,19
32956,4
32957,17
32958,6
32959,15
32960,6
32961,17
32962,0
32963,4
32964,22
32965,9
32966,9
32967,15
32968,12
32969,19
32970,11
32971,1
32972,17
32973,13
32974,6
32975,11
32976,15
32977,16
32978,11
32979,13
32980,4
32981,22
32982,17
32983,21
32984,5
32985,5
32986,23
32987,15
32988,5
32989,17
32990,7
32991,14
32992,1
32993,16
32994,7
32995,15
32996,5
32997,12
32998,16
32999,9
33000,19
33001,6
33002,13
33003,15
33004,11
33005,4
33006,2
33007,4
33008,17
33009,1
33010,7
33011,22
33012,1
33013,12
33014,11
33015,1
33016,15
33017,5
33018,13
33019,8
33020,4
33021,6
33022,23
33023,8
33024,22
33025,12
33026,7
33027,11
33028,13
33029,8
33030,14
33031,11
33032,22
33033,15
33034,12
33035,11
33036,13
33037,15
33038,8
33039,1
33040,8
33041,12
33042,3
33043,5
33044,1
33045,0
33046,1
33047,5
33048,19
33049,11
33050,9
33051,22
33052,17
33053,13
33054,15
33055,1
33056,7
33057,19
33058,15
33059,1
33060,20
33061,8
33062,13
33063,9
33064,21
33065,14
33066,12
33067,18
33068,17
33069,1
33070,5
33071,8
33072,11
33073,7
33074,10
33075,1
33076,8
33077,4
33078,23
33079,8
33080,13
33081,23
33082,7
33083,7
33084,13
33085,14
33086,15
33087,0
33088,11
33089,1
33090,12
33091,8
33092,1
33093,13
33094,18
33095,13
33096,22
33097,6
33098,20
33099,15
33100,19
33101,4
33102,12
33103,0
33104,23
33105,17
33106,9
33107,20
33108,10
33109,1
33110,22
33111,11
33112,1
33113,22
33114,6
33115,22
33116,6
33117,5
33118,16
33119,22
33120,22
33121,1
33122,17
33123,15
33124,15
33125,16
33126,7
33127,8
33128,17
33129,16
33130,17
33131,21
33132,15
33133,1
33134,4
33135,6
33136,7
33137,3
33138,7
33139,7
33140,4
33141,7
33142,5
33143,16
33144,6
33145,1
33146,19
33147,12
33148,8
33149,0
33150,11
33151,3
33152,4
33153,13
33154,8
33155,13
33156,10
33157,18
33158,7
33159,3
33160,7
33161,13
33162,17
33163,11
33164,13
33165,13
33166,12
33167,22
33168,3
33169,23
33170,11
33171,12
33172,10
33173,19
33174,20
33175,15
33176,6
33177,13
33178,4
33179,19
33180,1
33181,15
33182,23
33183,18
33184,9
33185,12
33186,11
33187,18
33188,14
33189,23
33190,15
33191,13
33192,13
33193,11
33194,7
33195,7
33196,8
33197,21
33198,16
33199,1
33200,7
33201,8
33202,4
33203,5
33204,8
33205,1
33206,4
33207,17
33208,7
33209,17
33210,8
33211,17
33212,4
33213,8
33214,11
33215,14
33216,4
33217,6
33218,14
33219,6
33220,9
33221,18
33222,22
33223,7
33224,7
33225,11
33226,1
33227,11
33228,23
33229,4
33230,16
33231,6
33232,1
33233,6
33234,8
33235,17
33236,11
33237,13
33238,12
33239,13
33240,1
33241,19
33242,4
33243,15
33244,11
33245,0
33246,19
33247,14
33248,22
33249,1
33250,9
33251,23
33252,17
33253,22
33254,7
33255,7
33256,17
33257,4
33258,3
33259,1
33260,19
33261,7
33262,6
33263,21
33264,1
33265,15
33266,21
33267,21
33268,15
33269,1
33270,0
33271,21
33272,5
33273,20
33274,21
33275,21
33276,14
33277,11
33278,0
33279,7
33280,22
33281,4
33282,21
33283,4
33284,10
33285,11
33286,19
33287,7
33288,5
33289,23
33290,15
33291,14
33292,18
33293,7
33294,2
33295,22
33296,12
33297,13
33298,2
33299,19
33300,9
33301,4
33302,6
33303,21
33304,18
33305,17
33306,9
33307,19
33308,12
33309,16
33310,22
33311,10
33312,7
33313,17
33314,21
33315,15
33316,21
33317,23
33318,14
33319,21
33320,12
33321,15
33322,11
33323,16
33324,22
33325,22
33326,4
33327,15
33328,16
33329,22
33330,18
33331,4
33332,14
33333,5
33334,7
33335,7
33336,7
33337,9
33338,14
33339,15
33340,7
33341,20
33342,7
33343,6
33344,18
33345,17
33346,0
33347,13
33348,7
33349,20
33350,17
33351,13
33352,18
33353,7
33354,1
33355,22
33356,7
33357,14
33358,4
33359,12
33360,6
33361,6
33362,21
33363,7
33364,21
33365,9
33366,3
33367,7
33368,18
33369,11
33370,17
33371,10
33372,19
33373,15
33374,11
33375,21
33376,1
33377,7
33378,21
33379,6
33380,11
33381,23
33382,5
33383,1
33384,19
33385,19
33386,7
33387,9
33388,23
33389,6
33390,7
33391,18
33392,20
33393,20
33394,10
33395,1
33396,11
33397,3
33398,2
33399,3
33400,19
33401,15
33402,23
33403,4
33404,11
33405,22
33406,16
33407,4
33408,18
33409,6
33410,6
33411,16
33412,4
33413,0
33414,17
33415,14
33416,12
33417,15
33418,7
33419,11
33420,15
33421,6
33422,8
33423,1
33424,19
33425,18
33426,19
33427,15
33428,16
33429,5
33430,6
33431,7
33432,22
33433,0
33434,10
33435,22
33436,4
33437,9
33438,4
33439,11
33440,21
33441,19
33442,22
33443,13
33444,15
33445,7
33446,7
33447,1
33448,7
33449,23
33450,11
33451,21
33452,2
33453,21
33454,16
33455,5
33456,7
33457,15
33458,12
33459,7
33460,13
33461,23
33462,7
33463,21
33464,9
33465,15
33466,16
33467,11
33468,19
33469,6
33470,5
33471,0
33472,17
33473,4
33474,22
33475,4
33476,7
33477,19
33478,23
33479,7
33480,3
33481,11
33482,11
33483,23
33484,8
33485,9
33486,4
33487,22
33488,13
33489,17
33490,20
33491,6
33492,21
33493,13
33494,9
33495,17
33496,0
33497,23
33498,8
33499,21
33500,17
33501,12
33502,20
33503,12
33504,17
33505,10
33506,13
33507,22
33508,23
33509,11
33510,19
33511,21
33512,7
33513,15
33514,8
33515,20
33516,21
33517,23
33518,7
33519,15
33520,12
33521,1
33522,3
33523,1
33524,6
33525,15
33526,6
33527,1
33528,6
33529,13
33530,6
33531,14
33532,1
33533,3
33534,6
33535,22
33536,22
33537,7
33538,19
33539,7
33540,7
33541,20
33542,15
33543,1
33544,21
33545,8
33546,11
33547,11
33548,11
33549,11
33550,7
33551,7
33552,17
33553,1
33554,7
33555,13
33556,15
33557,15
33558,13
33559,4
33560,20
33561,19
33562,20
33563,23
33564,11
33565,0
33566,7
33567,17
33568,19
33569,18
33570,0
33571,13
33572,1
33573,13
33574,15
33575,10
33576,21
33577,7
33578,17
33579,13
33580,21
33581,7
33582,5
33583,19
33584,11
33585,6
33586,10
33587,7
33588,3
33589,0
33590,21
33591,18
33592,1
33593,11
33594,4
33595,21
33596,12
33597,1
33598,13
33599,20
33600,19
33601,5
33602,8
33603,12
33604,0
33605,12
33606,0
33607,4
33608,7
33609,15
33610,4
33611,5
33612,7
33613,13
33614,9
33615,21
33616,1
33617,15
33618,7
33619,15
33620,5
33621,11
33622,22
33623,13
33624,4
33625,0
33626,4
33627,11
33628,7
33629,22
33630,15
33631,5
33632,19
33633,5
33634,17
33635,6
33636,14
33637,13
33638,16
33639,20
33640,5
33641,0
33642,22
33643,23
33644,22
33645,20
33646,11
33647,12
33648,15
33649,21
33650,23
33651,18
33652,13
33653,17
33654,19
33655,15
33656,15
33657,21
33658,15
33659,22
33660,0
33661,12
33662,7
33663,22
33664,7
33665,18
33666,7
33667,8
33668,17
33669,9
33670,7
33671,6
33672,5
33673,6
33674,6
33675,11
33676,4
33677,7
33678,1
33679,7
33680,13
33681,12
33682,14
33683,6
33684,11
33685,4
33686,1
33687,11
33688,4
33689,15
33690,2
33691,22
33692,4
33693,10
33694,14
33695,19
33696,4
33697,0
33698,12
33699,7
33700,14
33701,4
33702,15
33703,18
33704,15
33705,13
33706,6
33707,13
33708,18
33709,15
33710,6
33711,21
33712,14
33713,21
33714,13
33715,17
33716,0
33717,1
33718,5
33719,7
33720,1
33721,17
33722,4
33723,11
33724,12
33725,21
33726,15
33727,8
33728,21
33729,14
33730,6
33731,23
33732,4
33733,10
33734,19
33735,10
33736,19
33737,13
33738,15
33739,21
33740,21
33741,13
33742,8
33743,4
33744,19
33745,5
33746,6
33747,8
33748,8
33749,16
33750,7
33751,8
33752,6
33753,6
33754,22
33755,5
33756,0
33757,21
33758,5
33759,15
33760,17
33761,23
33762,19
33763,11
33764,14
33765,1
33766,6
33767,21
33768,0
33769,6
33770,0
33771,1
33772,1
33773,9
33774,6
33775,7
33776,14
33777,9
33778,1
33779,11
33780,17
33781,4
33782,7
33783,15
33784,13
33785,5
33786,0
33787,7
33788,10
33789,19
33790,0
33791,17
33792,5
33793,9
33794,4
33795,0
33796,15
33797,12
33798,17
33799,4
33800,19
33801,18
33802,0
33803,0
33804,17
33805,1
33806,15
33807,20
33808,5
33809,0
33810,23
33811,5
33812,18
33813,15
33814,15
33815,16
33816,15
33817,11
33818,21
33819,15
33820,3
33821,7
33822,6
33823,12
33824,21
33825,18
33826,10
33827,21
33828,21
33829,3
33830,4
33831,11
33832,9
33833,7
33834,15
33835,4
33836,11
33837,7
33838,15
33839,19
33840,0
33841,12
33842,6
33843,23
33844,12
33845,7
33846,7
33847,0
33848,4
33849,5
33850,1
33851,15
33852,1
33853,1
33854,10
33855,9
33856,0
33857,5
33858,0
33859,7
33860,13
33861,7
33862,15
33863,19
33864,7
33865,1
33866,13
33867,17
33868,23
33869,4
33870,7
33871,3
33872,3
33873,15
33874,22
33875,12
33876,0
33877,16
33878,21
33879,11
33880,13
33881,16
33882,16
33883,4
33884,4
33885,0
33886,0
33887,16
33888,23
33889,19
33890,1
33891,7
33892,7
33893,19
33894,17
33895,6
33896,17
33897,11
33898,22
33899,21
33900,7
33901,19
33902,9
33903,23
33904,5
33905,7
33906,9
33907,15
33908,1
33909,5
33910,18
33911,22
33912,0
33913,10
33914,13
33915,9
33916,20
33917,12
33918,13
33919,15
33920,14
33921,1
33922,4
33923,5
33924,9
33925,19
33926,12
33927,6
33928,4
33929,19
33930,16
33931,10
33932,2
33933,17
33934,0
33935,1
33936,11
33937,6
33938,9
33939,9
33940,19
33941,8
33942,16
33943,1
33944,21
33945,17
33946,16
33947,1
33948,1
33949,14
33950,10
33951,15
33952,7
33953,5
33954,7
33955,15
33956,0
33957,4
33958,1
33959,15
33960,1
33961,12
33962,17
33963,9
33964,16
33965,17
33966,15
33967,20
33968,21
33969,7
33970,9
33971,0
33972,23
33973,12
33974,22
33975,4
33976,10
33977,4
33978,19
33979,8
33980,8
33981,1
33982,14
33983,11
33984,7
33985,17
33986,17
33987,20
33988,14
33989,4
33990,20
33991,11
33992,7
33993,10
33994,4
33995,9
33996,16
33997,11
33998,15
33999,16
34000,0
34001,12
34002,22
34003,6
34004,12
34005,4
34006,4
34007,21
34008,16
34009,9
34010,7
34011,13
34012,15
34013,15
34014,7
34015,7
34016,10
34017,8
34018,4
34019,5
34020,14
34021,19
34022,21
34023,5
34024,11
34025,9
34026,1
34027,4
34028,7
34029,21
34030,20
34031,20
34032,4
34033,23
34034,10
34035,0
34036,7
34037,0
34038,6
34039,23
34040,15
34041,0
34042,15
34043,23
34044,13
34045,4
34046,19
34047,14
34048,14
34049,18
34050,12
34051,14
34052,6
34053,22
34054,17
34055,22
34056,14
34057,12
34058,1
34059,15
34060,1
34061,0
34062,7
34063,17
34064,22
34065,7
34066,15
34067,13
34068,4
34069,6
34070,15
34071,6
34072,13
34073,21
34074,15
34075,7
34076,15
34077,13
34078,23
34079,22
34080,7
34081,20
34082,4
34083,19
34084,0
34085,16
34086,2
34087,7
34088,15
34089,13
34090,14
34091,18
34092,14
34093,22
34094,0
34095,18
34096,13
34097,11
34098,15
34099,10
34100,9
34101,0
34102,9
34103,6
34104,8
34105,12
34106,4
34107,7
34108,17
34109,1
34110,6
34111,19
34112,21
34113,11
34114,7
34115,23
34116,10
34117,5
34118,20
34119,7
34120,14
34121,3
34122,18
34123,14
34124,9
34125,13
34126,20
34127,5
34128,17
34129,11
34130,7
34131,11
34132,5
34133,18
34134,22
34135,3
34136,12
34137,13
34138,9
34139,7
34140,10
34141,23
34142,1
34143,12
34144,6
34145,7
34146,22
34147,0
34148,15
34149,7
34150,12
34151,6
34152,22
34153,13
34154,21
34155,18
34156,7
34157,15
34158,13
34159,5
34160,10
34161,21
34162,12
34163,19
34164,23
34165,13
34166,6
34167,18
34168,18
34169,1
34170,22
34171,17
34172,8
34173,14
34174,18
34175,15
34176,5
34177,12
34178,5
34179,0
34180,5
34181,10
34182,6
34183,22
34184,7
34185,8
34186,17
34187,19
34188,19
34189,15
34190,17
34191,6
34192,4
34193,14
34194,1
34195,3
34196,15
34197,1
34198,13
34199,6
34200,5
34201,7
34202,15
34203,22
34204,9
34205,4
34206,10
34207,3
34208,22
34209,10
34210,8
34211,21
34212,15
34213,0
34214,18
34215,16
34216,22
34217,4
34218,8
34219,20
34220,20
34221,15
34222,14
34223,4
34224,6
34225,8
34226,4
34227,22
34228,5
34229,7
34230,10
34231,7
34232,18
34233,7
34234,12
34235,1
34236,5
34237,10
34238,7
34239,10
34240,13
34241,5
34242,16
34243,9
34244,22
34245,2
34246,11
34247,13
34248,21
34249,2
34250,11
34251,17
34252,10
34253,7
34254,13
34255,11
34256,2
34257,9
34258,6
34259,16
34260,3
34261,16
34262,2
34263,3
34264,21
34265,7
34266,15
34267,4
34268,6
34269,17
34270,7
34271,21
34272,12
34273,7
34274,7
34275,17
34276,23
34277,11
34278,12
34279,12
34280,0
34281,15
34282,3
34283,4
34284,15
34285,19
34286,12
34287,10
34288,6
34289,10
34290,4
34291,5
34292,17
34293,2
34294,6
34295,20
34296,20
34297,21
34298,8
34299,1
34300,22
34301,11
34302,0
34303,9
34304,15
34305,8
34306,17
34307,10
34308,7
34309,0
34310,0
34311,5
34312,7
34313,4
34314,4
34315,16
34316,12
34317,3
34318,18
34319,14
34320,13
34321,21
34322,7
34323,1
34324,7
34325,4
34326,7
34327,20
34328,22
34329,5
34330,22
34331,12
34332,4
34333,18
34334,11
34335,3
34336,5
34337,19
34338,17
34339,13
34340,7
34341,3
34342,22
34343,1
34344,1
34345,18
34346,19
34347,2
34348,5
34349,3
34350,8
34351,13
34352,20
34353,11
34354,10
34355,13
34356,0
34357,16
34358,11
34359,21
34360,17
34361,19
34362,13
34363,5
34364,13
34365,11
34366,9
34367,13
34368,13
34369,15
34370,4
34371,7
34372,17
34373,16
34374,19
34375,16
34376,18
34377,11
34378,8
34379,4
34380,21
34381,17
34382,8
34383,22
34384,10
34385,4
34386,11
34387,10
34388,14
34389,17
34390,7
34391,18
34392,17
34393,3
34394,8
34395,1
34396,19
34397,7
34398,19
34399,9
34400,15
34401,10
34402,23
34403,8
34404,16
34405,13
34406,13
34407,6
34408,13
34409,14
34410,22
34411,1
34412,1
34413,17
34414,7
34415,4
34416,6
34417,15
34418,10
34419,7
34420,0
34421,11
34422,21
34423,1
34424,6
34425,9
34426,13
34427,7
34428,13
34429,9
34430,5
34431,10
34432,3
34433,7
34434,4
34435,13
34436,17
34437,11
34438,6
34439,22
34440,10
34441,13
34442,17
34443,22
34444,0
34445,7
34446,15
34447,22
34448,14
34449,4
34450,12
34451,6
34452,14
34453,4
34454,14
34455,19
34456,13
34457,8
34458,21
34459,2
34460,15
34461,23
34462,20
34463,13
34464,13
34465,11
34466,7
34467,11
34468,16
34469,5
34470,1
34471,13
34472,14
34473,13
34474,22
34475,16
34476,19
34477,13
34478,0
34479,1
34480,17
34481,21
34482,19
34483,11
34484,7
34485,22
34486,9
34487,4
34488,15
34489,17
34490,15
34491,9
34492,10
34493,20
34494,14
34495,19
34496,20
34497,22
34498,15
34499,11
34500,14
34501,13
34502,15
34503,22
34504,19
34505,6
34506,16
34507,10
34508,7
34509,7
34510,0
34511,10
34512,14
34513,16
34514,14
34515,7
34516,18
34517,5
34518,3
34519,5
34520,4
34521,7
34522,6
34523,7
34524,20
34525,13
34526,13
34527,5
34528,13
34529,3
34530,18
34531,13
34532,0
34533,12
34534,19
34535,6
34536,21
34537,16
34538,13
34539,19
34540,11
34541,4
34542,21
34543,7
34544,0
34545,17
34546,15
34547,11
34548,1
34549,7
34550,6
34551,3
34552,21
34553,22
34554,19
34555,7
34556,18
34557,17
34558,13
34559,7
34560,12
34561,7
34562,12
34563,7
34564,4
34565,7
34566,1
34567,23
34568,18
34569,0
34570,7
34571,15
34572,22
34573,20
34574,9
34575,22
34576,13
34577,15
34578,6
34579,0
34580,22
34581,15
34582,9
34583,6
34584,9
34585,13
34586,11
34587,19
34588,6
34589,21
34590,15
34591,7
34592,5
34593,5
34594,8
34595,22
34596,0
34597,18
34598,16
34599,9
34600,13
34601,22
34602,23
34603,1
34604,0
34605,14
34606,4
34607,22
34608,9
34609,20
34610,2
34611,21
34612,8
34613,20
34614,1
34615,4
34616,3
34617,11
34618,18
34619,6
34620,1
34621,20
34622,17
34623,16
34624,15
34625,7
34626,11
34627,6
34628,15
34629,23
34630,19
34631,15
34632,23
34633,3
34634,20
34635,0
34636,15
34637,12
34638,22
34639,20
34640,9
34641,3
34642,6
34643,1
34644,1
34645,5
34646,7
34647,4
34648,7
34649,13
34650,21
34651,22
34652,7
34653,22
34654,7
34655,15
34656,16
34657,5
34658,21
34659,16
34660,17
34661,19
34662,12
34663,16
34664,4
34665,17
34666,15
34667,13
34668,7
34669,12
34670,22
34671,4
34672,13
34673,20
34674,22
34675,6
34676,11
34677,7
34678,7
34679,0
34680,1
34681,18
34682,18
34683,3
34684,21
34685,22
34686,1
34687,11
34688,14
34689,22
34690,1
34691,7
34692,8
34693,18
34694,13
34695,21
34696,13
34697,0
34698,0
34699,13
34700,16
34701,15
34702,17
34703,18
34704,19
34705,8
34706,3
34707,1
34708,15
34709,15
34710,3
34711,15
34712,1
34713,15
34714,21
34715,19
34716,17
34717,15
34718,1
34719,8
34720,4
34721,6
34722,22
34723,19
34724,0
34725,15
34726,20
34727,7
34728,6
34729,8
34730,13
34731,11
34732,1
34733,15
34734,19
34735,1
34736,14
34737,6
34738,19
34739,7
34740,15
34741,2
34742,0
34743,11
34744,17
34745,7
34746,11
34747,17
34748,19
34749,6
34750,4
34751,22
34752,11
34753,3
34754,17
34755,14
34756,5
34757,22
34758,10
34759,1
34760,22
34761,1
34762,18
34763,1
34764,5
34765,5
34766,16
34767,12
34768,1
34769,19
34770,21
34771,21
34772,7
34773,18
34774,1
34775,22
34776,2
34777,13
34778,15
34779,7
34780,19
34781,0
34782,4
34783,15
34784,4
34785,15
34786,23
34787,19
34788,1
34789,17
34790,22
34791,12
34792,6
34793,6
34794,13
34795,3
34796,11
34797,13
34798,1
34799,10
34800,22
34801,22
34802,4
34803,4
34804,18
34805,16
34806,23
34807,23
34808,13
34809,11
34810,17
34811,8
34812,22
34813,13
34814,11
34815,22
34816,16
34817,3
34818,19
34819,12
34820,12
34821,7
34822,10
34823,0
34824,16
34825,18
34826,14
34827,1
34828,1
34829,4
34830,21
34831,23
34832,17
34833,20
34834,10
34835,11
34836,13
34837,12
34838,16
34839,18
34840,3
34841,10
34842,6
34843,17
34844,7
34845,13
34846,23
34847,8
34848,7
34849,0
34850,17
34851,20
34852,0
34853,13
34854,0
34855,19
34856,1
34857,6
34858,10
34859,3
34860,15
34861,6
34862,1
34863,0
34864,5
34865,18
34866,10
34867,5
34868,9
34869,20
34870,18
34871,4
34872,12
34873,8
34874,0
34875,6
34876,8
34877,23
34878,19
34879,15
34880,11
34881,22
34882,15
34883,20
34884,15
34885,19
34886,8
34887,19
34888,1
34889,13
34890,10
34891,22
34892,3
34893,13
34894,3
34895,1
34896,13
34897,14
34898,4
34899,19
34900,21
34901,3
34902,1
34903,7
34904,4
34905,5
34906,15
34907,21
34908,12
34909,20
34910,20
34911,22
34912,18
34913,9
34914,4
34915,19
34916,4
34917,22
34918,0
34919,21
34920,9
34921,20
34922,8
34923,4
34924,18
34925,7
34926,6
34927,12
34928,20
34929,23
34930,2
34931,16
34932,7
34933,0
34934,7
34935,18
34936,1
34937,0
34938,7
34939,20
34940,7
34941,4
34942,3
34943,1
34944,13
34945,7
34946,10
34947,18
34948,18
34949,19
34950,3
34951,18
34952,15
34953,1
34954,3
34955,0
34956,11
34957,4
34958,10
34959,1
34960,17
34961,7
34962,6
34963,11
34964,7
34965,15
34966,7
34967,6
34968,11
34969,19
34970,15
34971,0
34972,14
34973,20
34974,10
34975,13
34976,19
34977,4
34978,4
34979,20
34980,3
34981,1
34982,12
34983,15
34984,3
34985,4
34986,5
34987,8
34988,4
34989,23
34990,23
34991,12
34992,7
34993,7
34994,7
34995,7
34996,8
34997,12
34998,7
34999,7
35000,18
35001,9
35002,18
35003,10
35004,16
35005,15
35006,15
35007,16
35008,13
35009,23
35010,11
35011,8
35012,11
35013,15
35014,12
35015,10
35016,5
35017,17
35018,21
35019,11
35020,4
35021,12
35022,11
35023,0
35024,1
35025,13
35026,17
35027,16
35028,4
35029,10
35030,3
35031,10
35032,5
35033,12
35034,19
35035,9
35036,7
35037,1
35038,14
35039,11
35040,7
35041,8
35042,18
35043,21
35044,16
35045,1
35046,8
35047,14
35048,6
35049,17
35050,5
35051,19
35052,12
35053,20
35054,6
35055,12
35056,21
35057,17
35058,17
35059,21
35060,11
35061,22
35062,7
35063,18
35064,7
35065,21
35066,11
35067,1
35068,1
35069,17
35070,2
35071,17
35072,7
35073,15
35074,22
35075,22
35076,16
35077,11
35078,5
35079,12
35080,19
35081,1
35082,3
35083,21
35084,17
35085,16
35086,23
35087,6
35088,4
35089,21
35090,11
35091,3
35092,13
35093,12
35094,20
35095,7
35096,17
35097,15
35098,10
35099,19
35100,1
35101,2
35102,0
35103,17
35104,8
35105,4
35106,1
35107,22
35108,4
35109,1
35110,12
35111,12
35112,15
35113,8
35114,7
35115,7
35116,7
35117,20
35118,13
35119,15
35120,7
35121,1
35122,15
35123,12
35124,19
35125,22
35126,8
35127,6
35128,19
35129,10
35130,12
35131,11
35132,13
35133,0
35134,18
35135,12
35136,8
35137,5
35138,17
35139,5
35140,15
35141,10
35142,3
35143,0
35144,20
35145,4
35146,19
35147,9
35148,9
35149,7
35150,17
35151,15
35152,1
35153,4
35154,19
35155,21
35156,16
35157,3
35158,19
35159,15
35160,20
35161,16
35162,17
35163,15
35164,19
35165,13
35166,9
35167,11
35168,17
35169,8
35170,23
35171,13
35172,16
35173,9
35174,23
35175,4
35176,5
35177,9
35178,5
35179,1
35180,21
35181,14
35182,11
35183,7
35184,8
35185,19
35186,13
35187,18
35188,6
35189,14
35190,7
35191,7
35192,16
35193,13
35194,12
35195,10
35196,19
35197,8
35198,3
35199,7
35200,22
35201,22
35202,16
35203,15
35204,3
35205,4
35206,23
35207,13
35208,13
35209,21
35210,1
35211,15
35212,7
35213,17
35214,21
35215,23
35216,0
35217,22
35218,7
35219,20
35220,19
35221,15
35222,4
35223,0
35224,20
35225,18
35226,4
35227,5
35228,22
35229,22
35230,19
35231,9
35232,8
35233,16
35234,2
35235,7
35236,9
35237,23
35238,1
35239,9
35240,22
35241,21
35242,22
35243,0
35244,4
35245,19
35246,21
35247,7
35248,11
35249,15
35250,4
35251,15
35252,9
35253,1
35254,12
35255,15
35256,4
35257,18
35258,7
35259,3
35260,14
35261,21
35262,15
35263,16
35264,19
35265,16
35266,0
35267,15
35268,22
35269,23
35270,15
35271,14
35272,7
35273,7
35274,8
35275,0
35276,22
35277,7
35278,0
35279,20
35280,9
35281,0
35282,7
35283,17
35284,20
35285,6
35286,19
35287,7
35288,23
35289,9
35290,19
35291,2
35292,23
35293,19
35294,22
35295,23
35296,13
35297,8
35298,11
35299,0
35300,2
35301,7
35302,7
35303,7
35304,23
35305,20
35306,9
35307,19
35308,21
35309,0
35310,15
35311,16
35312,21
35313,22
35314,6
35315,7
35316,15
35317,13
35318,3
35319,17
35320,19
35321,9
35322,9
35323,16
35324,8
35325,20
35326,17
35327,23
35328,17
35329,7
35330,12
35331,20
35332,21
35333,11
35334,7
35335,7
35336,11
35337,11
35338,7
35339,4
35340,3
35341,22
35342,7
35343,7
35344,1
35345,6
35346,13
35347,17
35348,7
35349,10
35350,7
35351,0
35352,13
35353,19
35354,7
35355,6
35356,11
35357,13
35358,20
35359,21
35360,7
35361,11
35362,3
35363,7
35364,23
35365,3
35366,4
35367,9
35368,17
35369,6
35370,9
35371,22
35372,13
35373,12
35374,19
35375,22
35376,4
35377,23
35378,20
35379,7
35380,4
35381,23
35382,15
35383,7
35384,20
35385,1
35386,19
35387,1
35388,23
35389,6
35390,9
35391,16
35392,0
35393,19
35394,20
35395,19
35396,1
35397,15
35398,11
35399,7
35400,15
35401,13
35402,14
35403,19
35404,12
35405,14
35406,6
35407,3
35408,21
35409,16
35410,22
35411,1
35412,13
35413,7
35414,13
35415,3
35416,1
35417,16
35418,19
35419,7
35420,0
35421,4
35422,17
35423,4
35424,22
35425,19
35426,4
35427,16
35428,13
35429,3
35430,11
35431,3
35432,6
35433,13
35434,8
35435,2
35436,7
35437,7
35438,11
35439,19
35440,3
35441,12
35442,15
35443,8
35444,12
35445,0
35446,6
35447,21
35448,22
35449,20
35450,0
35451,12
35452,13
35453,16
35454,15
35455,23
35456,18
35457,13
35458,3
35459,22
35460,13
35461,12
35462,22
35463,8
35464,4
35465,6
35466,1
35467,8
35468,7
35469,6
35470,8
35471,11
35472,7
35473,15
35474,10
35475,15
35476,7
35477,4
35478,22
35479,1
35480,7
35481,7
35482,1
35483,20
35484,4
35485,13
35486,18
35487,7
35488,18
35489,16
35490,20
35491,13
35492,5
35493,7
35494,0
35495,7
35496,15
35497,7
35498,1
35499,19
35500,12
35501,11
35502,11
35503,8
35504,5
35505,15
35506,9
35507,19
35508,4
35509,1
35510,12
35511,7
35512,22
35513,7
35514,22
35515,12
35516,11
35517,5
35518,2
35519,6
35520,17
35521,9
35522,9
35523,1
35524,14
35525,7
35526,1
35527,19
35528,23
35529,2
35530,12
35531,7
35532,13
35533,15
35534,14
35535,19
35536,8
35537,14
35538,3
35539,7
35540,10
35541,15
35542,5
35543,11
35544,3
35545,10
35546,9
35547,4
35548,7
35549,15
35550,23
35551,19
35552,9
35553,0
35554,18
35555,5
35556,16
35557,20
35558,22
35559,6
35560,5
35561,14
35562,15
35563,1
35564,22
35565,7
35566,17
35567,10
35568,21
35569,15
35570,21
35571,8
35572,12
35573,5
35574,7
35575,13
35576,17
35577,21
35578,21
35579,23
35580,16
35581,12
35582,1
35583,1
35584,13
35585,7
35586,15
35587,7
35588,5
35589,6
35590,20
35591,11
35592,0
35593,12
35594,7
35595,7
35596,15
35597,12
35598,12
35599,2
35600,17
35601,22
35602,13
35603,17
35604,4
35605,15
35606,1
35607,12
35608,10
35609,9
35610,1
35611,23
35612,22
35613,9
35614,18
35615,7
35616,15
35617,5
35618,21
35619,4
35620,10
35621,7
35622,7
35623,22
35624,20
35625,19
35626,19
35627,8
35628,5
35629,7
35630,19
35631,10
35632,19
35633,11
35634,18
35635,6
35636,20
35637,10
35638,4
35639,3
35640,18
35641,17
35642,10
35643,18
35644,12
35645,19
35646,15
35647,0
35648,11
35649,20
35650,7
35651,7
35652,7
35653,20
35654,8
35655,11
35656,13
35657,5
35658,8
35659,7
35660,8
35661,12
35662,21
35663,3
35664,6
35665,21
35666,9
35667,15
35668,10
35669,12
35670,7
35671,9
35672,23
35673,12
35674,19
35675,7
35676,14
35677,4
35678,13
35679,22
35680,23
35681,5
35682,1
35683,13
35684,2
35685,5
35686,15
35687,22
35688,16
35689,21
35690,7
35691,3
35692,20
35693,19
35694,18
35695,15
35696,14
35697,22
35698,7
35699,22
35700,1
35701,22
35702,18
35703,9
35704,19
35705,0
35706,13
35707,17
35708,22
35709,11
35710,15
35711,21
35712,17
35713,5
35714,19
35715,4
35716,4
35717,7
35718,1
35719,22
35720,19
35721,0
35722,14
35723,0
35724,16
35725,5
35726,7
35727,4
35728,1
35729,10
35730,13
35731,6
35732,15
35733,6
35734,14
35735,17
35736,14
35737,15
35738,7
35739,15
35740,4
35741,17
35742,23
35743,11
35744,17
35745,15
35746,13
35747,8
35748,17
35749,21
35750,14
35751,7
35752,16
35753,15
35754,7
35755,20
35756,7
35757,19
35758,1
35759,3
35760,18
35761,15
35762,6
35763,19
35764,16
35765,10
35766,22
35767,11
35768,20
35769,1
35770,9
35771,21
35772,17
35773,5
35774,15
35775,13
35776,1
35777,7
35778,13
35779,16
35780,8
35781,7
35782,8
35783,5
35784,0
35785,1
35786,20
35787,6
35788,19
35789,15
35790,20
35791,1
35792,0
35793,11
35794,12
35795,7
35796,9
35797,9
35798,9
35799,1
35800,18
35801,11
35802,16
35803,20
35804,7
35805,10
35806,5
35807,19
35808,6
35809,10
35810,14
35811,5
35812,22
35813,21
35814,7
35815,21
35816,13
35817,15
35818,22
35819,16
35820,19
35821,23
35822,7
35823,6
35824,12
35825,18
35826,7
35827,15
35828,22
35829,15
35830,19
35831,19
35832,1
35833,7
35834,15
35835,13
35836,1
35837,15
35838,1
35839,0
35840,18
35841,12
35842,4
35843,19
35844,12
35845,12
35846,1
35847,13
35848,23
35849,7
35850,13
35851,17
35852,6
35853,17
35854,15
35855,7
35856,3
35857,17
35858,4
35859,13
35860,17
35861,5
35862,5
35863,4
35864,22
35865,7
35866,1
35867,21
35868,1
35869,18
35870,17
35871,15
35872,15
35873,5
35874,0
35875,0
35876,15
35877,1
35878,7
35879,1
35880,7
35881,4
35882,22
35883,7
35884,4
35885,15
35886,17
35887,14
35888,19
35889,15
35890,17
35891,22
35892,10
35893,10
35894,1
35895,1
35896,1
35897,17
35898,12
35899,7
35900,7
35901,3
35902,4
35903,7
35904,15
35905,19
35906,9
35907,5
35908,17
35909,7
35910,22
35911,3
35912,23
35913,19
35914,15
35915,1
35916,13
35917,17
35918,21
35919,12
35920,13
35921,4
35922,12
35923,22
35924,10
35925,20
35926,1
35927,17
35928,9
35929,0
35930,7
35931,1
35932,10
35933,6
35934,13
35935,7
35936,9
35937,3
35938,5
35939,1
35940,13
35941,7
35942,16
35943,7
35944,4
35945,8
35946,15
35947,7
35948,19
35949,17
35950,15
35951,13
35952,5
35953,19
35954,9
35955,17
35956,11
35957,6
35958,4
35959,7
35960,19
35961,11
35962,19
35963,5
35964,11
35965,19
35966,20
35967,22
35968,2
35969,4
35970,5
35971,6
35972,9
35973,10
35974,18
35975,20
35976,6
35977,10
35978,1
35979,19
35980,19
35981,0
35982,6
35983,7
35984,12
35985,21
35986,21
35987,4
35988,9
35989,6
35990,18
35991,13
35992,23
35993,2
35994,3
35995,5
35996,10
35997,22
35998,4
35999,7
36000,4
36001,8
36002,6
36003,5
36004,21
36005,7
36006,19
36007,22
36008,6
36009,12
36010,14
36011,6
36012,4
36013,7
36014,4
36015,5
36016,5
36017,7
36018,23
36019,21
36020,15
36021,4
36022,20
36023,4
36024,17
36025,13
36026,11
36027,20
36028,18
36029,7
36030,8
36031,21
36032,0
36033,7
36034,4
36035,8
36036,4
36037,0
36038,15
36039,0
36040,4
36041,5
36042,4
36043,7
36044,0
36045,16
36046,22
36047,5
36048,19
36049,0
36050,1
36051,10
36052,4
36053,6
36054,3
36055,16
36056,16
36057,19
36058,12
36059,14
36060,8
36061,7
36062,11
36063,9
36064,2
36065,0
36066,16
36067,7
36068,5
36069,6
36070,16
36071,14
36072,20
36073,3
36074,8
36075,3
36076,0
36077,6
36078,11
36079,22
36080,7
36081,15
36082,7
36083,23
36084,17
36085,20
36086,1
36087,5
36088,0
36089,2
36090,16
36091,9
36092,9
36093,12
36094,10
36095,11
36096,18
36097,21
36098,12
36099,23
36100,23
36101,23
36102,7
36103,4
36104,23
36105,21
36106,16
36107,16
36108,10
36109,7
36110,6
36111,1
36112,20
36113,23
36114,6
36115,16
36116,13
36117,21
36118,5
36119,19
36120,16
36121,3
36122,4
36123,13
36124,16
36125,13
36126,16
36127,17
36128,21
36129,4
36130,4
36131,4
36132,10
36133,4
36134,19
36135,4
36136,7
36137,16
36138,17
36139,16
36140,7
36141,4
36142,21
36143,20
36144,18
36145,8
36146,3
36147,13
36148,1
36149,1
36150,4
36151,2
36152,11
36153,7
36154,13
36155,7
36156,0
36157,23
36158,23
36159,20
36160,3
36161,7
36162,8
36163,9
36164,15
36165,7
36166,0
36167,7
36168,13
36169,15
36170,3
36171,1
36172,1
36173,13
36174,8
36175,10
36176,0
36177,19
36178,8
36179,19
36180,15
36181,4
36182,17
36183,1
36184,0
36185,6
36186,1
36187,21
36188,11
36189,22
36190,17
36191,1
36192,6
36193,17
36194,17
36195,1
36196,21
36197,20
36198,23
36199,22
36200,11
36201,7
36202,15
36203,0
36204,15
36205,15
36206,3
36207,4
36208,10
36209,13
36210,19
36211,6
36212,12
36213,22
36214,8
36215,4
36216,11
36217,18
36218,10
36219,7
36220,6
36221,15
36222,5
36223,1
36224,17
36225,1
36226,21
36227,5
36228,15
36229,18
36230,20
36231,17
36232,20
36233,3
36234,4
36235,8
36236,7
36237,17
36238,15
36239,10
36240,19
36241,10
36242,7
36243,6
36244,8
36245,6
36246,4
36247,14
36248,5
36249,22
36250,12
36251,23
36252,13
36253,19
36254,19
36255,7
36256,11
36257,0
36258,5
36259,11
36260,17
36261,17
36262,10
36263,17
36264,17
36265,14
36266,10
36267,13
36268,22
36269,3
36270,22
36271,10
36272,11
36273,10
36274,11
36275,11
36276,0
36277,6
36278,15
36279,14
36280,7
36281,13
36282,9
36283,4
36284,4
36285,21
36286,1
36287,15
36288,1
36289,14
36290,10
36291,15
36292,7
36293,3
36294,2
36295,0
36296,11
36297,12
36298,23
36299,17
36300,6
36301,17
36302,7
36303,10
36304,17
36305,16
36306,0
36307,1
36308,3
36309,3
36310,7
36311,22
36312,16
36313,12
36314,14
36315,1
36316,22
36317,7
36318,7
36319,8
36320,13
36321,12
36322,15
36323,7
36324,15
36325,4
36326,12
36327,7
36328,20
36329,5
36330,6
36331,4
36332,5
36333,7
36334,16
36335,15
36336,6
36337,22
36338,7
36339,16
36340,4
36341,9
36342,17
36343,0
36344,3
36345,13
36346,22
36347,14
36348,4
36349,16
36350,19
36351,20
36352,5
36353,21
36354,8
36355,19
36356,18
36357,21
36358,13
36359,3
36360,11
36361,11
36362,21
36363,6
36364,15
36365,15
36366,10
36367,16
36368,13
36369,21
36370,2
36371,4
36372,8
36373,20
36374,8
36375,16
36376,13
36377,17
36378,21
36379,13
36380,21
36381,18
36382,1
36383,17
36384,6
36385,7
36386,9
36387,13
36388,15
36389,14
36390,13
36391,22
36392,7
36393,13
36394,15
36395,12
36396,3
36397,7
36398,15
36399,4
36400,23
36401,14
36402,10
36403,6
36404,10
36405,13
36406,13
36407,5
36408,15
36409,6
36410,6
36411,19
36412,1
36413,8
36414,12
36415,14
36416,13
36417,0
36418,23
36419,14
36420,10
36421,13
36422,5
36423,7
36424,18
36425,11
36426,6
36427,1
36428,21
36429,18
36430,21
36431,12
36432,2
36433,7
36434,4
36435,2
36436,18
36437,13
36438,20
36439,14
36440,3
36441,13
36442,13
36443,15
36444,14
36445,18
36446,9
36447,5
36448,0
36449,17
36450,6
36451,5
36452,12
36453,16
36454,11
36455,0
36456,10
36457,4
36458,1
36459,7
36460,5
36461,6
36462,13
36463,4
36464,15
36465,1
36466,21
36467,7
36468,1
36469,0
36470,22
36471,5
36472,19
36473,5
36474,17
36475,22
36476,4
36477,14
36478,9
36479,6
36480,4
36481,5
36482,22
36483,0
36484,19
36485,4
36486,13
36487,18
36488,12
36489,10
36490,13
36491,23
36492,7
36493,11
36494,22
36495,0
36496,4
36497,10
36498,6
36499,19
36500,21
36501,3
36502,3
36503,0
36504,18
36505,18
36506,22
36507,19
36508,11
36509,16
36510,17
36511,14
36512,13
36513,17
36514,17
36515,12
36516,11
36517,6
36518,15
36519,15
36520,16
36521,16
36522,1
36523,17
36524,1
36525,23
36526,8
36527,11
36528,11
36529,7
36530,17
36531,2
36532,13
36533,9
36534,6
36535,14
36536,23
36537,11
36538,19
36539,6
36540,22
36541,7
36542,13
36543,5
36544,13
36545,1
36546,18
36547,7
36548,13
36549,15
36550,5
36551,0
36552,22
36553,7
36554,5
36555,11
36556,13
36557,8
36558,4
36559,3
36560,17
36561,11
36562,23
36563,6
36564,23
36565,11
36566,17
36567,4
36568,7
36569,15
36570,0
36571,4
36572,11
36573,18
36574,5
36575,4
36576,22
36577,4
36578,14
36579,0
36580,19
36581,9
36582,7
36583,7
36584,15
36585,14
36586,3
36587,19
36588,14
36589,10
36590,23
36591,15
36592,17
36593,7
36594,5
36595,5
36596,19
36597,11
36598,4
36599,0
36600,6
36601,10
36602,23
36603,21
36604,12
36605,1
36606,0
36607,14
36608,10
36609,8
36610,13
36611,5
36612,13
36613,11
36614,4
36615,7
36616,21
36617,3
36618,4
36619,11
36620,3
36621,7
36622,14
36623,9
36624,16
36625,10
36626,11
36627,13
36628,21
36629,17
36630,16
36631,0
36632,3
36633,7
36634,12
36635,8
36636,0
36637,5
36638,3
36639,7
36640,16
36641,14
36642,21
36643,13
36644,10
36645,10
36646,16
36647,15
36648,5
36649,13
36650,13
36651,9
36652,18
36653,5
36654,13
36655,19
36656,0
36657,0
36658,18
36659,12
36660,13
36661,13
36662,22
36663,4
36664,14
36665,5
36666,4
36667,7
36668,23
36669,7
36670,7
36671,17
36672,1
36673,0
36674,5
36675,5
36676,14
36677,6
36678,13
36679,10
36680,2
36681,18
36682,16
36683,20
36684,13
36685,9
36686,19
36687,7
36688,14
36689,8
36690,6
36691,15
36692,22
36693,5
36694,4
36695,10
36696,8
36697,22
36698,11
36699,14
36700,22
36701,9
36702,4
36703,4
36704,6
36705,7
36706,18
36707,1
36708,7
36709,3
36710,20
36711,15
36712,20
36713,11
36714,19
36715,9
36716,6
36717,17
36718,20
36719,19
36720,15
36721,1
36722,13
36723,18
36724,5
36725,0
36726,21
36727,16
36728,15
36729,10
36730,7
36731,13
36732,4
36733,12
36734,19
36735,19
36736,6
36737,16
36738,17
36739,13
36740,22
36741,5
36742,21
36743,2
36744,8
36745,6
36746,5
36747,15
36748,17
36749,13
36750,23
36751,22
36752,3
36753,1
36754,19
36755,5
36756,6
36757,6
36758,3
36759,23
36760,16
36761,1
36762,5
36763,16
36764,21
36765,11
36766,1
36767,9
36768,22
36769,13
36770,16
36771,2
36772,11
36773,13
36774,19
36775,23
36776,4
36777,8
36778,1
36779,15
36780,12
36781,6
36782,4
36783,20
36784,7
36785,21
36786,17
36787,22
36788,17
36789,7
36790,1
36791,7
36792,17
36793,12
36794,9
36795,4
36796,3
36797,14
36798,17
36799,22
36800,12
36801,17
36802,10
36803,22
36804,18
36805,2
36806,22
36807,6
36808,14
36809,7
36810,15
36811,19
36812,6
36813,23
36814,10
36815,17
36816,9
36817,7
36818,13
36819,23
36820,5
36821,15
36822,4
36823,4
36824,15
36825,19
36826,9
36827,0
36828,0
36829,7
36830,16
36831,14
36832,11
36833,19
36834,16
36835,18
36836,5
36837,16
36838,21
36839,15
36840,6
36841,19
36842,6
36843,22
36844,1
36845,14
36846,11
36847,22
36848,13
36849,23
36850,13
36851,22
36852,0
36853,10
36854,19
36855,9
36856,14
36857,19
36858,20
36859,10
36860,5
36861,23
36862,22
36863,10
36864,21
36865,10
36866,9
36867,22
36868,22
36869,20
36870,15
36871,7
36872,15
36873,14
36874,5
36875,13
36876,10
36877,19
36878,0
36879,3
36880,15
36881,4
36882,11
36883,21
36884,4
36885,4
36886,10
36887,4
36888,4
36889,11
36890,22
36891,19
36892,7
36893,1
36894,22
36895,13
36896,18
36897,13
36898,19
36899,15
36900,3
36901,4
36902,10
36903,13
36904,17
36905,7
36906,3
36907,22
36908,6
36909,4
36910,7
36911,17
36912,5
36913,20
36914,17
36915,22
36916,8
36917,5
36918,23
36919,12
36920,11
36921,2
36922,5
36923,10
36924,7
36925,0
36926,22
36927,22
36928,11
36929,5
36930,19
36931,11
36932,6
36933,21
36934,10
36935,18
36936,19
36937,12
36938,17
36939,7
36940,19
36941,0
36942,1
36943,14
36944,16
36945,13
36946,4
36947,7
36948,12
36949,10
36950,1
36951,9
36952,11
36953,15
36954,17
36955,6
36956,13
36957,20
36958,7
36959,21
36960,19
36961,21
36962,11
36963,0
36964,13
36965,12
36966,1
36967,13
36968,7
36969,16
36970,21
36971,10
36972,6
36973,5
36974,7
36975,18
36976,15
36977,15
36978,7
36979,13
36980,8
36981,15
36982,13
36983,13
36984,12
36985,5
36986,0
36987,13
36988,23
36989,22
36990,22
36991,12
36992,2
36993,22
36994,23
36995,22
36996,17
36997,7
36998,11
36999,15
37000,5
37001,22
37002,19
37003,19
37004,4
37005,12
37006,7
37007,13
37008,4
37009,5
37010,15
37011,11
37012,21
37013,17
37014,4
37015,7
37016,21
37017,7
37018,15
37019,6
37020,6
37021,4
37022,21
37023,7
37024,18
37025,12
37026,21
37027,16
37028,13
37029,19
37030,3
37031,0
37032,10
37033,6
37034,7
37035,17
37036,9
37037,4
37038,15
37039,13
37040,19
37041,23
37042,16
37043,11
37044,23
37045,23
37046,18
37047,15
37048,7
37049,9
37050,7
37051,18
37052,13
37053,15
37054,22
37055,23
37056,7
37057,0
37058,23
37059,1
37060,19
37061,6
37062,15
37063,7
37064,7
37065,7
37066,8
37067,3
37068,7
37069,6
37070,7
37071,15
37072,15
37073,19
37074,21
37075,23
37076,21
37077,3
37078,13
37079,13
37080,14
37081,10
37082,3
37083,12
37084,14
37085,5
37086,21
37087,7
37088,5
37089,21
37090,19
37091,19
37092,1
37093,4
37094,20
37095,14
37096,13
37097,12
37098,18
37099,17
37100,11
37101,19
37102,0
37103,10
37104,10
37105,20
37106,13
37107,15
37108,7
37109,13
37110,0
37111,3
37112,4
37113,16
37114,13
37115,17
37116,5
37117,7
37118,3
37119,4
37120,6
37121,7
37122,21
37123,4
37124,18
37125,7
37126,2
37127,7
37128,17
37129,1
37130,7
37131,17
37132,4
37133,10
37134,20
37135,21
37136,1
37137,3
37138,18
37139,12
37140,3
37141,19
37142,3
37143,7
37144,23
37145,9
37146,1
37147,3
37148,21
37149,22
37150,13
37151,11
37152,4
37153,23
37154,10
37155,5
37156,19
37157,21
37158,7
37159,15
37160,11
37161,4
37162,4
37163,6
37164,19
37165,10
37166,6
37167,11
37168,22
37169,5
37170,9
37171,3
37172,1
37173,3
37174,4
37175,18
37176,1
37177,11
37178,20
37179,13
37180,5
37181,0
37182,23
37183,11
37184,0
37185,0
37186,15
37187,6
37188,4
37189,14
37190,11
37191,0
37192,4
37193,7
37194,13
37195,18
37196,2
37197,23
37198,17
37199,4
37200,1
37201,20
37202,20
37203,11
37204,15
37205,6
37206,0
37207,7
37208,6
37209,15
37210,5
37211,13
37212,15
37213,19
37214,9
37215,7
37216,9
37217,23
37218,17
37219,11
37220,19
37221,21
37222,10
37223,7
37224,20
37225,10
37226,5
37227,4
37228,17
37229,1
37230,15
37231,2
37232,17
37233,11
37234,20
37235,15
37236,21
37237,7
37238,2
37239,14
37240,9
37241,0
37242,7
37243,10
37244,11
37245,19
37246,7
37247,15
37248,6
37249,21
37250,16
37251,1
37252,12
37253,4
37254,9
37255,7
37256,12
37257,9
37258,7
37259,20
37260,15
37261,0
37262,19
37263,6
37264,21
37265,19
37266,15
37267,1
37268,20
37269,10
37270,15
37271,10
37272,7
37273,7
37274,22
37275,3
37276,8
37277,17
37278,6
37279,22
37280,7
37281,7
37282,1
37283,4
37284,6
37285,11
37286,11
37287,17
37288,9
37289,5
37290,7
37291,19
37292,15
37293,6
37294,23
37295,13
37296,11
37297,3
37298,5
37299,8
37300,18
37301,15
37302,14
37303,17
37304,7
37305,18
37306,1
37307,13
37308,10
37309,17
37310,23
37311,10
37312,3
37313,10
37314,10
37315,13
37316,1
37317,8
37318,6
37319,19
37320,16
37321,19
37322,15
37323,5
37324,1
37325,13
37326,18
37327,7
37328,19
37329,19
37330,5
37331,10
37332,18
37333,11
37334,6
37335,1
37336,22
37337,11
37338,20
37339,11
37340,3
37341,22
37342,21
37343,13
37344,13
37345,8
37346,14
37347,22
37348,4
37349,0
37350,19
37351,19
37352,10
37353,16
37354,12
37355,4
37356,10
37357,18
37358,5
37359,21
37360,10
37361,13
37362,22
37363,23
37364,13
37365,22
37366,7
37367,20
37368,15
37369,20
37370,7
37371,15
37372,19
37373,19
37374,0
37375,17
37376,0
37377,22
37378,6
37379,4
37380,5
37381,8
37382,13
37383,21
37384,0
37385,21
37386,19
37387,15
37388,1
37389,17
37390,4
37391,7
37392,15
37393,7
37394,18
37395,7
37396,9
37397,22
37398,4
37399,7
37400,9
37401,2
37402,1
37403,4
37404,4
37405,9
37406,10
37407,1
37408,11
37409,19
37410,17
37411,13
37412,11
37413,7
37414,22
37415,16
37416,13
37417,9
37418,19
37419,17
37420,17
37421,10
37422,1
37423,17
37424,10
37425,21
37426,0
37427,6
37428,0
37429,12
37430,9
37431,10
37432,21
37433,16
37434,15
37435,16
37436,7
37437,23
37438,22
37439,8
37440,20
37441,13
37442,5
37443,4
37444,19
37445,3
37446,10
37447,15
37448,11
37449,15
37450,0
37451,13
37452,11
37453,5
37454,3
37455,20
37456,10
37457,0
37458,7
37459,13
37460,15
37461,17
37462,1
37463,12
37464,16
37465,9
37466,18
37467,20
37468,16
37469,1
37470,10
37471,6
37472,8
37473,19
37474,12
37475,7
37476,20
37477,20
37478,7
37479,11
37480,13
37481,22
37482,9
37483,18
37484,13
37485,2
37486,6
37487,23
37488,3
37489,6
37490,15
37491,7
37492,11
37493,8
37494,5
37495,3
37496,23
37497,8
37498,12
37499,19
37500,10
37501,21
37502,10
37503,14
37504,22
37505,7
37506,13
37507,13
37508,14
37509,5
37510,20
37511,18
37512,16
37513,22
37514,16
37515,7
37516,15
37517,11
37518,8
37519,20
37520,4
37521,14
37522,22
37523,6
37524,12
37525,8
37526,8
37527,10
37528,12
37529,6
37530,14
37531,8
37532,4
37533,3
37534,1
37535,1
37536,19
37537,6
37538,17
37539,23
37540,20
37541,13
37542,19
37543,1
37544,7
37545,2
37546,17
37547,8
37548,11
37549,3
37550,7
37551,11
37552,7
37553,0
37554,3
37555,17
37556,0
37557,21
37558,17
37559,6
37560,7
37561,2
37562,22
37563,11
37564,22
37565,7
37566,3
37567,17
37568,11
37569,3
37570,3
37571,17
37572,17
37573,13
37574,17
37575,11
37576,15
37577,11
37578,5
37579,1
37580,17
37581,4
37582,19
37583,23
37584,6
37585,19
37586,6
37587,17
37588,16
37589,15
37590,7
37591,13
37592,22
37593,3
37594,10
37595,18
37596,1
37597,4
37598,17
37599,17
37600,15
37601,19
37602,4
37603,14
37604,7
37605,15
37606,8
37607,15
37608,6
37609,12
37610,15
37611,0
37612,14
37613,1
37614,20
37615,11
37616,20
37617,7
37618,4
37619,9
37620,23
37621,19
37622,22
37623,1
37624,23
37625,23
37626,0
37627,13
37628,23
37629,8
37630,7
37631,22
37632,19
37633,6
37634,4
37635,0
37636,8
37637,22
37638,6
37639,16
37640,6
37641,0
37642,6
37643,4
37644,1
37645,8
37646,1
37647,15
37648,13
37649,11
37650,6
37651,13
37652,1
37653,15
37654,13
37655,22
37656,17
37657,7
37658,15
37659,15
37660,12
37661,9
37662,16
37663,23
37664,7
37665,13
37666,1
37667,15
37668,18
37669,20
37670,16
37671,22
37672,19
37673,16
37674,4
37675,12
37676,7
37677,5
37678,19
37679,23
37680,4
37681,11
37682,1
37683,13
37684,15
37685,13
37686,17
37687,8
37688,10
37689,8
37690,20
37691,7
37692,17
37693,4
37694,4
37695,1
37696,21
37697,18
37698,7
37699,17
37700,4
37701,1
37702,17
37703,4
37704,1
37705,0
37706,6
37707,21
37708,16
37709,3
37710,8
37711,0
37712,20
37713,16
37714,1
37715,0
37716,0
37717,13
37718,18
37719,9
37720,3
37721,6
37722,4
37723,18
37724,3
37725,8
37726,6
37727,10
37728,11
37729,16
37730,20
37731,7
37732,10
37733,19
37734,10
37735,1
37736,4
37737,22
37738,21
37739,20
37740,6
37741,7
37742,22
37743,12
37744,0
37745,15
37746,7
37747,7
37748,19
37749,3
37750,13
37751,15
37752,11
37753,14
37754,9
37755,20
37756,5
37757,8
37758,6
37759,16
37760,11
37761,0
37762,17
37763,13
37764,21
37765,20
37766,21
37767,0
37768,7
37769,4
37770,0
37771,16
37772,11
37773,22
37774,14
37775,0
37776,0
37777,7
37778,7
37779,13
37780,13
37781,1
37782,1
37783,0
37784,8
37785,18
37786,2
37787,1
37788,12
37789,14
37790,11
37791,19
37792,19
37793,15
37794,10
37795,15
37796,17
37797,17
37798,1
37799,22
37800,20
37801,10
37802,6
37803,6
37804,11
37805,5
37806,12
37807,22
37808,11
37809,4
37810,7
37811,19
37812,17
37813,15
37814,4
37815,5
37816,11
37817,15
37818,23
37819,13
37820,0
37821,23
37822,7
37823,19
37824,14
37825,8
37826,1
37827,7
37828,6
37829,7
37830,12
37831,15
37832,23
37833,20
37834,23
37835,12
37836,1
37837,15
37838,3
37839,4
37840,17
37841,17
37842,11
37843,10
37844,2
37845,4
37846,0
37847,7
37848,12
37849,17
37850,14
37851,10
37852,14
37853,7
37854,16
37855,0
37856,23
37857,10
37858,12
37859,0
37860,19
37861,12
37862,22
37863,14
37864,3
37865,6
37866,18
37867,18
37868,9
37869,10
37870,22
37871,0
37872,7
37873,3
37874,19
37875,8
37876,3
37877,23
37878,7
37879,16
37880,15
37881,12
37882,7
37883,21
37884,3
37885,16
37886,7
37887,1
37888,14
37889,7
37890,14
37891,5
37892,3
37893,5
37894,8
37895,22
37896,17
37897,17
37898,3
37899,0
37900,1
37901,12
37902,4
37903,11
37904,7
37905,3
37906,1
37907,12
37908,7
37909,20
37910,19
37911,7
37912,6
37913,15
37914,4
37915,12
37916,18
37917,16
37918,10
37919,15
37920,4
37921,15
37922,7
37923,16
37924,10
37925,6
37926,17
37927,1
37928,19
37929,8
37930,4
37931,21
37932,4
37933,7
37934,19
37935,4
37936,3
37937,10
37938,7
37939,8
37940,13
37941,23
37942,3
37943,5
37944,2
37945,7
37946,1
37947,6
37948,23
37949,18
37950,17
37951,10
37952,1
37953,15
37954,17
37955,8
37956,11
37957,12
37958,4
37959,15
37960,1
37961,8
37962,17
37963,4
37964,7
37965,17
37966,13
37967,15
37968,1
37969,15
37970,12
37971,9
37972,16
37973,5
37974,7
37975,1
37976,1
37977,5
37978,8
37979,19
37980,3
37981,12
37982,1
37983,3
37984,14
37985,5
37986,4
37987,23
37988,18
37989,12
37990,10
37991,11
37992,7
37993,14
37994,3
37995,7
37996,1
37997,7
37998,21
37999,21
38000,4
38001,11
38002,17
38003,15
38004,22
38005,12
38006,1
38007,2
38008,7
38009,4
38010,17
38011,10
38012,10
38013,10
38014,11
38015,11
38016,12
38017,10
38018,19
38019,13
38020,0
38021,2
38022,23
38023,23
38024,19
38025,13
38026,20
38027,15
38028,15
38029,14
38030,5
38031,3
38032,4
38033,12
38034,1
38035,4
38036,6
38037,1
38038,5
38039,11
38040,19
38041,15
38042,16
38043,13
38044,9
38045,4
38046,18
38047,18
38048,1
38049,6
38050,5
38051,15
38052,7
38053,12
38054,4
38055,23
38056,7
38057,23
38058,11
38059,5
38060,15
38061,0
38062,1
38063,12
38064,5
38065,19
38066,21
38067,10
38068,11
38069,17
38070,6
38071,2
38072,13
38073,13
38074,14
38075,19
38076,7
38077,16
38078,4
38079,11
38080,4
38081,4
38082,3
38083,19
38084,4
38085,0
38086,17
38087,1
38088,9
38089,6
38090,18
38091,4
38092,17
38093,22
38094,12
38095,21
38096,9
38097,7
38098,23
38099,22
38100,3
38101,12
38102,10
38103,17
38104,18
38105,9
38106,8
38107,14
38108,1
38109,1
38110,4
38111,14
38112,19
38113,4
38114,1
38115,8
38116,13
38117,16
38118,19
38119,14
38120,16
38121,23
38122,0
38123,7
38124,22
38125,6
38126,13
38127,13
38128,1
38129,20
38130,4
38131,23
38132,21
38133,5
38134,22
38135,18
38136,7
38137,3
38138,13
38139,14
38140,4
38141,11
38142,17
38143,0
38144,6
38145,6
38146,7
38147,22
38148,22
38149,22
38150,12
38151,13
38152,22
38153,8
38154,16
38155,11
38156,18
38157,7
38158,19
38159,14
38160,12
38161,4
38162,16
38163,9
38164,16
38165,19
38166,15
38167,11
38168,13
38169,15
38170,14
38171,7
38172,18
38173,4
38174,16
38175,3
38176,12
38177,8
38178,12
38179,22
38180,11
38181,12
38182,8
38183,6
38184,13
38185,14
38186,13
38187,15
38188,8
38189,13
38190,14
38191,21
38192,10
38193,22
38194,23
38195,4
38196,16
38197,6
38198,0
38199,15
38200,23
38201,7
38202,8
38203,15
38204,17
38205,3
38206,12
38207,22
38208,12
38209,22
38210,0
38211,19
38212,7
38213,11
38214,1
38215,13
38216,18
38217,6
38218,22
38219,6
38220,1
38221,20
38222,15
38223,6
38224,14
38225,8
38226,6
38227,23
38228,8
38229,11
38230,9
38231,11
38232,20
38233,17
38234,4
38235,0
38236,3
38237,7
38238,12
38239,17
38240,21
38241,6
38242,16
38243,15
38244,11
38245,12
38246,19
38247,21
38248,5
38249,10
38250,13
38251,13
38252,7
38253,19
38254,3
38255,3
38256,13
38257,20
38258,6
38259,12
38260,4
38261,1
38262,13
38263,21
38264,11
38265,8
38266,13
38267,0
38268,14
38269,7
38270,10
38271,1
38272,1
38273,5
38274,1
38275,16
38276,14
38277,21
38278,1
38279,0
38280,1
38281,18
38282,16
38283,12
38284,20
38285,19
38286,7
38287,18
38288,13
38289,0
38290,7
38291,4
38292,1
38293,4
38294,22
38295,12
38296,16
38297,7
38298,6
38299,6
38300,6
38301,12
38302,4
38303,8
38304,6
38305,15
38306,4
38307,22
38308,6
38309,11
38310,19
38311,20
38312,11
38313,8
38314,5
38315,5
38316,0
38317,10
38318,0
38319,17
38320,7
38321,21
38322,10
38323,18
38324,7
38325,15
38326,6
38327,12
38328,10
38329,5
38330,5
38331,20
38332,7
38333,4
38334,1
38335,12
38336,19
38337,3
38338,9
38339,13
38340,11
38341,15
38342,15
38343,8
38344,5
38345,0
38346,6
38347,19
38348,17
38349,7
38350,15
38351,0
38352,6
38353,18
38354,19
38355,0
38356,6
38357,17
38358,10
38359,20
38360,12
38361,16
38362,16
38363,20
38364,15
38365,19
38366,14
38367,11
38368,19
38369,0
38370,21
38371,4
38372,14
38373,20
38374,14
38375,22
38376,19
38377,20
38378,10
38379,7
38380,5
38381,9
38382,4
38383,5
38384,20
38385,15
38386,8
38387,2
38388,22
38389,10
38390,17
38391,21
38392,19
38393,1
38394,18
38395,9
38396,19
38397,7
38398,8
38399,13
38400,18
38401,4
38402,19
38403,20
38404,19
38405,13
38406,6
38407,9
38408,13
38409,8
38410,6
38411,6
38412,0
38413,23
38414,21
38415,1
38416,5
38417,10
38418,20
38419,4
38420,6
38421,7
38422,19
38423,11
38424,6
38425,2
38426,1
38427,23
38428,19
38429,14
38430,11
38431,22
38432,1
38433,0
38434,7
38435,23
38436,7
38437,4
38438,22
38439,9
38440,6
38441,12
38442,12
38443,22
38444,0
38445,12
38446,15
38447,14
38448,22
38449,8
38450,6
38451,17
38452,12
38453,10
38454,7
38455,1
38456,1
38457,14
38458,7
38459,10
38460,7
38461,15
38462,23
38463,18
38464,1
38465,20
38466,4
38467,4
38468,1
38469,18
38470,19
38471,1
38472,7
38473,13
38474,9
38475,9
38476,5
38477,8
38478,21
38479,15
38480,11
38481,19
38482,22
38483,1
38484,7
38485,15
38486,15
38487,4
38488,6
38489,20
38490,11
38491,4
38492,21
38493,3
38494,8
38495,7
38496,1
38497,9
38498,13
38499,11
38500,7
38501,8
38502,4
38503,10
38504,14
38505,4
38506,23
38507,9
38508,6
38509,22
38510,13
38511,16
38512,20
38513,14
38514,7
38515,3
38516,17
38517,8
38518,2
38519,4
38520,1
38521,18
38522,1
38523,21
38524,4
38525,8
38526,13
38527,17
38528,15
38529,19
38530,13
38531,3
38532,5
38533,8
38534,21
38535,19
38536,11
38537,18
38538,4
38539,4
38540,21
38541,0
38542,6
38543,7
38544,11
38545,9
38546,17
38547,11
38548,18
38549,21
38550,7
38551,22
38552,0
38553,15
38554,12
38555,7
38556,5
38557,7
38558,15
38559,18
38560,15
38561,21
38562,4
38563,7
38564,5
38565,7
38566,10
38567,8
38568,15
38569,4
38570,1
38571,14
38572,21
38573,2
38574,20
38575,17
38576,10
38577,0
38578,12
38579,1
38580,18
38581,15
38582,21
38583,13
38584,16
38585,23
38586,5
38587,14
38588,0
38589,15
38590,15
38591,19
38592,4
38593,4
38594,12
38595,20
38596,21
38597,1
38598,19
38599,12
38600,11
38601,5
38602,12
38603,15
38604,15
38605,20
38606,8
38607,23
38608,5
38609,5
38610,1
38611,13
38612,19
38613,14
38614,0
38615,3
38616,15
38617,10
38618,7
38619,18
38620,16
38621,23
38622,11
38623,22
38624,18
38625,0
38626,22
38627,4
38628,1
38629,19
38630,15
38631,22
38632,13
38633,4
38634,13
38635,18
38636,0
38637,13
38638,0
38639,8
38640,6
38641,14
38642,15
38643,1
38644,14
38645,16
38646,9
38647,8
38648,16
38649,7
38650,14
38651,4
38652,0
38653,3
38654,13
38655,14
38656,0
38657,15
38658,11
38659,8
38660,22
38661,22
38662,23
38663,22
38664,20
38665,1
38666,11
38667,13
38668,9
38669,11
38670,19
38671,5
38672,7
38673,1
38674,6
38675,5
38676,10
38677,6
38678,16
38679,12
38680,21
38681,13
38682,5
38683,4
38684,19
38685,3
38686,8
38687,5
38688,15
38689,6
38690,4
38691,2
38692,10
38693,20
38694,14
38695,6
38696,1
38697,16
38698,3
38699,8
38700,15
38701,19
38702,23
38703,15
38704,19
38705,11
38706,19
38707,5
38708,1
38709,0
38710,19
38711,15
38712,23
38713,7
38714,19
38715,10
38716,17
38717,0
38718,15
38719,2
38720,7
38721,5
38722,6
38723,7
38724,22
38725,5
38726,8
38727,23
38728,16
38729,10
38730,18
38731,6
38732,18
38733,7
38734,0
38735,2
38736,21
38737,21
38738,5
38739,0
38740,3
38741,10
38742,6
38743,19
38744,10
38745,3
38746,11
38747,23
38748,17
38749,5
38750,14
38751,15
38752,6
38753,20
38754,18
38755,12
38756,0
38757,8
38758,3
38759,13
38760,0
38761,10
38762,14
38763,20
38764,6
38765,7
38766,3
38767,7
38768,10
38769,4
38770,13
38771,19
38772,16
38773,23
38774,22
38775,18
38776,5
38777,18
38778,16
38779,21
38780,19
38781,13
38782,12
38783,11
38784,8
38785,7
38786,15
38787,15
38788,13
38789,4
38790,3
38791,2
38792,15
38793,4
38794,7
38795,4
38796,6
38797,17
38798,7
38799,18
38800,17
38801,3
38802,10
38803,14
38804,1
38805,19
38806,22
38807,15
38808,19
38809,19
38810,7
38811,1
38812,10
38813,4
38814,4
38815,3
38816,7
38817,0
38818,12
38819,23
38820,6
38821,23
38822,22
38823,5
38824,12
38825,19
38826,7
38827,17
38828,21
38829,11
38830,18
38831,13
38832,14
38833,18
38834,15
38835,9
38836,20
38837,6
38838,20
38839,16
38840,18
38841,17
38842,0
38843,14
38844,13
38845,9
38846,0
38847,4
38848,7
38849,22
38850,5
38851,15
38852,21
38853,7
38854,7
38855,16
38856,0
38857,10
38858,0
38859,21
38860,6
38861,9
38862,10
38863,7
38864,17
38865,1
38866,18
38867,17
38868,7
38869,13
38870,13
38871,22
38872,22
38873,16
38874,2
38875,4
38876,19
38877,9
38878,20
38879,7
38880,7
38881,19
38882,13
38883,5
38884,5
38885,7
38886,7
38887,15
38888,15
38889,13
38890,7
38891,7
38892,9
38893,0
38894,12
38895,15
38896,11
38897,5
38898,14
38899,19
38900,3
38901,15
38902,19
38903,16
38904,5
38905,7
38906,9
38907,15
38908,7
38909,21
38910,7
38911,22
38912,10
38913,15
38914,16
38915,8
38916,12
38917,7
38918,7
38919,8
38920,22
38921,15
38922,3
38923,6
38924,6
38925,21
38926,15
38927,17
38928,6
38929,16
38930,1
38931,17
38932,22
38933,10
38934,15
38935,10
38936,21
38937,13
38938,10
38939,22
38940,17
38941,10
38942,1
38943,4
38944,17
38945,6
38946,15
38947,14
38948,4
38949,8
38950,7
38951,9
38952,7
38953,7
38954,19
38955,23
38956,13
38957,11
38958,16
38959,5
38960,14
38961,22
38962,22
38963,3
38964,15
38965,15
38966,22
38967,15
38968,16
38969,0
38970,0
38971,5
38972,6
38973,15
38974,20
38975,19
38976,9
38977,9
38978,7
38979,13
38980,12
38981,7
38982,22
38983,19
38984,20
38985,21
38986,15
38987,17
38988,9
38989,17
38990,21
38991,15
38992,17
38993,1
38994,19
38995,17
38996,14
38997,21
38998,16
38999,4
39000,12
39001,3
39002,7
39003,7
39004,21
39005,7
39006,0
39007,5
39008,1
39009,9
39010,6
39011,1
39012,16
39013,1
39014,7
39015,12
39016,4
39017,21
39018,12
39019,5
39020,19
39021,22
39022,21
39023,18
39024,22
39025,6
39026,5
39027,22
39028,7
39029,10
39030,1
39031,22
39032,14
39033,8
39034,21
39035,7
39036,12
39037,3
39038,11
39039,3
39040,18
39041,14
39042,21
39043,5
39044,7
39045,8
39046,7
39047,9
39048,13
39049,12
39050,12
39051,12
39052,5
39053,19
39054,10
39055,4
39056,8
39057,6
39058,0
39059,21
39060,19
39061,13
39062,19
39063,15
39064,7
39065,7
39066,10
39067,12
39068,20
39069,20
39070,4
39071,1
39072,0
39073,5
39074,3
39075,17
39076,22
39077,19
39078,0
39079,20
39080,20
39081,0
39082,8
39083,1
39084,15
39085,0
39086,19
39087,7
39088,0
39089,6
39090,11
39091,4
39092,13
39093,7
39094,3
39095,5
39096,15
39097,20
39098,0
39099,21
39100,13
39101,17
39102,13
39103,13
39104,18
39105,17
39106,8
39107,3
39108,12
39109,20
39110,11
39111,1
39112,11
39113,6
39114,4
39115,16
39116,4
39117,4
39118,7
39119,13
39120,15
39121,17
39122,13
39123,9
39124,7
39125,10
39126,11
39127,18
39128,12
39129,22
39130,0
39131,23
39132,13
39133,7
39134,6
39135,7
39136,21
39137,1
39138,4
39139,11
39140,15
39141,22
39142,21
39143,12
39144,20
39145,0
39146,18
39147,13
39148,14
39149,1
39150,8
39151,3
39152,21
39153,20
39154,4
39155,11
39156,10
39157,15
39158,19
39159,15
39160,7
39161,23
39162,1
39163,16
39164,0
39165,17
39166,7
39167,17
39168,22
39169,10
39170,20
39171,6
39172,4
39173,7
39174,23
39175,19
39176,3
39177,7
39178,13
39179,17
39180,16
39181,19
39182,17
39183,0
39184,22
39185,14
39186,20
39187,21
39188,13
39189,13
39190,5
39191,6
39192,19
39193,14
39194,9
39195,23
39196,1
39197,6
39198,10
39199,22
39200,8
39201,3
39202,12
39203,15
39204,8
39205,22
39206,9
39207,9
39208,0
39209,18
39210,4
39211,23
39212,8
39213,20
39214,19
39215,21
39216,4
39217,14
39218,5
39219,21
39220,11
39221,16
39222,7
39223,6
39224,15
39225,21
39226,22
39227,11
39228,0
39229,1
39230,17
39231,21
39232,15
39233,17
39234,7
39235,7
39236,1
39237,22
39238,7
39239,6
39240,14
39241,0
39242,20
39243,3
39244,18
39245,5
39246,4
39247,7
39248,5
39249,13
39250,6
39251,8
39252,14
39253,17
39254,23
39255,14
39256,18
39257,8
39258,13
39259,21
39260,21
39261,6
39262,19
39263,6
39264,6
39265,14
39266,5
39267,17
39268,7
39269,6
39270,4
39271,12
39272,18
39273,7
39274,11
39275,7
39276,20
39277,6
39278,0
39279,15
39280,16
39281,12
39282,13
39283,22
39284,6
39285,1
39286,1
39287,7
39288,7
39289,15
39290,1
39291,7
39292,15
39293,1
39294,19
39295,23
39296,7
39297,10
39298,1
39299,9
39300,13
39301,17
39302,23
39303,19
39304,10
39305,12
39306,13
39307,5
39308,10
39309,23
39310,4
39311,6
39312,13
39313,18
39314,20
39315,7
39316,8
39317,1
39318,23
39319,19
39320,7
39321,8
39322,4
39323,23
39324,1
39325,4
39326,20
39327,9
39328,0
39329,11
39330,16
39331,23
39332,22
39333,8
39334,13
39335,7
39336,15
39337,15
39338,19
39339,0
39340,23
39341,13
39342,16
39343,23
39344,0
39345,13
39346,6
39347,8
39348,6
39349,11
39350,5
39351,1
39352,9
39353,1
39354,6
39355,6
39356,22
39357,18
39358,8
39359,17
39360,22
39361,18
39362,6
39363,8
39364,10
39365,1
39366,12
39367,15
39368,6
39369,13
39370,19
39371,2
39372,15
39373,22
39374,4
39375,19
39376,13
39377,13
39378,23
39379,15
39380,5
39381,14
39382,16
39383,0
39384,19
39385,21
39386,17
39387,17
39388,17
39389,3
39390,23
39391,5
39392,5
39393,6
39394,9
39395,11
39396,4
39397,4
39398,4
39399,5
39400,10
39401,7
39402,17
39403,12
39404,15
39405,18
39406,9
39407,1
39408,19
39409,12
39410,15
39411,0
39412,7
39413,16
39414,22
39415,23
39416,6
39417,22
39418,11
39419,1
39420,19
39421,5
39422,14
39423,0
39424,22
39425,4
39426,21
39427,16
39428,1
39429,21
39430,3
39431,18
39432,4
39433,10
39434,6
39435,0
39436,11
39437,19
39438,5
39439,4
39440,7
39441,4
39442,0
39443,7
39444,22
39445,1
39446,11
39447,14
39448,15
39449,0
39450,3
39451,15
39452,0
39453,1
39454,1
39455,2
39456,12
39457,21
39458,7
39459,4
39460,13
39461,19
39462,18
39463,20
39464,13
39465,15
39466,22
39467,14
39468,15
39469,14
39470,15
39471,11
39472,0
39473,16
39474,0
39475,7
39476,9
39477,19
39478,10
39479,7
39480,19
39481,16
39482,7
39483,8
39484,15
39485,5
39486,5
39487,13
39488,19
39489,4
39490,5
39491,13
39492,3
39493,14
39494,4
39495,7
39496,17
39497,3
39498,17
39499,21
39500,8
39501,10
39502,9
39503,2
39504,20
39505,5
39506,9
39507,22
39508,7
39509,4
39510,0
39511,9
39512,4
39513,16
39514,14
39515,6
39516,16
39517,1
39518,18
39519,4
39520,6
39521,5
39522,13
39523,7
39524,21
39525,21
39526,9
39527,14
39528,16
39529,13
39530,21
39531,5
39532,4
39533,7
39534,4
39535,4
39536,23
39537,17
39538,18
39539,13
39540,7
39541,7
39542,7
39543,11
39544,22
39545,9
39546,8
39547,10
39548,7
39549,13
39550,6
39551,1
39552,15
39553,6
39554,8
39555,10
39556,17
39557,15
39558,0
39559,7
39560,7
39561,17
39562,16
39563,9
39564,2
39565,17
39566,14
39567,16
39568,2
39569,13
39570,14
39571,1
39572,15
39573,4
39574,21
39575,4
39576,23
39577,13
39578,4
39579,14
39580,23
39581,21
39582,11
39583,22
39584,15
39585,5
39586,14
39587,17
39588,14
39589,18
39590,7
39591,22
39592,19
39593,1
39594,3
39595,22
39596,0
39597,11
39598,19
39599,21
39600,20
39601,9
39602,11
39603,8
39604,18
39605,16
39606,21
39607,19
39608,18
39609,8
39610,6
39611,1
39612,7
39613,13
39614,6
39615,19
39616,12
39617,4
39618,7
39619,8
39620,20
39621,3
39622,1
39623,5
39624,18
39625,19
39626,4
39627,15
39628,9
39629,15
39630,13
39631,15
39632,21
39633,4
39634,12
39635,8
39636,7
39637,9
39638,21
39639,12
39640,6
39641,4
39642,18
39643,10
39644,13
39645,20
39646,4
39647,14
39648,14
39649,17
39650,15
39651,22
39652,6
39653,0
39654,10
39655,0
39656,19
39657,6
39658,5
39659,21
39660,4
39661,14
39662,11
39663,19
39664,20
39665,15
39666,19
39667,23
39668,0
39669,21
39670,6
39671,5
39672,17
39673,6
39674,23
39675,20
39676,18
39677,19
39678,21
39679,9
39680,14
39681,21
39682,23
39683,8
39684,12
39685,7
39686,11
39687,21
39688,23
39689,6
39690,17
39691,17
39692,5
39693,10
39694,13
39695,10
39696,0
39697,20
39698,9
39699,3
39700,17
39701,8
39702,0
39703,3
39704,5
39705,1
39706,23
39707,8
39708,8
39709,14
39710,6
39711,15
39712,22
39713,7
39714,0
39715,17
39716,12
39717,17
39718,16
39719,1
39720,7
39721,13
39722,4
39723,17
39724,7
39725,22
39726,7
39727,7
39728,8
39729,1
39730,6
39731,6
39732,16
39733,3
39734,22
39735,18
39736,19
39737,20
39738,3
39739,22
39740,13
39741,5
39742,11
39743,15
39744,0
39745,7
39746,19
39747,19
39748,1
39749,0
39750,11
39751,12
39752,19
39753,13
39754,15
39755,7
39756,20
39757,21
39758,0
39759,15
39760,7
39761,3
39762,15
39763,7
39764,18
39765,10
39766,1
39767,13
39768,22
39769,3
39770,0
39771,8
39772,6
39773,17
39774,15
39775,12
39776,19
39777,10
39778,4
39779,19
39780,11
39781,17
39782,8
39783,19
39784,19
39785,19
39786,4
39787,1
39788,14
39789,6
39790,4
39791,16
39792,15
39793,7
39794,3
39795,20
39796,17
39797,7
39798,7
39799,4
39800,19
39801,7
39802,13
39803,18
39804,0
39805,7
39806,13
39807,4
39808,4
39809,18
39810,22
39811,13
39812,9
39813,6
39814,16
39815,11
39816,15
39817,15
39818,12
39819,9
39820,16
39821,16
39822,6
39823,16
39824,22
39825,7
39826,19
39827,15
39828,14
39829,13
39830,4
39831,7
39832,6
39833,19
39834,22
39835,15
39836,9
39837,0
39838,11
39839,20
39840,10
39841,21
39842,4
39843,6
39844,15
39845,10
39846,11
39847,6
39848,6
39849,6
39850,13
39851,18
39852,21
39853,10
39854,13
39855,15
39856,7
39857,0
39858,0
39859,15
39860,4
39861,13
39862,19
39863,9
39864,14
39865,15
39866,9
39867,18
39868,13
39869,15
39870,14
39871,6
39872,4
39873,20
39874,19
39875,1
39876,7
39877,6
39878,21
39879,19
39880,5
39881,11
39882,11
39883,1
39884,1
39885,4
39886,22
39887,4
39888,11
39889,19
39890,1
39891,3
39892,8
39893,1
39894,0
39895,9
39896,15
39897,4
39898,23
39899,23
39900,7
39901,12
39902,7
39903,17
39904,4
39905,1
39906,23
39907,14
39908,15
39909,15
39910,10
39911,1
39912,4
39913,20
39914,15
39915,21
39916,17
39917,15
39918,15
39919,13
39920,23
39921,5
39922,0
39923,14
39924,16
39925,16
39926,9
39927,10
39928,17
39929,17
39930,18
39931,19
39932,3
39933,11
39934,10
39935,18
39936,4
39937,6
39938,7
39939,7
39940,4
39941,7
39942,13
39943,9
39944,1
39945,10
39946,20
39947,10
39948,18
39949,15
39950,5
39951,22
39952,15
39953,20
39954,11
39955,7
39956,11
39957,22
39958,23
39959,10
39960,5
39961,13
39962,12
39963,5
39964,10
39965,5
39966,7
39967,13
39968,7
39969,13
39970,7
39971,7
39972,22
39973,15
39974,5
39975,10
39976,19
39977,13
39978,19
39979,1
39980,19
39981,3
39982,3
39983,15
39984,23
39985,21
39986,22
39987,19
39988,17
39989,13
39990,5
39991,6
39992,19
39993,3
39994,16
39995,11
39996,17
39997,20
39998,4
39999,8
40000,7
40001,4
40002,7
40003,13
40004,6
40005,12
40006,0
40007,7
40008,2
40009,3
40010,4
40011,0
40012,19
40013,20
40014,18
40015,7
40016,10
40017,18
40018,7
40019,15
40020,6
40021,22
40022,21
40023,18
40024,15
40025,9
40026,2
40027,9
40028,22
40029,19
40030,21
40031,15
40032,7
40033,6
40034,8
40035,15
40036,22
40037,16
40038,3
40039,4
40040,19
40041,15
40042,19
40043,4
40044,16
40045,0
40046,22
40047,14
40048,1
40049,17
40050,15
40051,14
40052,13
40053,22
40054,18
40055,0
40056,7
40057,3
40058,6
40059,20
40060,0
40061,17
40062,13
40063,10
40064,19
40065,5
40066,22
40067,12
40068,11
40069,12
40070,4
40071,9
40072,3
40073,16
40074,12
40075,10
40076,13
40077,14
40078,22
40079,3
40080,2
40081,4
40082,20
40083,19
40084,13
40085,11
40086,11
40087,4
40088,17
40089,15
40090,6
40091,15
40092,12
40093,19
40094,15
40095,7
40096,0
40097,16
40098,9
40099,1
40100,11
40101,18
40102,21
40103,7
40104,9
40105,13
40106,13
40107,5
40108,10
40109,15
40110,23
40111,3
40112,16
40113,6
40114,17
40115,16
40116,17
40117,15
40118,11
40119,22
40120,9
40121,1
40122,3
40123,14
40124,4
40125,21
40126,3
40127,22
40128,22
40129,1
40130,12
40131,16
40132,18
40133,3
40134,17
40135,16
40136,6
40137,4
40138,22
40139,4
40140,19
40141,6
40142,13
40143,0
40144,0
40145,0
40146,19
40147,5
40148,7
40149,7
40150,4
40151,7
40152,11
40153,13
40154,19
40155,23
40156,14
40157,22
40158,17
40159,19
40160,8
40161,6
40162,7
40163,0
40164,14
40165,8
40166,7
40167,15
40168,11
40169,22
40170,6
40171,1
40172,21
40173,15
40174,13
40175,7
40176,17
40177,7
40178,8
40179,3
40180,7
40181,15
40182,17
40183,0
40184,14
40185,0
40186,11
40187,16
40188,23
40189,17
40190,16
40191,21
40192,1
40193,1
40194,19
40195,15
40196,2
40197,17
40198,11
40199,16
40200,15
40201,7
40202,14
40203,0
40204,0
40205,0
40206,14
40207,3
40208,4
40209,13
40210,13
40211,6
40212,17
40213,13
40214,1
40215,1
40216,18
40217,22
40218,3
40219,5
40220,21
40221,14
40222,17
40223,9
40224,11
40225,0
40226,8
40227,21
40228,2
40229,4
40230,3
40231,19
40232,7
40233,13
40234,5
40235,7
40236,12
40237,16
40238,16
40239,17
40240,3
40241,1
40242,17
40243,15
40244,14
40245,13
40246,15
40247,1
40248,9
40249,2
40250,7
40251,1
40252,7
40253,1
40254,4
40255,4
40256,2
40257,23
40258,13
40259,9
40260,13
40261,16
40262,21
40263,21
40264,13
40265,23
40266,6
40267,6
40268,15
40269,8
40270,9
40271,4
40272,19
40273,18
40274,16
40275,14
40276,18
40277,0
40278,4
40279,19
40280,3
40281,19
40282,20
40283,19
40284,13
40285,8
40286,0
40287,4
40288,20
40289,10
40290,22
40291,4
40292,19
40293,8
40294,9
40295,22
40296,15
40297,10
40298,14
40299,18
40300,8
40301,7
40302,11
40303,6
40304,19
40305,19
40306,1
40307,18
40308,21
40309,6
40310,14
40311,1
40312,4
40313,22
40314,1
40315,7
40316,17
40317,22
40318,11
40319,20
40320,5
40321,23
40322,4
40323,18
40324,19
40325,18
40326,1
40327,4
40328,12
40329,19
40330,1
40331,3
40332,11
40333,17
40334,20
40335,8
40336,18
40337,13
40338,10
40339,7
40340,13
40341,12
40342,1
40343,6
40344,22
40345,15
40346,0
40347,5
40348,17
40349,15
40350,22
40351,20
40352,17
40353,23
40354,5
40355,4
40356,13
40357,4
40358,9
40359,15
40360,1
40361,20
40362,16
40363,17
40364,14
40365,15
40366,8
40367,1
40368,0
40369,15
40370,0
40371,16
40372,0
40373,7
40374,20
40375,15
40376,15
40377,22
40378,22
40379,21
40380,23
40381,20
40382,15
40383,22
40384,2
40385,5
40386,21
40387,7
40388,5
40389,9
40390,19
40391,12
40392,14
40393,9
40394,11
40395,11
40396,21
40397,16
40398,10
40399,17
40400,17
40401,12
40402,1
40403,14
40404,7
40405,5
40406,16
40407,13
40408,7
40409,13
40410,18
40411,5
40412,14
40413,10
40414,15
40415,1
40416,21
40417,23
40418,19
40419,14
40420,3
40421,7
40422,6
40423,19
40424,19
40425,23
40426,21
40427,13
40428,9
40429,7
40430,10
40431,9
40432,12
40433,13
40434,19
40435,7
40436,7
40437,1
40438,2
40439,7
40440,10
40441,13
40442,22
40443,11
40444,9
40445,4
40446,3
40447,1
40448,1
40449,19
40450,4
40451,15
40452,7
40453,7
40454,19
40455,16
40456,18
40457,6
40458,4
40459,21
40460,20
40461,4
40462,20
40463,6
40464,8
40465,10
40466,21
40467,16
40468,15
40469,21
40470,6
40471,11
40472,17
40473,4
40474,22
40475,0
40476,11
40477,18
40478,4
40479,5
40480,1
40481,7
40482,1
40483,4
40484,7
40485,4
40486,21
40487,7
40488,17
40489,7
40490,17
40491,20
40492,19
40493,14
40494,9
40495,14
40496,13
40497,19
40498,22
40499,23
40500,0
40501,19
40502,1
40503,7
40504,19
40505,7
40506,9
40507,0
40508,17
40509,9
40510,3
40511,7
40512,1
40513,22
40514,3
40515,7
40516,4
40517,22
40518,15
40519,9
40520,18
40521,4
40522,6
40523,3
40524,7
40525,13
40526,19
40527,15
40528,13
40529,19
40530,5
40531,13
40532,7
40533,4
40534,17
40535,17
40536,21
40537,17
40538,1
40539,11
40540,23
40541,4
40542,8
40543,4
40544,5
40545,20
40546,7
40547,5
40548,15
40549,18
40550,6
40551,9
40552,20
40553,7
40554,20
40555,5
40556,6
40557,22
40558,21
40559,13
40560,10
40561,7
40562,12
40563,8
40564,1
40565,0
40566,0
40567,19
40568,10
40569,5
40570,13
40571,4
40572,8
40573,11
40574,4
40575,18
40576,15
40577,13
40578,12
40579,0
40580,1
40581,16
40582,17
40583,5
40584,1
40585,8
40586,15
40587,8
40588,6
40589,23
40590,1
40591,9
40592,10
40593,6
40594,1
40595,9
40596,13
40597,13
40598,17
40599,3
40600,19
40601,3
40602,14
40603,7
40604,22
40605,9
40606,10
40607,1
40608,7
40609,15
40610,1
40611,7
40612,18
40613,6
40614,2
40615,11
40616,4
40617,16
40618,3
40619,1
40620,15
40621,7
40622,13
40623,5
40624,19
40625,4
40626,5
40627,17
40628,7
40629,12
40630,4
40631,5
40632,15
40633,14
40634,0
40635,17
40636,7
40637,4
40638,22
40639,17
40640,11
40641,4
40642,3
40643,20
40644,0
40645,11
40646,1
40647,10
40648,15
40649,12
40650,2
40651,5
40652,15
40653,17
40654,15
40655,17
40656,10
40657,0
40658,16
40659,16
40660,22
40661,4
40662,18
40663,4
40664,0
40665,19
40666,7
40667,13
40668,12
40669,15
40670,9
40671,5
40672,14
40673,17
40674,15
40675,7
40676,3
40677,15
40678,3
40679,10
40680,4
40681,3
40682,10
40683,13
40684,4
40685,7
40686,13
40687,13
40688,12
40689,7
40690,16
40691,10
40692,23
40693,20
40694,7
40695,12
40696,11
40697,13
40698,23
40699,22
40700,10
40701,7
40702,10
40703,7
40704,15
40705,4
40706,7
40707,21
40708,23
40709,14
40710,1
40711,17
40712,4
40713,19
40714,0
40715,0
40716,20
40717,13
40718,14
40719,20
40720,7
40721,13
40722,19
40723,1
40724,4
40725,11
40726,0
40727,6
40728,10
40729,7
40730,12
40731,15
40732,7
40733,3
40734,9
40735,22
40736,4
40737,18
40738,4
40739,20
40740,11
40741,13
40742,20
40743,4
40744,12
40745,0
40746,7
40747,7
40748,15
40749,4
40750,16
40751,7
40752,1
40753,10
40754,13
40755,16
40756,1
40757,19
40758,13
40759,3
40760,12
40761,15
40762,11
40763,16
40764,13
40765,8
40766,9
40767,13
40768,14
40769,13
40770,19
40771,7
40772,10
40773,8
40774,7
40775,4
40776,17
40777,4
40778,17
40779,6
40780,0
40781,6
40782,19
40783,7
40784,17
40785,5
40786,6
40787,15
40788,5
40789,23
40790,5
40791,15
40792,7
40793,7
40794,6
40795,14
40796,7
40797,20
40798,15
40799,5
40800,8
40801,23
40802,7
40803,4
40804,11
40805,20
40806,23
40807,23
40808,6
40809,8
40810,19
40811,3
40812,22
40813,15
40814,15
40815,1
40816,3
40817,19
40818,9
40819,15
40820,19
40821,16
40822,7
40823,15
40824,1
40825,8
40826,11
40827,7
40828,7
40829,4
40830,8
40831,13
40832,7
40833,23
40834,15
40835,10
40836,0
40837,11
40838,6
40839,1
40840,6
40841,1
40842,6
40843,1
40844,15
40845,8
40846,15
40847,23
40848,3
40849,19
40850,8
40851,4
40852,15
40853,5
40854,15
40855,8
40856,11
40857,7
40858,15
40859,22
40860,9
40861,10
40862,10
40863,19
40864,4
40865,9
40866,11
40867,7
40868,12
40869,19
40870,1
40871,7
40872,17
40873,19
40874,19
40875,16
40876,21
40877,22
40878,16
40879,13
40880,1
40881,18
40882,13
40883,18
40884,7
40885,21
40886,11
40887,13
40888,6
40889,15
40890,12
40891,22
40892,4
40893,12
40894,15
40895,7
40896,8
40897,16
40898,12
40899,4
40900,3
40901,11
40902,15
40903,5
40904,11
40905,8
40906,19
40907,11
40908,22
40909,13
40910,4
40911,11
40912,13
40913,22
40914,15
40915,4
40916,18
40917,23
40918,22
40919,6
40920,9
40921,8
40922,19
40923,4
40924,13
40925,7
40926,15
40927,16
40928,16
40929,3
40930,23
40931,15
40932,4
40933,19
40934,17
40935,3
40936,15
40937,3
40938,8
40939,23
40940,13
40941,7
40942,21
40943,7
40944,4
40945,19
40946,7
40947,17
40948,1
40949,17
40950,12
40951,13
40952,10
40953,0
40954,17
40955,10
40956,7
40957,20
40958,13
40959,20
40960,12
40961,0
40962,11
40963,19
40964,8
40965,5
40966,7
40967,4
40968,15
40969,19
40970,13
40971,21
40972,17
40973,16
40974,19
40975,19
40976,7
40977,7
40978,11
40979,10
40980,7
40981,12
40982,17
40983,5
40984,19
40985,11
40986,1
40987,3
40988,9
40989,7
40990,4
40991,4
40992,19
40993,18
40994,21
40995,18
40996,7
40997,13
40998,16
40999,21
41000,15
41001,23
41002,5
41003,11
41004,13
41005,12
41006,16
41007,13
41008,15
41009,0
41010,5
41011,15
41012,7
41013,1
41014,8
41015,17
41016,4
41017,5
41018,16
41019,10
41020,20
41021,10
41022,4
41023,4
41024,6
41025,23
41026,7
41027,17
41028,14
41029,21
41030,1
41031,11
41032,21
41033,13
41034,20
41035,11
41036,12
41037,13
41038,6
41039,13
41040,7
41041,14
41042,17
41043,15
41044,19
41045,0
41046,16
41047,17
41048,0
41049,9
41050,9
41051,9
41052,15
41053,21
41054,9
41055,3
41056,9
41057,21
41058,6
41059,1
41060,11
41061,1
41062,19
41063,13
41064,16
41065,15
41066,6
41067,18
41068,21
41069,14
41070,9
41071,4
41072,7
41073,13
41074,13
41075,15
41076,19
41077,11
41078,15
41079,4
41080,19
41081,11
41082,20
41083,11
41084,7
41085,17
41086,1
41087,10
41088,22
41089,7
41090,23
41091,7
41092,8
41093,22
41094,11
41095,1
41096,4
41097,19
41098,11
41099,13
41100,8
41101,21
41102,19
41103,15
41104,20
41105,13
41106,12
41107,10
41108,6
41109,4
41110,23
41111,4
41112,12
41113,13
41114,1
41115,19
41116,6
41117,13
41118,7
41119,6
41120,0
41121,7
41122,13
41123,0
41124,9
41125,3
41126,8
41127,8
41128,7
41129,7
41130,1
41131,4
41132,20
41133,9
41134,11
41135,6
41136,3
41137,21
41138,9
41139,11
41140,0
41141,22
41142,14
41143,20
41144,20
41145,17
41146,4
41147,1
41148,8
41149,21
41150,17
41151,18
41152,7
41153,0
41154,14
41155,11
41156,18
41157,5
41158,16
41159,23
41160,6
41161,11
41162,15
41163,21
41164,17
41165,16
41166,0
41167,14
41168,15
41169,7
41170,21
41171,17
41172,11
41173,13
41174,8
41175,23
41176,20
41177,22
41178,9
41179,12
41180,16
41181,13
41182,0
41183,7
41184,3
41185,17
41186,4
41187,15
41188,2
41189,7
41190,7
41191,15
41192,8
41193,5
41194,13
41195,13
41196,9
41197,7
41198,15
41199,16
41200,22
41201,22
41202,11
41203,1
41204,13
41205,16
41206,16
41207,7
41208,0
41209,19
41210,22
41211,20
41212,17
41213,15
41214,4
41215,18
41216,20
41217,17
41218,14
41219,11
41220,18
41221,7
41222,10
41223,13
41224,12
41225,17
41226,13
41227,23
41228,7
41229,6
41230,11
41231,4
41232,23
41233,15
41234,3
41235,4
41236,13
41237,15
41238,0
41239,14
41240,13
41241,6
41242,7
41243,19
41244,22
41245,23
41246,7
41247,17
41248,12
41249,17
41250,19
41251,13
41252,5
41253,12
41254,15
41255,10
41256,12
41257,8
41258,11
41259,4
41260,0
41261,5
41262,3
41263,1
41264,8
41265,12
41266,13
41267,14
41268,7
41269,4
41270,1
41271,19
41272,3
41273,15
41274,13
41275,16
41276,14
41277,7
41278,3
41279,16
41280,23
41281,7
41282,1
41283,12
41284,19
41285,17
41286,13
41287,15
41288,11
41289,15
41290,10
41291,12
41292,15
41293,4
41294,17
41295,0
41296,13
41297,20
41298,7
41299,18
41300,21
41301,2
41302,23
41303,10
41304,9
41305,11
41306,19
41307,21
41308,17
41309,0
41310,8
41311,2
41312,19
41313,0
41314,20
41315,6
41316,5
41317,13
41318,13
41319,6
41320,4
41321,4
41322,17
41323,7
41324,19
41325,5
41326,3
41327,7
41328,11
41329,1
41330,2
41331,15
41332,8
41333,23
41334,9
41335,19
41336,11
41337,11
41338,4
41339,15
41340,19
41341,9
41342,17
41343,20
41344,20
41345,15
41346,22
41347,12
41348,16
41349,4
41350,11
41351,12
41352,11
41353,12
41354,5
41355,22
41356,9
41357,7
41358,22
41359,15
41360,0
41361,12
41362,0
41363,7
41364,3
41365,9
41366,9
41367,19
41368,5
41369,13
41370,10
41371,12
41372,5
41373,4
41374,19
41375,12
41376,1
41377,5
41378,14
41379,7
41380,15
41381,6
41382,5
41383,6
41384,8
41385,11
41386,4
41387,10
41388,15
41389,11
41390,5
41391,1
41392,3
41393,15
41394,3
41395,1
41396,10
41397,0
41398,7
41399,3
41400,7
41401,7
41402,6
41403,8
41404,19
41405,11
41406,23
41407,7
41408,11
41409,15
41410,17
41411,11
41412,4
41413,19
41414,7
41415,15
41416,19
41417,6
41418,6
41419,22
41420,21
41421,16
41422,22
41423,17
41424,22
41425,20
41426,0
41427,8
41428,13
41429,8
41430,21
41431,22
41432,17
41433,17
41434,13
41435,4
41436,7
41437,0
41438,13
41439,7
41440,15
41441,17
41442,19
41443,19
41444,12
41445,19
41446,0
41447,4
41448,8
41449,14
41450,15
41451,12
41452,7
41453,9
41454,0
41455,11
41456,0
41457,4
41458,3
41459,21
41460,13
41461,0
41462,18
41463,15
41464,16
41465,13
41466,18
41467,17
41468,15
41469,14
41470,22
41471,13
41472,0
41473,3
41474,22
41475,6
41476,19
41477,17
41478,20
41479,17
41480,14
41481,4
41482,14
41483,6
41484,8
41485,1
41486,12
41487,4
41488,8
41489,14
41490,6
41491,7
41492,2
41493,0
41494,13
41495,5
41496,11
41497,19
41498,12
41499,6
41500,15
41501,0
41502,21
41503,22
41504,15
41505,13
41506,19
41507,12
41508,18
41509,8
41510,20
41511,8
41512,5
41513,22
41514,7
41515,14
41516,15
41517,9
41518,10
41519,9
41520,7
41521,11
41522,13
41523,22
41524,1
41525,16
41526,10
41527,11
41528,15
41529,16
41530,11
41531,7
41532,8
41533,21
41534,11
41535,20
41536,0
41537,21
41538,1
41539,21
41540,14
41541,15
41542,3
41543,6
41544,0
41545,13
41546,1
41547,9
41548,21
41549,19
41550,7
41551,4
41552,19
41553,19
41554,11
41555,6
41556,7
41557,11
41558,9
41559,14
41560,21
41561,7
41562,9
41563,7
41564,15
41565,15
41566,5
41567,18
41568,4
41569,16
41570,15
41571,16
41572,21
41573,17
41574,3
41575,0
41576,15
41577,22
41578,20
41579,1
41580,6
41581,22
41582,4
41583,22
41584,18
41585,15
41586,1
41587,15
41588,19
41589,13
41590,17
41591,13
41592,11
41593,17
41594,9
41595,10
41596,4
41597,5
41598,9
41599,19
41600,14
41601,15
41602,10
41603,15
41604,19
41605,1
41606,23
41607,0
41608,21
41609,21
41610,1
41611,10
41612,8
41613,1
41614,7
41615,7
41616,22
41617,2
41618,18
41619,18
41620,17
41621,16
41622,7
41623,19
41624,19
41625,5
41626,13
41627,1
41628,18
41629,19
41630,22
41631,7
41632,7
41633,4
41634,14
41635,6
41636,15
41637,22
41638,5
41639,19
41640,15
41641,7
41642,4
41643,1
41644,0
41645,4
41646,7
41647,1
41648,21
41649,4
41650,15
41651,4
41652,16
41653,6
41654,20
41655,12
41656,7
41657,7
41658,10
41659,17
41660,7
41661,1
41662,0
41663,11
41664,10
41665,11
41666,22
41667,11
41668,18
41669,19
41670,15
41671,14
41672,8
41673,15
41674,4
41675,7
41676,13
41677,9
41678,19
41679,19
41680,22
41681,17
41682,14
41683,7
41684,21
41685,17
41686,14
41687,13
41688,11
41689,13
41690,11
41691,16
41692,9
41693,3
41694,15
41695,8
41696,4
41697,7
41698,6
41699,17
41700,5
41701,1
41702,12
41703,3
41704,18
41705,7
41706,15
41707,12
41708,4
41709,19
41710,18
41711,19
41712,6
41713,21
41714,13
41715,23
41716,7
41717,13
41718,12
41719,14
41720,4
41721,1
41722,21
41723,7
41724,16
41725,17
41726,2
41727,17
41728,7
41729,10
41730,1
41731,1
41732,15
41733,13
41734,23
41735,21
41736,14
41737,7
41738,7
41739,15
41740,1
41741,14
41742,15
41743,5
41744,12
41745,15
41746,14
41747,15
41748,15
41749,3
41750,6
41751,1
41752,1
41753,22
41754,13
41755,15
41756,17
41757,7
41758,5
41759,9
41760,4
41761,4
41762,13
41763,2
41764,17
41765,4
41766,1
41767,5
41768,23
41769,17
41770,7
41771,5
41772,12
41773,1
41774,15
41775,6
41776,5
41777,13
41778,7
41779,22
41780,7
41781,7
41782,0
41783,20
41784,1
41785,15
41786,14
41787,4
41788,4
41789,15
41790,16
41791,23
41792,13
41793,22
41794,7
41795,7
41796,17
41797,4
41798,7
41799,10
41800,7
41801,18
41802,16
41803,2
41804,3
41805,6
41806,5
41807,4
41808,19
41809,6
41810,21
41811,0
41812,3
41813,15
41814,7
41815,16
41816,22
41817,2
41818,17
41819,17
41820,0
41821,22
41822,18
41823,6
41824,6
41825,21
41826,18
41827,17
41828,7
41829,1
41830,7
41831,7
41832,5
41833,6
41834,6
41835,7
41836,8
41837,16
41838,5
41839,0
41840,18
41841,16
41842,15
41843,4
41844,8
41845,20
41846,5
41847,8
41848,2
41849,9
41850,15
41851,4
41852,17
41853,22
41854,5
41855,14
41856,16
41857,17
41858,3
41859,20
41860,19
41861,9
41862,15
41863,10
41864,16
41865,7
41866,10
41867,23
41868,14
41869,5
41870,15
41871,19
41872,4
41873,16
41874,0
41875,0
41876,1
41877,12
41878,8
41879,6
41880,11
41881,20
41882,12
41883,8
41884,7
41885,6
41886,16
41887,0
41888,23
41889,7
41890,0
41891,19
41892,7
41893,4
41894,9
41895,3
41896,6
41897,7
41898,19
41899,7
41900,6
41901,21
41902,18
41903,1
41904,19
41905,14
41906,6
41907,8
41908,12
41909,0
41910,4
41911,15
41912,7
41913,6
41914,5
41915,19
41916,17
41917,11
41918,12
41919,20
41920,7
41921,11
41922,1
41923,9
41924,21
41925,23
41926,19
41927,19
41928,21
41929,6
41930,0
41931,0
41932,3
41933,22
41934,20
41935,10
41936,7
41937,9
41938,21
41939,12
41940,13
41941,20
41942,20
41943,6
41944,5
41945,12
41946,9
41947,18
41948,8
41949,4
41950,3
41951,13
41952,18
41953,16
41954,21
41955,13
41956,20
41957,17
41958,15
41959,12
41960,2
41961,16
41962,6
41963,2
41964,3
41965,19
41966,1
41967,15
41968,4
41969,3
41970,0
41971,9
41972,6
41973,1
41974,8
41975,9
41976,9
41977,18
41978,17
41979,6
41980,15
41981,5
41982,0
41983,5
41984,7
41985,7
41986,7
41987,6
41988,22
41989,4
41990,15
41991,4
41992,15
41993,14
41994,18
41995,21
41996,4
41997,4
41998,0
41999,6
42000,6
42001,19
42002,23
42003,13
42004,14
42005,13
42006,19
42007,8
42008,13
42009,4
42010,21
42011,18
42012,19
42013,6
42014,15
42015,22
42016,14
42017,22
42018,10
42019,9
42020,15
42021,11
42022,7
42023,15
42024,7
42025,9
42026,1
42027,9
42028,4
42029,13
42030,13
42031,22
42032,11
42033,21
42034,9
42035,15
42036,0
42037,6
42038,21
42039,23
42040,17
42041,20
42042,12
42043,10
42044,15
42045,16
42046,22
42047,17
42048,22
42049,23
42050,22
42051,11
42052,23
42053,15
42054,7
42055,6
42056,1
42057,19
42058,1
42059,13
42060,9
42061,16
42062,7
42063,0
42064,5
42065,21
42066,17
42067,1
42068,4
42069,15
42070,0
42071,6
42072,1
42073,22
42074,16
42075,19
42076,22
42077,0
42078,9
42079,14
42080,10
42081,21
42082,15
42083,3
42084,6
42085,17
42086,17
42087,5
42088,13
42089,21
42090,0
42091,7
42092,14
42093,2
42094,0
42095,15
42096,11
42097,3
42098,21
42099,17
42100,19
42101,14
42102,22
42103,18
42104,17
42105,0
42106,0
42107,5
42108,19
42109,22
42110,11
42111,3
42112,1
42113,14
42114,16
42115,22
42116,5
42117,9
42118,1
42119,10
42120,18
42121,18
42122,4
42123,0
42124,6
42125,8
42126,17
42127,16
42128,7
42129,7
42130,23
42131,7
42132,6
42133,17
42134,3
42135,7
42136,22
42137,10
42138,4
42139,8
42140,14
42141,1
42142,21
42143,15
42144,19
42145,17
42146,18
42147,0
42148,3
42149,5
42150,0
42151,17
42152,9
42153,20
42154,14
42155,7
42156,12
42157,13
42158,1
42159,22
42160,16
42161,6
42162,2
42163,4
42164,16
42165,9
42166,10
42167,0
42168,5
42169,7
42170,17
42171,12
42172,3
42173,17
42174,14
42175,20
42176,22
42177,9
42178,16
42179,16
42180,19
42181,0
42182,2
42183,20
42184,7
42185,23
42186,0
42187,18
42188,7
42189,7
42190,2
42191,1
42192,12
42193,20
42194,7
42195,7
42196,22
42197,3
42198,4
42199,6
42200,7
42201,10
42202,16
42203,13
42204,9
42205,21
42206,22
42207,6
42208,6
42209,10
42210,16
42211,15
42212,9
42213,9
42214,19
42215,7
42216,4
42217,5
42218,19
42219,13
42220,17
42221,3
42222,22
42223,18
42224,13
42225,17
42226,21
42227,13
42228,1
42229,11
42230,8
42231,7
42232,12
42233,4
42234,15
42235,16
42236,11
42237,4
42238,7
42239,4
42240,9
42241,7
42242,15
42243,13
42244,22
42245,19
42246,18
42247,7
42248,3
42249,17
42250,7
42251,7
42252,0
42253,23
42254,4
42255,19
42256,19
42257,13
42258,23
42259,20
42260,10
42261,23
42262,11
42263,16
42264,4
42265,18
42266,6
42267,18
42268,15
42269,15
42270,1
42271,1
42272,7
42273,5
42274,3
42275,4
42276,10
42277,11
42278,0
42279,13
42280,5
42281,7
42282,6
42283,10
42284,19
42285,10
42286,0
42287,16
42288,12
42289,17
42290,23
42291,1
42292,17
42293,8
42294,4
42295,10
42296,4
42297,21
42298,11
42299,1
42300,22
42301,8
42302,4
42303,9
42304,21
42305,1
42306,20
42307,23
42308,4
42309,1
42310,22
42311,15
42312,10
42313,17
42314,18
42315,1
42316,7
42317,4
42318,7
42319,13
42320,19
42321,10
42322,6
42323,4
42324,12
42325,11
42326,8
42327,14
42328,4
42329,5
42330,6
42331,8
42332,4
42333,0
42334,9
42335,21
42336,5
42337,3
42338,9
42339,16
42340,5
42341,23
42342,0
42343,23
42344,15
42345,3
42346,13
42347,11
42348,18
42349,16
42350,14
42351,7
42352,9
42353,1
42354,4
42355,16
42356,15
42357,23
42358,10
42359,19
42360,21
42361,10
42362,5
42363,17
42364,23
42365,14
42366,5
42367,4
42368,13
42369,8
42370,7
42371,19
42372,1
42373,14
42374,18
42375,15
42376,6
42377,3
42378,19
42379,7
42380,18
42381,15
42382,7
42383,11
42384,1
42385,22
42386,19
42387,6
42388,23
42389,14
42390,18
42391,0
42392,14
42393,18
42394,21
42395,4
42396,7
42397,23
42398,13
42399,4
42400,14
42401,17
42402,13
42403,15
42404,1
42405,21
42406,9
42407,18
42408,21
42409,21
42410,14
42411,21
42412,6
42413,12
42414,7
42415,19
42416,22
42417,7
42418,17
42419,8
42420,21
42421,4
42422,19
42423,23
42424,9
42425,22
42426,13
42427,7
42428,22
42429,20
42430,15
42431,9
42432,19
42433,19
42434,13
42435,12
42436,7
42437,7
42438,20
42439,12
42440,7
42441,13
42442,12
42443,23
42444,3
42445,7
42446,7
42447,6
42448,5
42449,13
42450,0
42451,20
42452,20
42453,13
42454,18
42455,8
42456,4
42457,8
42458,4
42459,21
42460,15
42461,22
42462,0
42463,12
42464,20
42465,11
42466,6
42467,4
42468,22
42469,13
42470,15
42471,16
42472,21
42473,15
42474,5
42475,15
42476,11
42477,15
42478,21
42479,6
42480,14
42481,2
42482,19
42483,13
42484,8
42485,7
42486,15
42487,2
42488,5
42489,6
42490,6
42491,0
42492,21
42493,20
42494,22
42495,14
42496,7
42497,14
42498,13
42499,11
42500,14
42501,22
42502,19
42503,20
42504,10
42505,21
42506,13
42507,13
42508,15
42509,7
42510,14
42511,0
42512,6
42513,4
42514,15
42515,21
42516,8
42517,9
42518,2
42519,14
42520,1
42521,13
42522,15
42523,21
42524,15
42525,17
42526,15
42527,13
42528,14
42529,16
42530,15
42531,19
42532,17
42533,1
42534,7
42535,9
42536,18
42537,15
42538,12
42539,14
42540,6
42541,7
42542,6
42543,7
42544,6
42545,14
42546,13
42547,0
42548,10
42549,20
42550,11
42551,16
42552,10
42553,19
42554,23
42555,7
42556,1
42557,22
42558,8
42559,4
42560,15
42561,12
42562,4
42563,1
42564,3
42565,10
42566,6
42567,9
42568,22
42569,1
42570,2
42571,20
42572,7
42573,0
42574,15
42575,16
42576,4
42577,10
42578,3
42579,21
42580,1
42581,7
42582,5
42583,5
42584,4
42585,10
42586,12
42587,6
42588,8
42589,10
42590,6
42591,11
42592,19
42593,6
42594,20
42595,23
42596,0
42597,12
42598,22
42599,4
42600,19
42601,18
42602,10
42603,6
42604,19
42605,7
42606,9
42607,19
42608,19
42609,3
42610,16
42611,0
42612,15
42613,15
42614,11
42615,4
42616,1
42617,6
42618,15
42619,8
42620,18
42621,1
42622,1
42623,7
42624,22
42625,10
42626,17
42627,13
42628,0
42629,4
42630,10
42631,13
42632,6
42633,4
42634,5
42635,1
42636,11
42637,16
42638,3
42639,22
42640,1
42641,22
42642,7
42643,13
42644,19
42645,18
42646,1
42647,13
42648,6
42649,4
42650,15
42651,5
42652,22
42653,13
42654,9
42655,5
42656,11
42657,13
42658,18
42659,1
42660,13
42661,11
42662,4
42663,3
42664,3
42665,14
42666,18
42667,14
42668,0
42669,4
42670,0
42671,13
42672,10
42673,15
42674,7
42675,7
42676,0
42677,12
42678,15
42679,8
42680,17
42681,17
42682,20
42683,0
42684,19
42685,19
42686,17
42687,15
42688,20
42689,13
42690,11
42691,1
42692,0
42693,0
42694,21
42695,7
42696,23
42697,17
42698,15
42699,10
42700,17
42701,22
42702,20
42703,22
42704,19
42705,23
42706,12
42707,10
42708,7
42709,17
42710,3
42711,12
42712,7
42713,10
42714,1
42715,6
42716,11
42717,22
42718,1
42719,6
42720,0
42721,14
42722,20
42723,20
42724,19
42725,4
42726,0
42727,19
42728,13
42729,6
42730,2
42731,3
42732,10
42733,4
42734,13
42735,16
42736,0
42737,7
42738,7
42739,0
42740,21
42741,12
42742,17
42743,17
42744,4
42745,15
42746,8
42747,13
42748,13
42749,18
42750,22
42751,10
42752,0
42753,15
42754,17
42755,7
42756,7
42757,16
42758,12
42759,4
42760,5
42761,7
42762,10
42763,14
42764,12
42765,6
42766,4
42767,7
42768,9
42769,13
42770,13
42771,4
42772,0
42773,22
42774,18
42775,5
42776,0
42777,6
42778,10
42779,15
42780,3
42781,17
42782,22
42783,20
42784,8
42785,4
42786,7
42787,1
42788,10
42789,5
42790,22
42791,15
42792,15
42793,4
42794,11
42795,7
42796,0
42797,11
42798,18
42799,4
42800,13
42801,10
42802,7
42803,11
42804,10
42805,4
42806,19
42807,12
42808,15
42809,19
42810,14
42811,19
42812,13
42813,19
42814,14
42815,3
42816,17
42817,19
42818,12
42819,1
42820,19
42821,12
42822,9
42823,6
42824,6
42825,13
42826,4
42827,21
42828,15
42829,7
42830,15
42831,12
42832,4
42833,4
42834,16
42835,4
42836,1
42837,2
42838,19
42839,20
42840,5
42841,17
42842,6
42843,16
42844,10
42845,21
42846,15
42847,13
42848,1
42849,6
42850,15
42851,20
42852,23
42853,16
42854,14
42855,13
42856,3
42857,11
42858,19
42859,22
42860,1
42861,17
42862,12
42863,8
42864,11
42865,15
42866,11
42867,4
42868,5
42869,4
42870,12
42871,4
42872,10
42873,18
42874,4
42875,11
42876,22
42877,2
42878,21
42879,0
42880,12
42881,17
42882,23
42883,7
42884,6
42885,21
42886,8
42887,15
42888,20
42889,19
42890,22
42891,16
42892,5
42893,9
42894,8
42895,14
42896,8
42897,15
42898,12
42899,13
42900,16
42901,21
42902,4
42903,15
42904,6
42905,13
42906,7
42907,7
42908,5
42909,19
42910,3
42911,14
42912,20
42913,15
42914,23
42915,0
42916,6
42917,7
42918,16
42919,13
42920,15
42921,23
42922,8
42923,0
42924,10
42925,19
42926,13
42927,0
42928,15
42929,9
42930,5
42931,16
42932,5
42933,19
42934,1
42935,19
42936,5
42937,10
42938,14
42939,16
42940,20
42941,7
42942,7
42943,9
42944,20
42945,15
42946,19
42947,21
42948,8
42949,23
42950,7
42951,22
42952,4
42953,0
42954,15
42955,15
42956,7
42957,4
42958,11
42959,19
42960,0
42961,13
42962,7
42963,7
42964,13
42965,14
42966,6
42967,4
42968,0
42969,20
42970,16
42971,21
42972,7
42973,23
42974,15
42975,7
42976,17
42977,16
42978,6
42979,23
42980,3
42981,5
42982,15
42983,10
42984,6
42985,9
42986,0
42987,9
42988,17
42989,13
42990,0
42991,15
42992,14
42993,17
42994,14
42995,15
42996,11
42997,23
42998,2
42999,11
43000,7
43001,10
43002,4
43003,7
43004,18
43005,8
43006,7
43007,19
43008,7
43009,13
43010,7
43011,17
43012,17
43013,3
43014,18
43015,22
43016,6
43017,5
43018,19
43019,15
43020,4
43021,9
43022,18
43023,19
43024,11
43025,20
43026,3
43027,1
43028,15
43029,15
43030,4
43031,21
43032,6
43033,8
43034,15
43035,4
43036,15
43037,7
43038,4
43039,3
43040,15
43041,18
43042,1
43043,0
43044,13
43045,5
43046,0
43047,12
43048,13
43049,3
43050,5
43051,19
43052,5
43053,14
43054,12
43055,19
43056,11
43057,9
43058,15
43059,15
43060,13
43061,4
43062,4
43063,12
43064,7
43065,23
43066,11
43067,0
43068,19
43069,1
43070,7
43071,20
43072,5
43073,6
43074,15
43075,7
43076,18
43077,5
43078,15
43079,1
43080,16
43081,15
43082,17
43083,19
43084,6
43085,21
43086,23
43087,20
43088,1
43089,20
43090,5
43091,7
43092,7
43093,16
43094,9
43095,0
43096,19
43097,2
43098,13
43099,13
43100,7
43101,13
43102,3
43103,3
43104,1
43105,1
43106,7
43107,9
43108,18
43109,11
43110,7
43111,3
43112,19
43113,6
43114,20
43115,22
43116,21
43117,15
43118,3
43119,11
43120,15
43121,7
43122,0
43123,7
43124,16
43125,4
43126,0
43127,15
43128,7
43129,7
43130,17
43131,4
43132,7
43133,15
43134,0
43135,8
43136,18
43137,7
43138,20
43139,17
43140,0
43141,16
43142,9
43143,6
43144,9
43145,3
43146,12
43147,11
43148,1
43149,5
43150,14
43151,19
43152,13
43153,11
43154,11
43155,20
43156,19
43157,15
43158,19
43159,2
43160,7
43161,4
43162,13
43163,16
43164,7
43165,1
43166,21
43167,3
43168,0
43169,20
43170,11
43171,3
43172,4
43173,16
43174,4
43175,19
43176,19
43177,23
43178,13
43179,22
43180,0
43181,13
43182,22
43183,7
43184,21
43185,15
43186,7
43187,4
43188,13
43189,1
43190,7
43191,7
43192,21
43193,1
43194,10
43195,11
43196,4
43197,21
43198,7
43199,10
43200,6
43201,7
43202,11
43203,20
43204,1
43205,18
43206,15
43207,13
43208,8
43209,17
43210,18
43211,8
43212,4
43213,6
43214,15
43215,9
43216,4
43217,12
43218,15
43219,15
43220,5
43221,2
43222,9
43223,7
43224,4
43225,17
43226,15
43227,5
43228,6
43229,23
43230,18
43231,22
43232,18
43233,7
43234,1
43235,22
43236,1
43237,2
43238,5
43239,13
43240,7
43241,20
43242,15
43243,17
43244,17
43245,16
43246,9
43247,9
43248,11
43249,3
43250,15
43251,9
43252,23
43253,2
43254,13
43255,18
43256,1
43257,7
43258,13
43259,1
43260,9
43261,9
43262,0
43263,14
43264,19
43265,20
43266,21
43267,6
43268,4
43269,15
43270,11
43271,9
43272,22
43273,18
43274,4
43275,23
43276,17
43277,12
43278,10
43279,16
43280,19
43281,14
43282,5
43283,0
43284,6
43285,18
43286,7
43287,19
43288,15
43289,22
43290,16
43291,11
43292,19
43293,22
43294,13
43295,12
43296,9
43297,4
43298,19
43299,8
43300,10
43301,5
43302,18
43303,9
43304,10
43305,20
43306,12
43307,9
43308,7
43309,16
43310,7
43311,22
43312,3
43313,22
43314,12
43315,11
43316,14
43317,0
43318,1
43319,0
43320,7
43321,4
43322,16
43323,6
43324,17
43325,12
43326,6
43327,1
43328,15
43329,1
43330,8
43331,12
43332,15
43333,6
43334,20
43335,1
43336,15
43337,11
43338,5
43339,3
43340,11
43341,9
43342,12
43343,13
43344,15
43345,18
43346,11
43347,1
43348,7
43349,7
43350,15
43351,22
43352,11
43353,6
43354,22
43355,20
43356,21
43357,8
43358,18
43359,19
43360,14
43361,7
43362,23
43363,18
43364,12
43365,15
43366,13
43367,20
43368,11
43369,22
43370,12
43371,11
43372,23
43373,7
43374,22
43375,7
43376,8
43377,1
43378,0
43379,18
43380,15
43381,19
43382,4
43383,13
43384,6
43385,20
43386,8
43387,6
43388,4
43389,15
43390,1
43391,19
43392,16
43393,4
43394,1
43395,21
43396,0
43397,5
43398,21
43399,19
43400,5
43401,15
43402,4
43403,4
43404,4
43405,0
43406,15
43407,9
43408,20
43409,14
43410,9
43411,13
43412,7
43413,1
43414,16
43415,12
43416,13
43417,1
43418,6
43419,4
43420,9
43421,1
43422,19
43423,21
43424,8
43425,17
43426,1
43427,3
43428,14
43429,10
43430,23
43431,15
43432,6
43433,11
43434,15
43435,11
43436,1
43437,17
43438,12
43439,10
43440,9
43441,4
43442,22
43443,20
43444,4
43445,11
43446,4
43447,22
43448,21
43449,1
43450,12
43451,16
43452,5
43453,21
43454,11
43455,19
43456,6
43457,18
43458,4
43459,9
43460,8
43461,6
43462,22
43463,7
43464,20
43465,13
43466,10
43467,17
43468,18
43469,20
43470,13
43471,12
43472,8
43473,8
43474,11
43475,6
43476,7
43477,22
43478,14
43479,6
43480,4
43481,20
43482,1
43483,22
43484,17
43485,1
43486,12
43487,3
43488,18
43489,17
43490,11
43491,22
43492,10
43493,5
43494,4
43495,18
43496,7
43497,19
43498,15
43499,7
43500,22
43501,2
43502,9
43503,4
43504,4
43505,12
43506,7
43507,15
43508,17
43509,8
43510,5
43511,0
43512,19
43513,2
43514,20
43515,3
43516,4
43517,1
43518,7
43519,4
43520,19
43521,11
43522,7
43523,10
43524,16
43525,3
43526,21
43527,6
43528,1
43529,11
43530,1
43531,19
43532,4
43533,19
43534,15
43535,23
43536,20
43537,4
43538,5
43539,4
43540,20
43541,4
43542,0
43543,14
43544,11
43545,15
43546,16
43547,17
43548,15
43549,16
43550,23
43551,17
43552,7
43553,15
43554,22
43555,6
43556,3
43557,7
43558,13
43559,13
43560,23
43561,13
43562,16
43563,10
43564,3
43565,10
43566,12
43567,19
43568,22
43569,22
43570,6
43571,10
43572,12
43573,13
43574,13
43575,14
43576,19
43577,10
43578,17
43579,13
43580,19
43581,5
43582,7
43583,7
43584,15
43585,22
43586,5
43587,15
43588,11
43589,8
43590,21
43591,17
43592,17
43593,7
43594,11
43595,11
43596,22
43597,1
43598,15
43599,10
43600,15
43601,12
43602,20
43603,13
43604,16
43605,14
43606,13
43607,19
43608,18
43609,21
43610,18
43611,11
43612,10
43613,21
43614,13
43615,15
43616,12
43617,18
43618,7
43619,12
43620,22
43621,15
43622,22
43623,19
43624,20
43625,12
43626,15
43627,16
43628,4
43629,11
43630,12
43631,4
43632,17
43633,8
43634,9
43635,18
43636,1
43637,4
43638,16
43639,13
43640,22
43641,11
43642,21
43643,23
43644,17
43645,6
43646,17
43647,3
43648,3
43649,3
43650,16
43651,7
43652,3
43653,8
43654,7
43655,4
43656,12
43657,12
43658,7
43659,15
43660,3
43661,20
43662,19
43663,23
43664,17
43665,7
43666,15
43667,19
43668,19
43669,23
43670,5
43671,22
43672,4
43673,5
43674,10
43675,12
43676,16
43677,0
43678,1
43679,11
43680,1
43681,10
43682,17
43683,17
43684,1
43685,1
43686,15
43687,0
43688,23
43689,17
43690,1
43691,23
43692,14
43693,15
43694,10
43695,7
43696,13
43697,4
43698,7
43699,18
43700,17
43701,7
43702,19
43703,15
43704,4
43705,11
43706,7
43707,8
43708,22
43709,1
43710,6
43711,9
43712,15
43713,9
43714,5
43715,4
43716,7
43717,17
43718,11
43719,22
43720,5
43721,22
43722,21
43723,13
43724,19
43725,9
43726,5
43727,6
43728,12
43729,8
43730,4
43731,11
43732,1
43733,1
43734,13
43735,17
43736,21
43737,10
43738,22
43739,22
43740,0
43741,1
43742,9
43743,13
43744,6
43745,13
43746,22
43747,11
43748,12
43749,4
43750,7
43751,4
43752,4
43753,23
43754,6
43755,13
43756,17
43757,21
43758,5
43759,23
43760,22
43761,12
43762,0
43763,21
43764,16
43765,23
43766,7
43767,22
43768,15
43769,1
43770,7
43771,1
43772,19
43773,10
43774,4
43775,20
43776,11
43777,19
43778,4
43779,19
43780,18
43781,7
43782,8
43783,22
43784,0
43785,23
43786,1
43787,14
43788,17
43789,13
43790,21
43791,4
43792,5
43793,4
43794,15
43795,8
43796,3
43797,0
43798,3
43799,19
43800,1
43801,7
43802,21
43803,1
43804,15
43805,3
43806,20
43807,1
43808,6
43809,21
43810,16
43811,5
43812,7
43813,21
43814,20
43815,5
43816,19
43817,12
43818,5
43819,20
43820,14
43821,13
43822,9
43823,17
43824,0
43825,15
43826,3
43827,15
43828,1
43829,20
43830,13
43831,0
43832,19
43833,18
43834,3
43835,7
43836,14
43837,0
43838,14
43839,22
43840,13
43841,13
43842,6
43843,6
43844,18
43845,22
43846,7
43847,0
43848,7
43849,4
43850,19
43851,6
43852,6
43853,4
43854,0
43855,10
43856,15
43857,14
43858,17
43859,4
43860,1
43861,4
43862,15
43863,13
43864,4
43865,9
43866,3
43867,4
43868,7
43869,6
43870,13
43871,1
43872,16
43873,18
43874,21
43875,15
43876,13
43877,16
43878,3
43879,13
43880,17
43881,12
43882,13
43883,9
43884,18
43885,5
43886,16
43887,1
43888,21
43889,3
43890,10
43891,1
43892,15
43893,16
43894,6
43895,19
43896,22
43897,8
43898,22
43899,0
43900,15
43901,22
43902,15
43903,17
43904,6
43905,7
43906,8
43907,11
43908,19
43909,14
43910,18
43911,7
43912,16
43913,8
43914,22
43915,4
43916,9
43917,11
43918,11
43919,11
43920,19
43921,0
43922,3
43923,17
43924,1
43925,0
43926,1
43927,15
43928,23
43929,17
43930,22
43931,11
43932,23
43933,9
43934,17
43935,13
43936,4
43937,0
43938,22
43939,22
43940,6
43941,4
43942,1
43943,16
43944,16
43945,17
43946,4
43947,13
43948,7
43949,15
43950,14
43951,8
43952,12
43953,13
43954,8
43955,11
43956,5
43957,15
43958,5
43959,22
43960,5
43961,23
43962,12
43963,9
43964,22
43965,0
43966,23
43967,6
43968,21
43969,6
43970,17
43971,22
43972,20
43973,19
43974,18
43975,18
43976,10
43977,9
43978,9
43979,18
43980,7
43981,12
43982,21
43983,22
43984,17
43985,9
43986,12
43987,6
43988,5
43989,18
43990,11
43991,8
43992,0
43993,19
43994,19
43995,23
43996,14
43997,15
43998,15
43999,21
44000,19
44001,15
44002,13
44003,21
44004,15
44005,23
44006,0
44007,13
44008,4
44009,9
44010,14
44011,19
44012,4
44013,5
44014,4
44015,18
44016,23
44017,22
44018,7
44019,17
44020,7
44021,17
44022,11
44023,1
44024,7
44025,7
44026,0
44027,15
44028,15
44029,8
44030,4
44031,18
44032,1
44033,18
44034,18
44035,1
44036,14
44037,18
44038,4
44039,21
44040,13
44041,6
44042,7
44043,20
44044,4
44045,20
44046,16
44047,4
44048,17
44049,7
44050,9
44051,3
44052,5
44053,23
44054,6
44055,15
44056,13
44057,15
44058,23
44059,11
44060,17
44061,4
44062,20
44063,1
44064,3
44065,13
44066,17
44067,15
44068,2
44069,5
44070,12
44071,4
44072,15
44073,16
44074,3
44075,11
44076,10
44077,23
44078,3
44079,0
44080,15
44081,4
44082,6
44083,20
44084,17
44085,12
44086,6
44087,11
44088,14
44089,3
44090,7
44091,12
44092,12
44093,12
44094,21
44095,4
44096,20
44097,1
44098,5
44099,1
44100,17
44101,16
44102,13
44103,6
44104,17
44105,22
44106,1
44107,23
44108,1
44109,0
44110,7
44111,13
44112,10
44113,17
44114,15
44115,12
44116,12
44117,1
44118,8
44119,21
44120,12
44121,7
44122,19
44123,23
44124,23
44125,12
44126,3
44127,7
44128,11
44129,8
44130,23
44131,7
44132,1
44133,3
44134,20
44135,22
44136,0
44137,15
44138,19
44139,7
44140,1
44141,23
44142,9
44143,6
44144,10
44145,5
44146,0
44147,6
44148,5
44149,21
44150,3
44151,18
44152,12
44153,18
44154,16
44155,19
44156,7
44157,7
44158,7
44159,4
44160,13
44161,23
44162,5
44163,12
44164,16
44165,0
44166,21
44167,0
44168,5
44169,15
44170,8
44171,16
44172,7
44173,7
44174,3
44175,13
44176,11
44177,1
44178,7
44179,2
44180,13
44181,23
44182,4
44183,18
44184,10
44185,0
44186,18
44187,21
44188,13
44189,8
44190,19
44191,1
44192,1
44193,19
44194,5
44195,21
44196,7
44197,7
44198,13
44199,9
44200,0
44201,17
44202,20
44203,22
44204,23
44205,6
44206,14
44207,0
44208,19
44209,14
44210,20
44211,13
44212,15
44213,12
44214,18
44215,22
44216,11
44217,0
44218,17
44219,9
44220,4
44221,19
44222,17
44223,6
44224,5
44225,7
44226,16
44227,23
44228,17
44229,7
44230,7
44231,7
44232,10
44233,19
44234,13
44235,6
44236,15
44237,3
44238,18
44239,6
44240,0
44241,15
44242,22
44243,3
44244,0
44245,5
44246,20
44247,12
44248,11
44249,14
44250,4
44251,21
44252,1
44253,9
44254,4
44255,7
44256,19
44257,14
44258,8
44259,8
44260,0
44261,22
44262,9
44263,4
44264,17
44265,19
44266,7
44267,1
44268,23
44269,2
44270,6
44271,5
44272,4
44273,15
44274,5
44275,3
44276,22
44277,4
44278,17
44279,6
44280,7
44281,20
44282,7
44283,3
44284,4
44285,1
44286,11
44287,6
44288,4
44289,23
44290,19
44291,12
44292,20
44293,15
44294,9
44295,12
44296,3
44297,12
44298,12
44299,23
44300,3
44301,13
44302,13
44303,11
44304,14
44305,22
44306,12
44307,1
44308,4
44309,12
44310,11
44311,19
44312,0
44313,14
44314,8
44315,23
44316,15
44317,21
44318,15
44319,15
44320,7
44321,17
44322,17
44323,19
44324,4
44325,11
44326,5
44327,0
44328,22
44329,7
44330,15
44331,12
44332,5
44333,18
44334,9
44335,23
44336,6
44337,22
44338,16
44339,7
44340,11
44341,11
44342,11
44343,4
44344,14
44345,15
44346,15
44347,0
44348,6
44349,8
44350,15
44351,18
44352,4
44353,11
44354,14
44355,4
44356,7
44357,6
44358,16
44359,1
44360,15
44361,23
44362,21
44363,10
44364,1
44365,7
44366,21
44367,21
44368,5
44369,22
44370,4
44371,15
44372,13
44373,12
44374,15
44375,13
44376,7
44377,6
44378,6
44379,17
44380,4
44381,0
44382,5
44383,8
44384,5
44385,14
44386,1
44387,3
44388,6
44389,9
44390,1
44391,6
44392,14
44393,21
44394,5
44395,1
44396,20
44397,23
44398,7
44399,14
44400,17
44401,19
44402,7
44403,17
44404,7
44405,0
44406,12
44407,13
44408,16
44409,14
44410,8
44411,23
44412,7
44413,23
44414,5
44415,15
44416,19
44417,4
44418,6
44419,12
44420,1
44421,5
44422,17
44423,1
44424,23
44425,8
44426,1
44427,9
44428,18
44429,14
44430,13
44431,19
44432,14
44433,17
44434,21
44435,15
44436,9
44437,15
44438,4
44439,0
44440,6
44441,7
44442,1
44443,13
44444,21
44445,16
44446,11
44447,4
44448,11
44449,7
44450,19
44451,4
44452,15
44453,15
44454,18
44455,23
44456,13
44457,10
44458,17
44459,20
44460,19
44461,19
44462,17
44463,13
44464,23
44465,1
44466,13
44467,0
44468,8
44469,9
44470,1
44471,4
44472,7
44473,15
44474,1
44475,16
44476,18
44477,0
44478,22
44479,1
44480,4
44481,6
44482,7
44483,16
44484,21
44485,9
44486,6
44487,13
44488,2
44489,6
44490,6
44491,6
44492,19
44493,22
44494,13
44495,15
44496,15
44497,13
44498,7
44499,20
44500,12
44501,0
44502,7
44503,8
44504,0
44505,17
44506,12
44507,19
44508,17
44509,15
44510,21
44511,22
44512,9
44513,13
44514,12
44515,17
44516,1
44517,6
44518,0
44519,11
44520,19
44521,22
44522,11
44523,7
44524,0
44525,1
44526,22
44527,22
44528,13
44529,4
44530,1
44531,0
44532,1
44533,12
44534,4
44535,5
44536,7
44537,10
44538,3
44539,15
44540,15
44541,17
44542,13
44543,0
44544,21
44545,17
44546,3
44547,0
44548,1
44549,19
44550,13
44551,9
44552,6
44553,15
44554,23
44555,0
44556,3
44557,19
44558,11
44559,21
44560,21
44561,4
44562,1
44563,21
44564,21
44565,19
44566,13
44567,4
44568,17
44569,6
44570,10
44571,5
44572,20
44573,11
44574,12
44575,18
44576,1
44577,17
44578,9
44579,5
44580,17
44581,15
44582,9
44583,22
44584,13
44585,17
44586,8
44587,19
44588,18
44589,0
44590,1
44591,15
44592,19
44593,0
44594,13
44595,17
44596,5
44597,13
44598,22
44599,21
44600,13
44601,15
44602,1
44603,16
44604,3
44605,13
44606,16
44607,18
44608,17
44609,10
44610,13
44611,13
44612,2
44613,2
44614,14
44615,18
44616,11
44617,5
44618,15
44619,19
44620,18
44621,7
44622,15
44623,13
44624,6
44625,10
44626,8
44627,2
44628,1
44629,19
44630,13
44631,13
44632,11
44633,4
44634,1
44635,23
44636,19
44637,14
44638,4
44639,0
44640,1
44641,14
44642,8
44643,23
44644,15
44645,10
44646,12
44647,12
44648,21
44649,22
44650,11
44651,13
44652,17
44653,4
44654,13
44655,23
44656,0
44657,7
44658,17
44659,5
44660,6
44661,10
44662,10
44663,19
44664,5
44665,11
44666,5
44667,19
44668,13
44669,15
44670,22
44671,0
44672,5
44673,12
44674,19
44675,9
44676,4
44677,6
44678,15
44679,1
44680,12
44681,0
44682,6
44683,15
44684,18
44685,19
44686,20
44687,16
44688,2
44689,22
44690,17
44691,6
44692,22
44693,21
44694,1
44695,11
44696,5
44697,8
44698,13
44699,10
44700,1
44701,11
44702,4
44703,14
44704,22
44705,4
44706,19
44707,22
44708,15
44709,13
44710,7
44711,6
44712,1
44713,12
44714,22
44715,7
44716,13
44717,17
44718,15
44719,22
44720,6
44721,14
44722,18
44723,11
44724,15
44725,0
44726,11
44727,7
44728,17
44729,1
44730,9
44731,0
44732,19
44733,10
44734,5
44735,12
44736,13
44737,8
44738,7
44739,1
44740,21
44741,21
44742,17
44743,18
44744,4
44745,4
44746,8
44747,13
44748,1
44749,21
44750,5
44751,7
44752,19
44753,21
44754,20
44755,7
44756,16
44757,15
44758,5
44759,17
44760,19
44761,5
44762,7
44763,7
44764,11
44765,12
44766,15
44767,11
44768,3
44769,8
44770,15
44771,21
44772,19
44773,5
44774,19
44775,7
44776,12
44777,16
44778,17
44779,13
44780,11
44781,21
44782,21
44783,19
44784,1
44785,23
44786,20
44787,8
44788,4
44789,22
44790,14
44791,19
44792,3
44793,0
44794,14
44795,3
44796,7
44797,4
44798,22
44799,7
44800,6
44801,3
44802,3
44803,0
44804,1
44805,7
44806,6
44807,22
44808,4
44809,13
44810,7
44811,12
44812,7
44813,3
44814,10
44815,7
44816,16
44817,9
44818,17
44819,21
44820,11
44821,1
44822,3
44823,11
44824,1
44825,2
44826,20
44827,1
44828,8
44829,15
44830,13
44831,7
44832,23
44833,1
44834,1
44835,18
44836,19
44837,4
44838,14
44839,15
44840,10
44841,4
44842,12
44843,5
44844,15
44845,2
44846,21
44847,4
44848,15
44849,1
44850,3
44851,17
44852,16
44853,19
44854,6
44855,22
44856,18
44857,7
44858,11
44859,12
44860,4
44861,22
44862,15
44863,22
44864,11
44865,0
44866,17
44867,8
44868,9
44869,22
44870,4
44871,2
44872,19
44873,19
44874,18
44875,9
44876,12
44877,12
44878,23
44879,21
44880,11
44881,2
44882,11
44883,22
44884,3
44885,8
44886,16
44887,22
44888,15
44889,15
44890,19
44891,21
44892,18
44893,23
44894,9
44895,15
44896,19
44897,11
44898,19
44899,9
44900,4
44901,17
44902,7
44903,1
44904,7
44905,4
44906,15
44907,18
44908,7
44909,7
44910,6
44911,19
44912,3
44913,22
44914,11
44915,9
44916,16
44917,7
44918,15
44919,16
44920,0
44921,0
44922,7
44923,21
44924,12
44925,12
44926,7
44927,21
44928,4
44929,10
44930,21
44931,12
44932,22
44933,10
44934,6
44935,12
44936,9
44937,0
44938,7
44939,20
44940,18
44941,23
44942,0
44943,16
44944,4
44945,8
44946,4
44947,5
44948,4
44949,15
44950,12
44951,9
44952,4
44953,17
44954,3
44955,8
44956,1
44957,11
44958,23
44959,22
44960,17
44961,20
44962,5
44963,19
44964,6
44965,17
44966,4
44967,17
44968,10
44969,3
44970,19
44971,7
44972,9
44973,23
44974,7
44975,23
44976,22
44977,20
44978,5
44979,15
44980,16
44981,23
44982,15
44983,12
44984,2
44985,11
44986,23
44987,19
44988,1
44989,12
44990,9
44991,11
44992,17
44993,4
44994,11
44995,17
44996,6
44997,15
44998,20
44999,0
45000,14
45001,18
45002,6
45003,15
45004,1
45005,19
45006,13
45007,20
45008,6
45009,13
45010,14
45011,14
45012,15
45013,16
45014,7
45015,11
45016,10
45017,7
45018,22
45019,17
45020,15
45021,4
45022,7
45023,4
45024,16
45025,0
45026,20
45027,15
45028,14
45029,6
45030,19
45031,13
45032,18
45033,4
45034,10
45035,17
45036,12
45037,15
45038,18
45039,1
45040,14
45041,4
45042,8
45043,12
45044,23
45045,10
45046,12
45047,4
45048,4
45049,15
45050,13
45051,20
45052,19
45053,21
45054,22
45055,18
45056,7
45057,8
45058,4
45059,12
45060,15
45061,13
45062,17
45063,0
45064,7
45065,7
45066,4
45067,5
45068,7
45069,17
45070,14
45071,15
45072,19
45073,15
45074,19
45075,9
45076,8
45077,19
45078,7
45079,21
45080,14
45081,12
45082,7
45083,19
45084,16
45085,14
45086,1
45087,22
45088,8
45089,3
45090,1
45091,7
45092,7
45093,5
45094,10
45095,4
45096,7
45097,1
45098,15
45099,9
45100,14
45101,13
45102,3
45103,0
45104,21
45105,7
45106,11
45107,16
45108,0
45109,4
45110,13
45111,13
45112,12
45113,7
45114,17
45115,20
45116,13
45117,7
45118,4
45119,23
45120,20
45121,3
45122,19
45123,0
45124,3
45125,9
45126,19
45127,6
45128,20
45129,14
45130,22
45131,6
45132,11
45133,12
45134,2
45135,23
45136,10
45137,6
45138,17
45139,18
45140,0
45141,15
45142,21
45143,19
45144,22
45145,4
45146,10
45147,5
45148,4
45149,7
45150,7
45151,1
45152,20
45153,15
45154,22
45155,15
45156,21
45157,10
45158,7
45159,22
45160,7
45161,17
45162,16
45163,10
45164,7
45165,13
45166,9
45167,15
45168,2
45169,0
45170,1
45171,7
45172,15
45173,11
45174,7
45175,4
45176,4
45177,7
45178,20
45179,1
45180,21
45181,19
45182,9
45183,6
45184,17
45185,18
45186,1
45187,23
45188,17
45189,7
45190,4
45191,10
45192,5
45193,12
45194,7
45195,14
45196,4
45197,23
45198,5
45199,14
45200,7
45201,13
45202,12
45203,20
45204,11
45205,10
45206,15
45207,0
45208,14
45209,18
45210,17
45211,23
45212,11
45213,10
45214,0
45215,12
45216,17
45217,19
45218,19
45219,11
45220,0
45221,17
45222,1
45223,19
45224,6
45225,15
45226,6
45227,23
45228,0
45229,23
45230,23
45231,5
45232,10
45233,19
45234,9
45235,22
45236,22
45237,7
45238,17
45239,4
45240,15
45241,1
45242,1
45243,3
45244,10
45245,14
45246,13
45247,7
45248,13
45249,3
45250,16
45251,6
45252,11
45253,4
45254,17
45255,1
45256,7
45257,10
45258,16
45259,9
45260,9
45261,0
45262,11
45263,2
45264,18
45265,6
45266,19
45267,14
45268,6
45269,15
45270,15
45271,1
45272,21
45273,22
45274,8
45275,11
45276,22
45277,19
45278,4
45279,19
45280,10
45281,9
45282,15
45283,6
45284,16
45285,0
45286,14
45287,19
45288,0
45289,12
45290,6
45291,16
45292,7
45293,23
45294,23
45295,15
45296,17
45297,7
45298,19
45299,11
45300,0
45301,8
45302,18
45303,17
45304,4
45305,4
45306,2
45307,7
45308,0
45309,12
45310,8
45311,14
45312,14
45313,3
45314,4
45315,7
45316,23
45317,7
45318,4
45319,1
45320,22
45321,7
45322,0
45323,7
45324,17
45325,6
45326,10
45327,17
45328,8
45329,4
45330,14
45331,12
45332,11
45333,19
45334,14
45335,5
45336,15
45337,7
45338,11
45339,17
45340,3
45341,13
45342,20
45343,18
45344,22
45345,6
45346,8
45347,9
45348,4
45349,10
45350,3
45351,0
45352,23
45353,12
45354,4
45355,3
45356,12
45357,2
45358,19
45359,10
45360,5
45361,19
45362,12
45363,7
45364,6
45365,13
45366,11
45367,5
45368,5
45369,0
45370,1
45371,19
45372,18
45373,16
45374,22
45375,12
45376,17
45377,8
45378,21
45379,8
45380,15
45381,13
45382,15
45383,14
45384,1
45385,1
45386,5
45387,14
45388,9
45389,7
45390,13
45391,15
45392,10
45393,13
45394,0
45395,13
45396,14
45397,15
45398,11
45399,18
45400,1
45401,17
45402,10
45403,0
45404,15
45405,19
45406,19
45407,15
45408,16
45409,7
45410,1
45411,22
45412,14
45413,7
45414,17
45415,6
45416,8
45417,6
45418,15
45419,12
45420,22
45421,9
45422,14
45423,4
45424,19
45425,17
45426,15
45427,7
45428,15
45429,14
45430,13
45431,5
45432,7
45433,0
45434,23
45435,6
45436,15
45437,8
45438,22
45439,22
45440,17
45441,7
45442,1
45443,10
45444,7
45445,4
45446,3
45447,14
45448,8
45449,0
45450,22
45451,14
45452,6
45453,7
45454,1
45455,19
45456,11
45457,7
45458,4
45459,11
45460,15
45461,17
45462,13
45463,6
45464,9
45465,9
45466,15
45467,7
45468,13
45469,21
45470,15
45471,8
45472,14
45473,5
45474,22
45475,21
45476,7
45477,17
45478,21
45479,16
45480,17
45481,14
45482,5
45483,7
45484,12
45485,12
45486,1
45487,10
45488,8
45489,6
45490,7
45491,5
45492,9
45493,23
45494,23
45495,13
45496,20
45497,19
45498,17
45499,20
45500,1
45501,5
45502,7
45503,4
45504,11
45505,7
45506,7
45507,19
45508,13
45509,15
45510,12
45511,16
45512,15
45513,10
45514,22
45515,17
45516,5
45517,16
45518,17
45519,14
45520,15
45521,5
45522,19
45523,1
45524,2
45525,13
45526,11
45527,1
45528,17
45529,0
45530,12
45531,4
45532,5
45533,11
45534,23
45535,18
45536,7
45537,12
45538,0
45539,3
45540,5
45541,14
45542,4
45543,1
45544,7
45545,4
45546,13
45547,8
45548,7
45549,18
45550,14
45551,16
45552,4
45553,15
45554,4
45555,22
45556,19
45557,4
45558,11
45559,5
45560,1
45561,7
45562,21
45563,19
45564,13
45565,17
45566,0
45567,15
45568,7
45569,21
45570,7
45571,1
45572,22
45573,13
45574,16
45575,6
45576,12
45577,11
45578,13
45579,1
45580,10
45581,8
45582,13
45583,13
45584,16
45585,7
45586,1
45587,7
45588,5
45589,4
45590,22
45591,15
45592,10
45593,6
45594,13
45595,0
45596,22
45597,9
45598,12
45599,19
45600,8
45601,8
45602,19
45603,21
45604,13
45605,6
45606,12
45607,7
45608,16
45609,0
45610,15
45611,6
45612,10
45613,19
45614,17
45615,22
45616,7
45617,13
45618,2
45619,21
45620,8
45621,17
45622,0
45623,19
45624,11
45625,4
45626,19
45627,20
45628,16
45629,8
45630,4
45631,22
45632,1
45633,6
45634,19
45635,22
45636,0
45637,7
45638,23
45639,11
45640,7
45641,19
45642,10
45643,20
45644,15
45645,6
45646,6
45647,15
45648,7
45649,20
45650,17
45651,7
45652,19
45653,15
45654,3
45655,6
45656,7
45657,16
45658,13
45659,4
45660,7
45661,13
45662,6
45663,11
45664,7
45665,10
45666,5
45667,17
45668,1
45669,18
45670,6
45671,10
45672,23
45673,17
45674,7
45675,4
45676,19
45677,16
45678,11
45679,9
45680,1
45681,15
45682,2
45683,7
45684,18
45685,1
45686,14
45687,22
45688,11
45689,7
45690,11
45691,11
45692,11
45693,14
45694,6
45695,3
45696,5
45697,10
45698,7
45699,0
45700,8
45701,13
45702,9
45703,9
45704,18
45705,6
45706,4
45707,17
45708,14
45709,19
45710,1
45711,14
45712,22
45713,0
45714,7
45715,15
45716,10
45717,7
45718,1
45719,16
45720,12
45721,13
45722,15
45723,9
45724,15
45725,7
45726,22
45727,10
45728,22
45729,23
45730,12
45731,18
45732,11
45733,10
45734,21
45735,13
45736,21
45737,10
45738,9
45739,23
45740,18
45741,0
45742,13
45743,2
45744,11
45745,20
45746,15
45747,17
45748,4
45749,5
45750,21
45751,7
45752,22
45753,20
45754,17
45755,19
45756,14
45757,12
45758,6
45759,7
45760,3
45761,20
45762,7
45763,0
45764,7
45765,7
45766,5
45767,9
45768,16
45769,19
45770,20
45771,18
45772,4
45773,10
45774,14
45775,12
45776,22
45777,8
45778,0
45779,4
45780,13
45781,19
45782,10
45783,0
45784,7
45785,14
45786,20
45787,14
45788,10
45789,16
45790,4
45791,5
45792,10
45793,4
45794,13
45795,4
45796,17
45797,16
45798,10
45799,8
45800,15
45801,20
45802,13
45803,15
45804,13
45805,10
45806,6
45807,13
45808,23
45809,14
45810,8
45811,12
45812,16
45813,1
45814,21
45815,5
45816,7
45817,19
45818,10
45819,19
45820,8
45821,14
45822,19
45823,15
45824,20
45825,7
45826,22
45827,2
45828,1
45829,7
45830,12
45831,4
45832,16
45833,18
45834,20
45835,17
45836,5
45837,15
45838,5
45839,15
45840,6
45841,18
45842,11
45843,8
45844,4
45845,3
45846,12
45847,19
45848,12
45849,8
45850,5
45851,0
45852,15
45853,19
45854,12
45855,4
45856,13
45857,8
45858,15
45859,9
45860,22
45861,5
45862,6
45863,22
45864,0
45865,7
45866,15
45867,7
45868,11
45869,15
45870,22
45871,6
45872,6
45873,12
45874,4
45875,22
45876,11
45877,0
45878,7
45879,0
45880,7
45881,1
45882,5
45883,16
45884,13
45885,23
45886,11
45887,15
45888,14
45889,19
45890,3
45891,13
45892,10
45893,11
45894,22
45895,4
45896,4
45897,9
45898,22
45899,3
45900,15
45901,1
45902,21
45903,4
45904,5
45905,11
45906,7
45907,20
45908,12
45909,3
45910,17
45911,5
45912,9
45913,15
45914,6
45915,2
45916,15
45917,5
45918,0
45919,4
45920,0
45921,16
45922,17
45923,15
45924,0
45925,8
45926,21
45927,7
45928,13
45929,0
45930,19
45931,19
45932,17
45933,13
45934,7
45935,15
45936,17
45937,12
45938,12
45939,19
45940,0
45941,13
45942,3
45943,7
45944,5
45945,12
45946,20
45947,11
45948,7
45949,11
45950,15
45951,11
45952,17
45953,22
45954,7
45955,6
45956,15
45957,19
45958,15
45959,2
45960,0
45961,11
45962,23
45963,18
45964,8
45965,6
45966,10
45967,15
45968,12
45969,13
45970,16
45971,22
45972,20
45973,10
45974,22
45975,8
45976,22
45977,19
45978,3
45979,13
45980,1
45981,6
45982,13
45983,11
45984,4
45985,5
45986,22
45987,15
45988,19
45989,15
45990,7
45991,9
45992,16
45993,10
45994,19
45995,11
45996,17
45997,23
45998,18
45999,16
46000,19
46001,10
46002,17
46003,23
46004,4
46005,23
46006,0
46007,19
46008,4
46009,20
46010,13
46011,12
46012,12
46013,10
46014,7
46015,20
46016,7
46017,3
46018,8
46019,10
46020,7
46021,4
46022,6
46023,19
46024,3
46025,0
46026,17
46027,7
46028,1
46029,18
46030,15
46031,7
46032,2
46033,4
46034,9
46035,11
46036,14
46037,7
46038,18
46039,1
46040,7
46041,15
46042,15
46043,15
46044,18
46045,7
46046,19
46047,0
46048,19
46049,20
46050,14
46051,21
46052,2
46053,23
46054,5
46055,7
46056,18
46057,13
46058,0
46059,13
46060,11
46061,17
46062,18
46063,21
46064,12
46065,15
46066,6
46067,14
46068,4
46069,19
46070,6
46071,9
46072,21
46073,4
46074,19
46075,9
46076,21
46077,22
46078,15
46079,0
46080,16
46081,21
46082,13
46083,7
46084,16
46085,19
46086,20
46087,13
46088,7
46089,1
46090,13
46091,6
46092,7
46093,22
46094,0
46095,6
46096,4
46097,17
46098,7
46099,9
46100,1
46101,20
46102,16
46103,18
46104,16
46105,1
46106,13
46107,6
46108,19
46109,6
46110,4
46111,1
46112,2
46113,19
46114,11
46115,6
46116,8
46117,11
46118,9
46119,7
46120,3
46121,7
46122,5
46123,8
46124,19
46125,7
46126,3
46127,16
46128,6
46129,6
46130,11
46131,18
46132,19
46133,7
46134,11
46135,4
46136,15
46137,22
46138,14
46139,10
46140,15
46141,0
46142,19
46143,0
46144,19
46145,11
46146,13
46147,10
46148,19
46149,4
46150,7
46151,14
46152,16
46153,5
46154,0
46155,22
46156,8
46157,5
46158,8
46159,13
46160,0
46161,9
46162,15
46163,23
46164,1
46165,7
46166,8
46167,13
46168,8
46169,21
46170,13
46171,7
46172,10
46173,18
46174,10
46175,1
46176,15
46177,21
46178,23
46179,1
46180,12
46181,17
46182,20
46183,14
46184,10
46185,7
46186,22
46187,19
46188,9
46189,1
46190,23
46191,0
46192,1
46193,4
46194,22
46195,2
46196,15
46197,6
46198,9
46199,19
46200,4
46201,23
46202,8
46203,12
46204,19
46205,4
46206,22
46207,17
46208,8
46209,3
46210,12
46211,14
46212,13
46213,5
46214,4
46215,15
46216,21
46217,7
46218,13
46219,20
46220,10
46221,21
46222,1
46223,18
46224,17
46225,8
46226,1
46227,15
46228,19
46229,8
46230,0
46231,13
46232,7
46233,19
46234,7
46235,4
46236,20
46237,3
46238,22
46239,7
46240,5
46241,11
46242,21
46243,6
46244,17
46245,7
46246,13
46247,5
46248,23
46249,21
46250,11
46251,13
46252,15
46253,14
46254,14
46255,14
46256,7
46257,14
46258,21
46259,19
46260,11
46261,4
46262,5
46263,22
46264,3
46265,19
46266,12
46267,9
46268,6
46269,0
46270,20
46271,1
46272,7
46273,15
46274,7
46275,11
46276,21
46277,18
46278,18
46279,13
46280,7
46281,22
46282,17
46283,3
46284,7
46285,22
46286,16
46287,4
46288,22
46289,11
46290,1
46291,16
46292,13
46293,14
46294,11
46295,14
46296,6
46297,23
46298,7
46299,5
46300,4
46301,20
46302,19
46303,13
46304,11
46305,15
46306,19
46307,17
46308,7
46309,15
46310,12
46311,15
46312,4
46313,15
46314,15
46315,4
46316,19
46317,10
46318,16
46319,13
46320,18
46321,18
46322,3
46323,3
46324,0
46325,15
46326,19
46327,9
46328,14
46329,8
46330,3
46331,3
46332,22
46333,21
46334,5
46335,1
46336,16
46337,17
46338,1
46339,1
46340,12
46341,19
46342,3
46343,16
46344,16
46345,0
46346,23
46347,18
46348,18
46349,23
46350,7
46351,0
46352,21
46353,21
46354,16
46355,0
46356,5
46357,1
46358,23
46359,7
46360,3
46361,4
46362,11
46363,11
46364,10
46365,17
46366,12
46367,0
46368,0
46369,10
46370,15
46371,13
46372,7
46373,3
46374,7
46375,8
46376,5
46377,7
46378,19
46379,3
46380,17
46381,4
46382,14
46383,1
46384,15
46385,1
46386,14
46387,0
46388,21
46389,8
46390,5
46391,0
46392,6
46393,5
46394,15
46395,4
46396,0
46397,10
46398,0
46399,8
46400,7
46401,21
46402,22
46403,0
46404,15
46405,7
46406,7
46407,7
46408,12
46409,1
46410,5
46411,6
46412,7
46413,22
46414,18
46415,0
46416,4
46417,12
46418,15
46419,8
46420,7
46421,15
46422,22
46423,3
46424,7
46425,10
46426,10
46427,1
46428,13
46429,15
46430,0
46431,16
46432,11
46433,5
46434,4
46435,7
46436,0
46437,0
46438,13
46439,20
46440,17
46441,13
46442,4
46443,14
46444,7
46445,11
46446,13
46447,4
46448,22
46449,7
46450,17
46451,14
46452,10
46453,7
46454,15
46455,2
46456,12
46457,13
46458,12
46459,17
46460,16
46461,6
46462,1
46463,4
46464,17
46465,9
46466,7
46467,0
46468,21
46469,7
46470,11
46471,17
46472,8
46473,11
46474,6
46475,16
46476,9
46477,22
46478,18
46479,8
46480,15
46481,6
46482,4
46483,1
46484,18
46485,3
46486,6
46487,7
46488,10
46489,16
46490,12
46491,4
46492,7
46493,6
46494,22
46495,7
46496,19
46497,1
46498,9
46499,11
46500,6
46501,1
46502,15
46503,20
46504,23
46505,22
46506,19
46507,16
46508,22
46509,6
46510,14
46511,4
46512,13
46513,18
46514,7
46515,14
46516,7
46517,17
46518,17
46519,19
46520,14
46521,6
46522,19
46523,7
46524,15
46525,8
46526,15
46527,8
46528,17
46529,12
46530,3
46531,19
46532,15
46533,8
46534,11
46535,13
46536,19
46537,13
46538,20
46539,22
46540,5
46541,15
46542,21
46543,0
46544,4
46545,13
46546,3
46547,18
46548,22
46549,23
46550,14
46551,22
46552,20
46553,3
46554,4
46555,4
46556,7
46557,7
46558,12
46559,3
46560,21
46561,6
46562,9
46563,13
46564,14
46565,19
46566,23
46567,13
46568,7
46569,19
46570,5
46571,16
46572,7
46573,0
46574,4
46575,1
46576,8
46577,18
46578,19
46579,6
46580,8
46581,15
46582,5
46583,6
46584,19
46585,22
46586,8
46587,19
46588,22
46589,12
46590,7
46591,15
46592,4
46593,7
46594,19
46595,6
46596,23
46597,1
46598,13
46599,23
46600,20
46601,22
46602,17
46603,9
46604,10
46605,0
46606,11
46607,15
46608,17
46609,1
46610,18
46611,17
46612,1
46613,18
46614,3
46615,16
46616,6
46617,12
46618,14
46619,10
46620,13
46621,23
46622,21
46623,0
46624,17
46625,15
46626,19
46627,6
46628,22
46629,1
46630,18
46631,4
46632,1
46633,21
46634,3
46635,12
46636,1
46637,11
46638,1
46639,0
46640,6
46641,23
46642,1
46643,19
46644,7
46645,11
46646,6
46647,9
46648,14
46649,2
46650,0
46651,23
46652,21
46653,23
46654,0
46655,7
46656,20
46657,18
46658,4
46659,23
46660,10
46661,19
46662,0
46663,4
46664,17
46665,7
46666,3
46667,16
46668,6
46669,21
46670,21
46671,14
46672,1
46673,7
46674,3
46675,0
46676,22
46677,19
46678,15
46679,4
46680,20
46681,11
46682,22
46683,13
46684,13
46685,17
46686,15
46687,23
46688,7
46689,15
46690,21
46691,16
46692,6
46693,15
46694,22
46695,21
46696,19
46697,1
46698,4
46699,17
46700,11
46701,8
46702,9
46703,5
46704,11
46705,19
46706,17
46707,12
46708,23
46709,0
46710,16
46711,5
46712,11
46713,12
46714,7
46715,23
46716,1
46717,22
46718,1
46719,19
46720,20
46721,5
46722,11
46723,10
46724,4
46725,15
46726,19
46727,11
46728,5
46729,0
46730,5
46731,17
46732,8
46733,8
46734,20
46735,6
46736,14
46737,12
46738,1
46739,20
46740,17
46741,4
46742,13
46743,16
46744,6
46745,15
46746,8
46747,15
46748,21
46749,7
46750,10
46751,22
46752,6
46753,1
46754,0
46755,8
46756,19
46757,15
46758,19
46759,21
46760,0
46761,19
46762,5
46763,14
46764,15
46765,17
46766,18
46767,6
46768,10
46769,7
46770,17
46771,17
46772,15
46773,1
46774,6
46775,13
46776,7
46777,18
46778,4
46779,6
46780,0
46781,5
46782,16
46783,21
46784,5
46785,19
46786,11
46787,7
46788,7
46789,0
46790,9
46791,19
46792,7
46793,9
46794,12
46795,21
46796,8
46797,23
46798,1
46799,8
46800,10
46801,12
46802,22
46803,4
46804,7
46805,7
46806,2
46807,13
46808,7
46809,5
46810,12
46811,5
46812,14
46813,4
46814,19
46815,9
46816,20
46817,21
46818,0
46819,14
46820,21
46821,18
46822,11
46823,20
46824,23
46825,14
46826,22
46827,6
46828,1
46829,19
46830,12
46831,8
46832,13
46833,0
46834,13
46835,17
46836,21
46837,19
46838,12
46839,20
46840,1
46841,3
46842,6
46843,0
46844,7
46845,20
46846,17
46847,20
46848,4
46849,8
46850,21
46851,5
46852,17
46853,0
46854,14
46855,14
46856,15
46857,6
46858,21
46859,15
46860,14
46861,4
46862,23
46863,11
46864,6
46865,15
46866,15
46867,11
46868,10
46869,18
46870,6
46871,6
46872,22
46873,0
46874,1
46875,4
46876,13
46877,2
46878,23
46879,13
46880,6
46881,4
46882,6
46883,18
46884,1
46885,23
46886,5
46887,14
46888,1
46889,13
46890,15
46891,22
46892,20
46893,23
46894,3
46895,5
46896,23
46897,7
46898,10
46899,16
46900,22
46901,5
46902,4
46903,0
46904,22
46905,9
46906,10
46907,17
46908,15
46909,23
46910,4
46911,11
46912,8
46913,21
46914,7
46915,8
46916,20
46917,20
46918,17
46919,4
46920,13
46921,9
46922,16
46923,12
46924,4
46925,17
46926,14
46927,7
46928,16
46929,5
46930,0
46931,19
46932,19
46933,8
46934,17
46935,19
46936,11
46937,9
46938,11
46939,7
46940,7
46941,6
46942,17
46943,8
46944,22
46945,4
46946,4
46947,12
46948,15
46949,6
46950,22
46951,6
46952,22
46953,16
46954,8
46955,1
46956,21
46957,13
46958,9
46959,19
46960,9
46961,7
46962,4
46963,15
46964,14
46965,14
46966,12
46967,15
46968,17
46969,17
46970,8
46971,15
46972,14
46973,22
46974,14
46975,17
46976,1
46977,13
46978,19
46979,9
46980,19
46981,22
46982,8
46983,16
46984,5
46985,17
46986,19
46987,9
46988,12
46989,15
46990,0
46991,23
46992,1
46993,17
46994,12
46995,16
46996,15
46997,1
46998,15
46999,7
47000,4
47001,6
47002,8
47003,15
47004,16
47005,7
47006,18
47007,7
47008,19
47009,5
47010,14
47011,22
47012,7
47013,21
47014,9
47015,8
47016,10
47017,18
47018,10
47019,16
47020,6
47021,22
47022,22
47023,7
47024,14
47025,7
47026,7
47027,8
47028,6
47029,19
47030,15
47031,0
47032,4
47033,15
47034,15
47035,15
47036,15
47037,10
47038,7
47039,4
47040,0
47041,14
47042,5
47043,15
47044,14
47045,1
47046,23
47047,4
47048,7
47049,22
47050,8
47051,11
47052,13
47053,21
47054,4
47055,9
47056,19
47057,13
47058,8
47059,5
47060,5
47061,15
47062,21
47063,0
47064,0
47065,7
47066,4
47067,7
47068,2
47069,6
47070,16
47071,8
47072,3
47073,15
47074,10
47075,20
47076,12
47077,7
47078,1
47079,11
47080,15
47081,11
47082,20
47083,8
47084,1
47085,10
47086,22
47087,3
47088,15
47089,7
47090,7
47091,12
47092,16
47093,15
47094,19
47095,21
47096,10
47097,13
47098,9
47099,21
47100,15
47101,6
47102,5
47103,3
47104,15
47105,15
47106,6
47107,5
47108,19
47109,16
47110,18
47111,15
47112,13
47113,4
47114,19
47115,11
47116,3
47117,0
47118,20
47119,21
47120,6
47121,0
47122,21
47123,9
47124,16
47125,16
47126,13
47127,0
47128,8
47129,13
47130,1
47131,18
47132,2
47133,18
47134,1
47135,0
47136,6
47137,3
47138,7
47139,5
47140,12
47141,7
47142,0
47143,7
47144,7
47145,0
47146,15
47147,11
47148,0
47149,9
47150,8
47151,1
47152,8
47153,6
47154,13
47155,18
47156,19
47157,15
47158,9
47159,19
47160,10
47161,7
47162,15
47163,17
47164,19
47165,5
47166,13
47167,17
47168,3
47169,15
47170,7
47171,7
47172,22
47173,10
47174,5
47175,14
47176,0
47177,1
47178,7
47179,19
47180,5
47181,19
47182,13
47183,9
47184,10
47185,17
47186,20
47187,22
47188,7
47189,12
47190,16
47191,6
47192,9
47193,7
47194,13
47195,20
47196,15
47197,19
47198,23
47199,19
47200,16
47201,13
47202,6
47203,18
47204,14
47205,18
47206,4
47207,8
47208,8
47209,15
47210,10
47211,15
47212,11
47213,6
47214,19
47215,15
47216,9
47217,10
47218,21
47219,15
47220,6
47221,7
47222,14
47223,10
47224,15
47225,4
47226,18
47227,7
47228,15
47229,19
47230,15
47231,11
47232,1
47233,0
47234,0
47235,14
47236,0
47237,23
47238,2
47239,14
47240,0
47241,21
47242,14
47243,22
47244,11
47245,11
47246,8
47247,3
47248,2
47249,9
47250,5
47251,19
47252,8
47253,22
47254,21
47255,11
47256,16
47257,4
47258,4
47259,6
47260,0
47261,0
47262,4
47263,7
47264,1
47265,11
47266,17
47267,7
47268,16
47269,9
47270,17
47271,7
47272,20
47273,7
47274,22
47275,16
47276,18
47277,7
47278,3
47279,14
47280,8
47281,1
47282,4
47283,19
47284,1
47285,23
47286,21
47287,16
47288,15
47289,0
47290,15
47291,15
47292,12
47293,23
47294,21
47295,7
47296,16
47297,17
47298,19
47299,13
47300,22
47301,17
47302,4
47303,21
47304,1
47305,15
47306,7
47307,10
47308,0
47309,17
47310,18
47311,6
47312,4
47313,21
47314,20
47315,7
47316,1
47317,0
47318,13
47319,14
47320,7
47321,23
47322,7
47323,9
47324,10
47325,21
47326,8
47327,20
47328,19
47329,1
47330,17
47331,16
47332,13
47333,8
47334,8
47335,12
47336,21
47337,11
47338,1
47339,6
47340,15
47341,22
47342,11
47343,19
47344,16
47345,4
47346,12
47347,19
47348,15
47349,4
47350,6
47351,14
47352,4
47353,22
47354,12
47355,21
47356,21
47357,1
47358,11
47359,17
47360,0
47361,17
47362,12
47363,12
47364,11
47365,7
47366,23
47367,13
47368,7
47369,16
47370,7
47371,9
47372,7
47373,8
47374,22
47375,19
47376,16
47377,3
47378,4
47379,17
47380,19
47381,17
47382,21
47383,5
47384,16
47385,20
47386,22
47387,11
47388,6
47389,6
47390,4
47391,14
47392,19
47393,9
47394,4
47395,10
47396,18
47397,16
47398,17
47399,2
47400,19
47401,7
47402,5
47403,7
47404,21
47405,6
47406,15
47407,4
47408,2
47409,20
47410,12
47411,12
47412,23
47413,3
47414,0
47415,3
47416,10
47417,4
47418,1
47419,11
47420,16
47421,23
47422,9
47423,13
47424,15
47425,20
47426,20
47427,1
47428,13
47429,18
47430,17
47431,13
47432,10
47433,2
47434,15
47435,7
47436,23
47437,11
47438,8
47439,3
47440,6
47441,8
47442,15
47443,13
47444,1
47445,7
47446,7
47447,1
47448,19
47449,1
47450,1
47451,10
47452,20
47453,19
47454,7
47455,4
47456,1
47457,1
47458,14
47459,3
47460,1
47461,11
47462,10
47463,4
47464,17
47465,13
47466,1
47467,12
47468,19
47469,5
47470,0
47471,20
47472,15
47473,5
47474,5
47475,21
47476,5
47477,19
47478,13
47479,10
47480,22
47481,22
47482,15
47483,17
47484,7
47485,12
47486,1
47487,1
47488,5
47489,5
47490,6
47491,6
47492,11
47493,7
47494,2
47495,4
47496,4
47497,18
47498,4
47499,2
47500,11
47501,13
47502,7
47503,0
47504,13
47505,4
47506,1
47507,18
47508,4
47509,10
47510,22
47511,12
47512,1
47513,7
47514,19
47515,23
47516,7
47517,7
47518,0
47519,9
47520,5
47521,19
47522,14
47523,7
47524,17
47525,11
47526,9
47527,22
47528,21
47529,14
47530,19
47531,13
47532,14
47533,17
47534,8
47535,13
47536,7
47537,21
47538,11
47539,10
47540,13
47541,19
47542,7
47543,4
47544,13
47545,6
47546,11
47547,17
47548,17
47549,10
47550,13
47551,4
47552,1
47553,16
47554,7
47555,6
47556,12
47557,20
47558,21
47559,13
47560,23
47561,13
47562,18
47563,4
47564,13
47565,15
47566,22
47567,15
47568,4
47569,13
47570,8
47571,9
47572,0
47573,10
47574,1
47575,11
47576,7
47577,16
47578,17
47579,4
47580,0
47581,22
47582,20
47583,7
47584,5
47585,1
47586,11
47587,12
47588,11
47589,17
47590,17
47591,13
47592,4
47593,11
47594,17
47595,23
47596,3
47597,12
47598,8
47599,17
47600,13
47601,7
47602,19
47603,23
47604,7
47605,6
47606,4
47607,8
47608,4
47609,1
47610,1
47611,19
47612,19
47613,5
47614,15
47615,5
47616,4
47617,15
47618,20
47619,5
47620,8
47621,1
47622,9
47623,8
47624,8
47625,4
47626,14
47627,14
47628,9
47629,4
47630,23
47631,14
47632,23
47633,15
47634,2
47635,11
47636,7
47637,18
47638,16
47639,5
47640,13
47641,15
47642,5
47643,3
47644,23
47645,7
47646,12
47647,6
47648,14
47649,10
47650,4
47651,13
47652,0
47653,13
47654,16
47655,5
47656,17
47657,17
47658,0
47659,4
47660,11
47661,19
47662,17
47663,13
47664,8
47665,19
47666,3
47667,7
47668,17
47669,5
47670,7
47671,8
47672,14
47673,6
47674,7
47675,22
47676,23
47677,14
47678,6
47679,17
47680,13
47681,0
47682,12
47683,1
47684,13
47685,7
47686,9
47687,15
47688,16
47689,9
47690,19
47691,17
47692,19
47693,1
47694,0
47695,22
47696,14
47697,22
47698,15
47699,0
47700,7
47701,12
47702,20
47703,23
47704,20
47705,15
47706,10
47707,5
47708,11
47709,19
47710,12
47711,11
47712,12
47713,6
47714,20
47715,21
47716,13
47717,18
47718,22
47719,15
47720,21
47721,14
47722,6
47723,4
47724,4
47725,5
47726,4
47727,3
47728,6
47729,22
47730,11
47731,14
47732,12
47733,7
47734,5
47735,17
47736,17
47737,11
47738,5
47739,23
47740,7
47741,10
47742,7
47743,14
47744,11
47745,17
47746,21
47747,19
47748,22
47749,16
47750,18
47751,21
47752,7
47753,13
47754,15
47755,6
47756,10
47757,18
47758,20
47759,4
47760,1
47761,22
47762,9
47763,8
47764,10
47765,10
47766,10
47767,12
47768,7
47769,12
47770,5
47771,1
47772,6
47773,17
47774,22
47775,19
47776,12
47777,21
47778,22
47779,21
47780,3
47781,0
47782,7
47783,14
47784,5
47785,3
47786,23
47787,14
47788,7
47789,12
47790,13
47791,9
47792,1
47793,7
47794,21
47795,4
47796,15
47797,10
47798,12
47799,13
47800,1
47801,19
47802,19
47803,9
47804,11
47805,14
47806,4
47807,1
47808,19
47809,13
47810,4
47811,17
47812,20
47813,5
47814,1
47815,15
47816,19
47817,16
47818,13
47819,7
47820,17
47821,15
47822,17
47823,7
47824,17
47825,10
47826,23
47827,1
47828,7
47829,0
47830,0
47831,4
47832,19
47833,1
47834,15
47835,16
47836,12
47837,11
47838,7
47839,5
47840,13
47841,19
47842,19
47843,1
47844,19
47845,4
47846,5
47847,0
47848,5
47849,7
47850,15
47851,1
47852,5
47853,17
47854,18
47855,8
47856,13
47857,4
47858,19
47859,5
47860,4
47861,4
47862,19
47863,10
47864,22
47865,13
47866,4
47867,7
47868,22
47869,11
47870,15
47871,19
47872,7
47873,8
47874,19
47875,23
47876,22
47877,16
47878,11
47879,18
47880,15
47881,19
47882,5
47883,4
47884,20
47885,15
47886,17
47887,1
47888,15
47889,16
47890,19
47891,4
47892,10
47893,20
47894,1
47895,13
47896,7
47897,11
47898,23
47899,9
47900,14
47901,7
47902,22
47903,15
47904,14
47905,19
47906,1
47907,1
47908,10
47909,7
47910,10
47911,13
47912,7
47913,6
47914,1
47915,6
47916,4
47917,23
47918,3
47919,22
47920,6
47921,0
47922,17
47923,17
47924,1
47925,6
47926,6
47927,19
47928,20
47929,1
47930,13
47931,7
47932,3
47933,14
47934,21
47935,14
47936,3
47937,1
47938,7
47939,2
47940,4
47941,5
47942,7
47943,6
47944,23
47945,12
47946,21
47947,15
47948,9
47949,15
47950,2
47951,22
47952,19
47953,13
47954,19
47955,17
47956,22
47957,4
47958,8
47959,10
47960,15
47961,0
47962,12
47963,0
47964,4
47965,22
47966,11
47967,4
47968,17
47969,10
47970,15
47971,8
47972,3
47973,16
47974,6
47975,8
47976,8
47977,11
47978,22
47979,21
47980,7
47981,10
47982,20
47983,8
47984,17
47985,0
47986,6
47987,23
47988,20
47989,13
47990,4
47991,15
47992,6
47993,10
47994,22
47995,21
47996,16
47997,7
47998,20
47999,13
48000,17
48001,17
48002,18
48003,5
48004,21
48005,10
48006,4
48007,22
48008,19
48009,6
48010,14
48011,11
48012,19
48013,0
48014,4
48015,16
48016,5
48017,9
48018,11
48019,17
48020,7
48021,16
48022,14
48023,1
48024,23
48025,21
48026,16
48027,16
48028,7
48029,22
48030,5
48031,6
48032,3
48033,11
48034,9
48035,6
48036,19
48037,19
48038,7
48039,3
48040,7
48041,9
48042,21
48043,7
48044,14
48045,5
48046,23
48047,18
48048,8
48049,21
48050,1
48051,4
48052,0
48053,16
48054,20
48055,14
48056,10
48057,11
48058,1
48059,16
48060,5
48061,13
48062,22
48063,15
48064,4
48065,4
48066,20
48067,0
48068,11
48069,9
48070,22
48071,5
48072,23
48073,10
48074,10
48075,7
48076,8
48077,19
48078,22
48079,4
48080,14
48081,10
48082,6
48083,20
48084,14
48085,10
48086,12
48087,21
48088,5
48089,11
48090,13
48091,5
48092,21
48093,7
48094,19
48095,1
48096,4
48097,5
48098,7
48099,5
48100,12
48101,4
48102,11
48103,6
48104,11
48105,3
48106,17
48107,4
48108,0
48109,13
48110,5
48111,7
48112,11
48113,1
48114,4
48115,8
48116,11
48117,5
48118,17
48119,0
48120,7
48121,17
48122,16
48123,3
48124,17
48125,23
48126,17
48127,12
48128,7
48129,0
48130,20
48131,18
48132,11
48133,23
48134,7
48135,5
48136,6
48137,7
48138,6
48139,13
48140,15
48141,13
48142,16
48143,4
48144,16
48145,19
48146,11
48147,22
48148,7
48149,7
48150,19
48151,0
48152,22
48153,7
48154,0
48155,11
48156,7
48157,11
48158,7
48159,17
48160,4
48161,4
48162,0
48163,15
48164,0
48165,7
48166,12
48167,17
48168,7
48169,7
48170,6
48171,21
48172,15
48173,1
48174,4
48175,19
48176,13
48177,20
48178,7
48179,13
48180,10
48181,8
48182,4
48183,5
48184,23
48185,4
48186,9
48187,10
48188,15
48189,7
48190,5
48191,19
48192,0
48193,5
48194,19
48195,16
48196,9
48197,4
48198,13
48199,7
48200,3
48201,12
48202,7
48203,6
48204,1
48205,11
48206,22
48207,22
48208,4
48209,13
48210,4
48211,13
48212,11
48213,11
48214,1
48215,6
48216,19
48217,21
48218,15
48219,4
48220,1
48221,1
48222,17
48223,15
48224,7
48225,4
48226,11
48227,20
48228,17
48229,19
48230,22
48231,11
48232,11
48233,17
48234,12
48235,12
48236,3
48237,3
48238,1
48239,12
48240,6
48241,4
48242,4
48243,19
48244,17
48245,6
48246,4
48247,3
48248,5
48249,13
48250,12
48251,6
48252,12
48253,23
48254,13
48255,14
48256,22
48257,4
48258,22
48259,13
48260,14
48261,15
48262,11
48263,18
48264,13
48265,19
48266,13
48267,4
48268,1
48269,22
48270,6
48271,9
48272,10
48273,3
48274,23
48275,12
48276,6
48277,17
48278,7
48279,9
48280,19
48281,5
48282,14
48283,12
48284,16
48285,12
48286,20
48287,10
48288,4
48289,7
48290,3
48291,13
48292,20
48293,0
48294,10
48295,18
48296,6
48297,21
48298,18
48299,11
48300,22
48301,18
48302,21
48303,22
48304,20
48305,10
48306,10
48307,22
48308,22
48309,15
48310,13
48311,15
48312,19
48313,17
48314,19
48315,1
48316,1
48317,7
48318,12
48319,8
48320,6
48321,0
48322,7
48323,6
48324,18
48325,0
48326,19
48327,13
48328,10
48329,3
48330,11
48331,11
48332,7
48333,15
48334,10
48335,6
48336,15
48337,7
48338,8
48339,1
48340,22
48341,4
48342,19
48343,21
48344,21
48345,6
48346,1
48347,6
48348,5
48349,15
48350,4
48351,20
48352,14
48353,15
48354,7
48355,16
48356,0
48357,7
48358,21
48359,19
48360,7
48361,1
48362,7
48363,20
48364,1
48365,5
48366,6
48367,7
48368,11
48369,13
48370,17
48371,0
48372,16
48373,18
48374,7
48375,18
48376,19
48377,8
48378,1
48379,7
48380,8
48381,15
48382,6
48383,4
48384,11
48385,22
48386,6
48387,13
48388,21
48389,15
48390,1
48391,1
48392,12
48393,13
48394,7
48395,22
48396,11
48397,10
48398,22
48399,15
48400,19
48401,6
48402,12
48403,10
48404,8
48405,6
48406,19
48407,3
48408,21
48409,7
48410,0
48411,15
48412,1
48413,9
48414,22
48415,0
48416,9
48417,0
48418,23
48419,13
48420,1
48421,5
48422,7
48423,13
48424,14
48425,7
48426,21
48427,20
48428,5
48429,17
48430,19
48431,16
48432,1
48433,9
48434,0
48435,8
48436,11
48437,12
48438,18
48439,3
48440,0
48441,13
48442,13
48443,16
48444,10
48445,5
48446,1
48447,14
48448,17
48449,4
48450,10
48451,10
48452,9
48453,22
48454,13
48455,1
48456,4
48457,6
48458,13
48459,19
48460,16
48461,6
48462,7
48463,11
48464,12
48465,19
48466,2
48467,4
48468,1
48469,23
48470,8
48471,1
48472,17
48473,14
48474,4
48475,19
48476,8
48477,17
48478,10
48479,7
48480,10
48481,10
48482,1
48483,17
48484,4
48485,22
48486,0
48487,23
48488,6
48489,3
48490,7
48491,19
48492,18
48493,19
48494,19
48495,7
48496,17
48497,15
48498,5
48499,21
48500,13
48501,12
48502,7
48503,19
48504,18
48505,15
48506,6
48507,23
48508,20
48509,1
48510,17
48511,4
48512,17
48513,23
48514,18
48515,12
48516,7
48517,4
48518,22
48519,13
48520,20
48521,7
48522,7
48523,15
48524,8
48525,7
48526,1
48527,19
48528,0
48529,14
48530,9
48531,0
48532,0
48533,1
48534,18
48535,16
48536,5
48537,1
48538,21
48539,19
48540,18
48541,0
48542,18
48543,21
48544,16
48545,6
48546,11
48547,6
48548,1
48549,12
48550,4
48551,21
48552,1
48553,4
48554,4
48555,3
48556,5
48557,6
48558,13
48559,13
48560,16
48561,22
48562,12
48563,5
48564,20
48565,13
48566,8
48567,13
48568,8
48569,0
48570,14
48571,13
48572,23
48573,10
48574,16
48575,13
48576,7
48577,15
48578,4
48579,6
48580,8
48581,5
48582,4
48583,23
48584,1
48585,12
48586,7
48587,13
48588,7
48589,14
48590,12
48591,1
48592,23
48593,7
48594,9
48595,17
48596,19
48597,9
48598,19
48599,4
48600,21
48601,0
48602,10
48603,20
48604,10
48605,9
48606,8
48607,11
48608,0
48609,1
48610,5
48611,14
48612,1
48613,17
48614,13
48615,16
48616,21
48617,8
48618,4
48619,11
48620,10
48621,5
48622,6
48623,3
48624,4
48625,7
48626,21
48627,21
48628,14
48629,6
48630,7
48631,19
48632,12
48633,13
48634,7
48635,22
48636,13
48637,13
48638,4
48639,19
48640,2
48641,4
48642,7
48643,8
48644,13
48645,11
48646,17
48647,21
48648,1
48649,8
48650,12
48651,8
48652,14
48653,17
48654,1
48655,14
48656,18
48657,22
48658,18
48659,1
48660,3
48661,0
48662,22
48663,23
48664,9
48665,12
48666,18
48667,10
48668,19
48669,15
48670,13
48671,22
48672,2
48673,4
48674,4
48675,1
48676,15
48677,6
48678,14
48679,22
48680,0
48681,13
48682,7
48683,0
48684,12
48685,19
48686,9
48687,20
48688,23
48689,15
48690,9
48691,3
48692,7
48693,22
48694,5
48695,17
48696,0
48697,19
48698,6
48699,9
48700,6
48701,22
48702,1
48703,4
48704,22
48705,3
48706,20
48707,0
48708,13
48709,13
48710,21
48711,7
48712,7
48713,6
48714,13
48715,7
48716,1
48717,15
48718,15
48719,5
48720,17
48721,19
48722,12
48723,9
48724,16
48725,10
48726,1
48727,23
48728,10
48729,7
48730,15
48731,17
48732,3
48733,16
48734,10
48735,22
48736,6
48737,13
48738,12
48739,18
48740,12
48741,20
48742,21
48743,16
48744,8
48745,4
48746,18
48747,9
48748,4
48749,14
48750,1
48751,13
48752,6
48753,6
48754,19
48755,6
48756,10
48757,5
48758,19
48759,14
48760,17
48761,7
48762,19
48763,9
48764,17
48765,1
48766,21
48767,3
48768,13
48769,19
48770,16
48771,12
48772,3
48773,3
48774,5
48775,23
48776,7
48777,2
48778,6
48779,20
48780,3
48781,1
48782,13
48783,0
48784,13
48785,10
48786,0
48787,4
48788,9
48789,18
48790,10
48791,18
48792,11
48793,14
48794,8
48795,13
48796,0
48797,3
48798,23
48799,11
48800,5
48801,15
48802,1
48803,7
48804,14
48805,11
48806,16
48807,5
48808,4
48809,7
48810,22
48811,5
48812,6
48813,8
48814,7
48815,4
48816,17
48817,7
48818,16
48819,1
48820,15
48821,16
48822,14
48823,17
48824,15
48825,12
48826,8
48827,4
48828,13
48829,6
48830,17
48831,0
48832,19
48833,7
48834,12
48835,18
48836,14
48837,19
48838,7
48839,11
48840,15
48841,5
48842,13
48843,15
48844,3
48845,4
48846,14
48847,7
48848,11
48849,16
48850,10
48851,8
48852,19
48853,4
48854,1
48855,8
48856,20
48857,10
48858,6
48859,12
48860,0
48861,15
48862,7
48863,17
48864,13
48865,0
48866,6
48867,17
48868,14
48869,1
48870,5
48871,22
48872,17
48873,13
48874,13
48875,22
48876,8
48877,6
48878,15
48879,0
48880,18
48881,22
48882,0
48883,12
48884,3
48885,23
48886,19
48887,16
48888,9
48889,7
48890,17
48891,12
48892,19
48893,3
48894,3
48895,7
48896,14
48897,4
48898,1
48899,15
48900,19
48901,13
48902,21
48903,18
48904,9
48905,6
48906,16
48907,12
48908,4
48909,11
48910,15
48911,13
48912,17
48913,19
48914,15
48915,17
48916,13
48917,13
48918,22
48919,5
48920,18
48921,22
48922,14
48923,17
48924,6
48925,19
48926,19
48927,1
48928,14
48929,12
48930,23
48931,13
48932,14
48933,11
48934,6
48935,1
48936,7
48937,6
48938,6
48939,6
48940,10
48941,15
48942,6
48943,21
48944,16
48945,0
48946,5
48947,1
48948,13
48949,3
48950,14
48951,4
48952,10
48953,0
48954,11
48955,1
48956,5
48957,5
48958,1
48959,6
48960,11
48961,8
48962,10
48963,1
48964,4
48965,22
48966,7
48967,13
48968,21
48969,11
48970,7
48971,7
48972,21
48973,13
48974,17
48975,7
48976,11
48977,19
48978,13
48979,7
48980,8
48981,22
48982,21
48983,14
48984,0
48985,11
48986,19
48987,4
48988,6
48989,1
48990,6
48991,20
48992,0
48993,2
48994,20
48995,19
48996,21
48997,18
48998,21
48999,15
49000,19
49001,17
49002,11
49003,6
49004,14
49005,7
49006,23
49007,14
49008,7
49009,14
49010,1
49011,17
49012,6
49013,11
49014,10
49015,0
49016,5
49017,15
49018,1
49019,4
49020,7
49021,14
49022,8
49023,1
49024,8
49025,8
49026,23
49027,23
49028,15
49029,3
49030,0
49031,17
49032,5
49033,7
49034,2
49035,15
49036,16
49037,6
49038,14
49039,13
49040,6
49041,15
49042,7
49043,21
49044,20
49045,22
49046,21
49047,4
49048,8
49049,5
49050,11
49051,13
49052,18
49053,12
49054,1
49055,23
49056,1
49057,21
49058,15
49059,1
49060,18
49061,20
49062,14
49063,15
49064,22
49065,14
49066,19
49067,21
49068,22
49069,11
49070,10
49071,0
49072,14
49073,12
49074,23
49075,18
49076,1
49077,4
49078,10
49079,15
49080,0
49081,16
49082,10
49083,16
49084,1
49085,7
49086,19
49087,22
49088,15
49089,15
49090,19
49091,15
49092,15
49093,15
49094,4
49095,1
49096,20
49097,3
49098,23
49099,7
49100,4
49101,7
49102,5
49103,19
49104,19
49105,13
49106,7
49107,13
49108,5
49109,23
49110,1
49111,14
49112,7
49113,8
49114,5
49115,22
49116,23
49117,1
49118,8
49119,12
49120,7
49121,17
49122,11
49123,13
49124,7
49125,19
49126,15
49127,9
49128,15
49129,20
49130,1
49131,8
49132,19
49133,7
49134,15
49135,0
49136,7
49137,15
49138,13
49139,8
49140,22
49141,10
49142,13
49143,22
49144,11
49145,7
49146,22
49147,4
49148,16
49149,7
49150,7
49151,21
49152,11
49153,5
49154,15
49155,0
49156,1
49157,11
49158,16
49159,5
49160,5
49161,15
49162,0
49163,18
49164,15
49165,4
49166,12
49167,15
49168,18
49169,5
49170,15
49171,8
49172,4
49173,19
49174,0
49175,5
49176,6
49177,7
49178,8
49179,12
49180,7
49181,23
49182,21
49183,11
49184,13
49185,15
49186,12
49187,18
49188,19
49189,23
49190,6
49191,2
49192,7
49193,11
49194,10
49195,8
49196,10
49197,15
49198,7
49199,15
49200,6
49201,6
49202,21
49203,7
49204,8
49205,5
49206,1
49207,21
49208,6
49209,20
49210,23
49211,7
49212,15
49213,1
49214,14
49215,10
49216,11
49217,12
49218,10
49219,20
49220,1
49221,7
49222,7
49223,5
49224,0
49225,7
49226,19
49227,21
49228,15
49229,10
49230,6
49231,7
49232,9
49233,18
49234,3
49235,12
49236,15
49237,0
49238,13
49239,11
49240,21
49241,23
49242,8
49243,6
49244,3
49245,22
49246,17
49247,1
49248,6
49249,10
49250,23
49251,18
49252,11
49253,20
49254,19
49255,19
49256,22
49257,5
49258,6
49259,18
49260,18
49261,4
49262,12
49263,8
49264,15
49265,0
49266,12
49267,14
49268,15
49269,3
49270,0
49271,4
49272,19
49273,1
49274,22
49275,19
49276,14
49277,13
49278,17
49279,10
49280,7
49281,15
49282,1
49283,8
49284,3
49285,18
49286,5
49287,13
49288,18
49289,17
49290,9
49291,22
49292,1
49293,9
49294,7
49295,21
49296,4
49297,23
49298,13
49299,6
49300,5
49301,23
49302,13
49303,2
49304,6
49305,22
49306,9
49307,6
49308,16
49309,5
49310,19
49311,6
49312,19
49313,17
49314,7
49315,6
49316,0
49317,15
49318,15
49319,18
49320,6
49321,13
49322,19
49323,8
49324,22
49325,4
49326,20
49327,5
49328,15
49329,4
49330,12
49331,13
49332,6
49333,15
49334,1
49335,20
49336,1
49337,15
49338,19
49339,9
49340,16
49341,3
49342,10
49343,19
49344,17
49345,7
49346,4
49347,10
49348,15
49349,11
49350,6
49351,6
49352,18
49353,19
49354,1
49355,16
49356,13
49357,7
49358,8
49359,16
49360,5
49361,6
49362,9
49363,1
49364,23
49365,15
49366,16
49367,0
49368,23
49369,10
49370,1
49371,20
49372,9
49373,7
49374,3
49375,1
49376,6
49377,11
49378,22
49379,1
49380,0
49381,22
49382,0
49383,1
49384,18
49385,11
49386,22
49387,20
49388,12
49389,13
49390,8
49391,23
49392,20
49393,2
49394,1
49395,7
49396,3
49397,14
49398,1
49399,19
49400,13
49401,4
49402,2
49403,14
49404,1
49405,19
49406,22
49407,23
49408,14
49409,13
49410,8
49411,1
49412,13
49413,5
49414,15
49415,17
49416,17
49417,13
49418,4
49419,7
49420,7
49421,10
49422,4
49423,12
49424,20
49425,3
49426,19
49427,13
49428,21
49429,13
49430,7
49431,5
49432,4
49433,11
49434,12
49435,6
49436,7
49437,9
49438,12
49439,3
49440,3
49441,15
49442,7
49443,13
49444,9
49445,20
49446,22
49447,17
49448,19
49449,7
49450,23
49451,3
49452,4
49453,17
49454,5
49455,5
49456,4
49457,18
49458,8
49459,21
49460,19
49461,17
49462,13
49463,7
49464,0
49465,21
49466,12
49467,15
49468,1
49469,11
49470,10
49471,11
49472,22
49473,14
49474,7
49475,6
49476,15
49477,16
49478,15
49479,1
49480,17
49481,22
49482,20
49483,8
49484,5
49485,3
49486,11
49487,15
49488,21
49489,7
49490,7
49491,20
49492,15
49493,0
49494,10
49495,19
49496,8
49497,13
49498,13
49499,22
49500,10
49501,15
49502,5
49503,21
49504,3
49505,19
49506,12
49507,0
49508,14
49509,0
49510,7
49511,17
49512,13
49513,21
49514,12
49515,4
49516,12
49517,9
49518,11
49519,4
49520,4
49521,18
49522,8
49523,17
49524,16
49525,10
49526,10
49527,1
49528,11
49529,12
49530,4
49531,4
49532,4
49533,18
49534,7
49535,13
49536,22
49537,18
49538,11
49539,21
49540,22
49541,13
49542,6
49543,3
49544,12
49545,11
49546,0
49547,11
49548,21
49549,19
49550,15
49551,6
49552,4
49553,4
49554,1
49555,13
49556,7
49557,8
49558,12
49559,18
49560,10
49561,2
49562,23
49563,5
49564,19
49565,10
49566,1
49567,15
49568,17
49569,5
49570,22
49571,8
49572,18
49573,7
49574,9
49575,3
49576,5
49577,9
49578,6
49579,23
49580,19
49581,7
49582,13
49583,16
49584,19
49585,15
49586,17
49587,15
49588,16
49589,11
49590,12
49591,19
49592,21
49593,1
49594,22
49595,8
49596,8
49597,6
49598,14
49599,23
49600,12
49601,19
49602,13
49603,21
49604,5
49605,15
49606,10
49607,12
49608,17
49609,7
49610,15
49611,10
49612,8
49613,0
49614,15
49615,5
49616,7
49617,20
49618,9
49619,9
49620,5
49621,14
49622,5
49623,11
49624,19
49625,16
49626,13
49627,12
49628,10
49629,13
49630,19
49631,7
49632,9
49633,13
49634,10
49635,1
49636,8
49637,19
49638,6
49639,10
49640,4
49641,23
49642,15
49643,4
49644,6
49645,9
49646,7
49647,5
49648,3
49649,0
49650,1
49651,3
49652,10
49653,18
49654,4
49655,13
49656,8
49657,1
49658,4
49659,4
49660,1
49661,19
49662,4
49663,0
49664,14
49665,15
49666,7
49667,16
49668,0
49669,0
49670,13
49671,13
49672,12
49673,3
49674,10
49675,3
49676,4
49677,11
49678,12
49679,9
49680,14
49681,0
49682,8
49683,11
49684,18
49685,17
49686,0
49687,8
49688,17
49689,22
49690,9
49691,8
49692,6
49693,6
49694,2
49695,13
49696,11
49697,12
49698,5
49699,14
49700,16
49701,7
49702,11
49703,18
49704,7
49705,17
49706,8
49707,9
49708,4
49709,21
49710,5
49711,11
49712,6
49713,20
49714,4
49715,4
49716,0
49717,16
49718,13
49719,14
49720,20
49721,13
49722,6
49723,22
49724,7
49725,12
49726,4
49727,4
49728,23
49729,19
49730,11
49731,18
49732,12
49733,13
49734,15
49735,17
49736,15
49737,17
49738,9
49739,1
49740,19
49741,9
49742,5
49743,4
49744,19
49745,18
49746,22
49747,1
49748,17
49749,9
49750,13
49751,19
49752,21
49753,3
49754,19
49755,5
49756,15
49757,7
49758,19
49759,8
49760,20
49761,16
49762,7
49763,17
49764,7
49765,4
49766,21
49767,19
49768,17
49769,17
49770,11
49771,22
49772,13
49773,13
49774,6
49775,3
49776,11
49777,10
49778,13
49779,4
49780,17
49781,1
49782,22
49783,7
49784,20
49785,13
49786,21
49787,8
49788,13
49789,18
49790,4
49791,8
49792,8
49793,11
49794,0
49795,0
49796,2
49797,15
49798,17
49799,3
49800,9
49801,15
49802,7
49803,19
49804,3
49805,7
49806,15
49807,4
49808,4
49809,21
49810,17
49811,13
49812,4
49813,11
49814,7
49815,22
49816,4
49817,1
49818,0
49819,3
49820,1
49821,12
49822,19
49823,4
49824,14
49825,13
49826,1
49827,12
49828,12
49829,21
49830,7
49831,14
49832,6
49833,21
49834,15
49835,4
49836,15
49837,10
49838,12
49839,15
49840,5
49841,22
49842,6
49843,1
49844,21
49845,3
49846,1
49847,23
49848,13
49849,6
49850,10
49851,17
49852,18
49853,23
49854,10
49855,7
49856,7
49857,17
49858,10
49859,15
49860,3
49861,1
49862,20
49863,15
49864,7
49865,23
49866,23
49867,2
49868,1
49869,12
49870,19
49871,14
49872,4
49873,8
49874,21
49875,14
49876,22
49877,14
49878,0
49879,16
49880,3
49881,3
49882,18
49883,8
49884,17
49885,0
49886,6
49887,19
49888,10
49889,4
49890,5
49891,10
49892,15
49893,1
49894,1
49895,22
49896,15
49897,4
49898,5
49899,0
49900,13
49901,0
49902,23
49903,20
49904,16
49905,11
49906,10
49907,12
49908,5
49909,1
49910,18
49911,3
49912,0
49913,3
49914,14
49915,11
49916,22
49917,16
49918,6
49919,0
49920,8
49921,5
49922,16
49923,11
49924,4
49925,22
49926,6
49927,21
49928,4
49929,22
49930,13
49931,2
49932,22
49933,3
49934,22
49935,0
49936,10
49937,16
49938,1
49939,6
49940,17
49941,7
49942,7
49943,14
49944,20
49945,22
49946,14
49947,3
49948,20
49949,0
49950,7
49951,9
49952,5
49953,1
49954,13
49955,15
49956,7
49957,5
49958,4
49959,17
49960,3
49961,10
49962,13
49963,20
49964,0
49965,1
49966,22
49967,14
49968,5
49969,4
49970,5
49971,23
49972,19
49973,15
49974,0
49975,0
49976,20
49977,22
49978,12
49979,15
49980,22
49981,8
49982,15
49983,21
49984,7
49985,20
49986,10
49987,23
49988,0
49989,5
49990,15
49991,8
49992,8
49993,16
49994,8
49995,22
49996,16
49997,6
49998,22
49999,3
50000,11
50001,15
50002,13
50003,5
50004,15
50005,10
50006,13
50007,17
50008,15
50009,17
50010,21
50011,9
50012,12
50013,5
50014,4
50015,20
50016,23
50017,22
50018,6
50019,23
50020,14
50021,3
50022,1
50023,22
50024,3
50025,7
50026,4
50027,15
50028,11
50029,12
50030,13
50031,8
50032,1
50033,16
50034,20
50035,19
50036,15
50037,15
50038,1
50039,13
50040,15
50041,19
50042,18
50043,3
50044,6
50045,8
50046,3
50047,4
50048,4
50049,22
50050,15
50051,16
50052,22
50053,21
50054,15
50055,18
50056,15
50057,3
50058,19
50059,22
50060,2
50061,13
50062,10
50063,22
50064,14
50065,10
50066,16
50067,22
50068,13
50069,18
50070,10
50071,10
50072,13
50073,12
50074,22
50075,8
50076,7
50077,19
50078,11
50079,19
50080,3
50081,7
50082,7
50083,5
50084,21
50085,4
50086,7
50087,20
50088,4
50089,22
50090,15
50091,1
50092,6
50093,21
50094,7
50095,18
50096,17
50097,7
50098,17
50099,21
50100,16
50101,17
50102,13
50103,6
50104,4
50105,14
50106,7
50107,7
50108,7
50109,7
50110,14
50111,21
50112,9
50113,6
50114,13
50115,15
50116,19
50117,7
50118,4
50119,6
50120,0
50121,23
50122,15
50123,4
50124,7
50125,7
50126,21
50127,15
50128,12
50129,16
50130,15
50131,4
50132,9
50133,21
50134,22
50135,1
50136,8
50137,15
50138,7
50139,23
50140,12
50141,4
50142,6
50143,12
50144,21
50145,7
50146,7
50147,7
50148,14
50149,19
50150,10
50151,1
50152,4
50153,7
50154,13
50155,7
50156,7
50157,22
50158,14
50159,9
50160,7
50161,8
50162,17
50163,6
50164,9
50165,17
50166,22
50167,19
50168,19
50169,11
50170,9
50171,17
50172,11
50173,9
50174,22
50175,1
50176,13
50177,22
50178,22
50179,7
50180,18
50181,14
50182,15
50183,4
50184,18
50185,7
50186,1
50187,17
50188,7
50189,0
50190,7
50191,0
50192,7
50193,5
50194,4
50195,21
50196,14
50197,19
50198,5
50199,21
50200,9
50201,15
50202,6
50203,21
50204,6
50205,7
50206,13
50207,4
50208,13
50209,22
50210,7
50211,13
50212,19
50213,10
50214,1
50215,22
50216,14
50217,21
50218,15
50219,16
50220,22
50221,1
50222,5
50223,5
50224,16
50225,14
50226,7
50227,16
50228,18
50229,7
50230,6
50231,4
50232,8
50233,1
50234,5
50235,11
50236,20
50237,11
50238,9
50239,7
50240,4
50241,20
50242,17
50243,4
50244,13
50245,11
50246,17
50247,9
50248,17
50249,22
50250,22
50251,6
50252,7
50253,3
50254,23
50255,16
50256,13
50257,14
50258,7
50259,6
50260,14
50261,20
50262,6
50263,7
50264,11
50265,12
50266,21
50267,4
50268,0
50269,23
50270,11
50271,23
50272,13
50273,21
50274,19
50275,0
50276,22
50277,17
50278,19
50279,16
50280,4
50281,13
50282,9
50283,13
50284,14
50285,3
50286,15
50287,1
50288,4
50289,13
50290,19
50291,16
50292,15
50293,23
50294,4
50295,17
50296,21
50297,16
50298,11
50299,1
50300,3
50301,19
50302,23
50303,15
50304,8
50305,0
50306,17
50307,7
50308,11
50309,3
50310,22
50311,14
50312,4
50313,15
50314,12
50315,17
50316,4
50317,6
50318,7
50319,11
50320,4
50321,7
50322,13
50323,14
50324,7
50325,19
50326,4
50327,1
50328,15
50329,4
50330,23
50331,9
50332,22
50333,12
50334,7
50335,17
50336,8
50337,7
50338,16
50339,12
50340,14
50341,9
50342,4
50343,10
50344,13
50345,11
50346,16
50347,7
50348,20
50349,11
50350,7
50351,12
50352,19
50353,22
50354,21
50355,15
50356,17
50357,14
50358,7
50359,12
50360,15
50361,14
50362,12
50363,0
50364,9
50365,1
50366,17
50367,4
50368,1
50369,21
50370,17
50371,0
50372,17
50373,17
50374,4
50375,19
50376,18
50377,9
50378,17
50379,21
50380,6
50381,7
50382,6
50383,6
50384,19
50385,9
50386,4
50387,18
50388,0
50389,14
50390,16
50391,13
50392,23
50393,9
50394,9
50395,1
50396,7
50397,0
50398,13
50399,21
50400,15
50401,0
50402,7
50403,13
50404,10
50405,13
50406,10
50407,7
50408,20
50409,17
50410,4
50411,10
50412,15
50413,15
50414,17
50415,7
50416,10
50417,7
50418,18
50419,7
50420,8
50421,1
50422,5
50423,7
50424,7
50425,6
50426,4
50427,6
50428,15
50429,20
50430,8
50431,22
50432,14
50433,23
50434,15
50435,7
50436,23
50437,17
50438,0
50439,15
50440,7
50441,7
50442,23
50443,5
50444,10
50445,19
50446,18
50447,4
50448,1
50449,4
50450,3
50451,7
50452,21
50453,16
50454,7
50455,7
50456,17
50457,3
50458,16
50459,6
50460,7
50461,23
50462,9
50463,13
50464,7
50465,12
50466,7
50467,23
50468,11
50469,4
50470,19
50471,7
50472,11
50473,13
50474,8
50475,15
50476,17
50477,14
50478,12
50479,14
50480,19
50481,22
50482,0
50483,7
50484,11
50485,4
50486,4
50487,7
50488,7
50489,12
50490,19
50491,23
50492,21
50493,16
50494,9
50495,20
50496,15
50497,4
50498,17
50499,15
50500,1
50501,19
50502,7
50503,10
50504,0
50505,3
50506,13
50507,8
50508,14
50509,22
50510,3
50511,7
50512,15
50513,22
50514,23
50515,12
50516,4
50517,2
50518,8
50519,8
50520,7
50521,17
50522,15
50523,7
50524,19
50525,1
50526,8
50527,19
50528,17
50529,16
50530,6
50531,16
50532,13
50533,0
50534,4
50535,12
50536,0
50537,11
50538,17
50539,15
50540,15
50541,6
50542,11
50543,7
50544,23
50545,6
50546,7
50547,6
50548,16
50549,23
50550,13
50551,13
50552,3
50553,21
50554,4
50555,19
50556,1
50557,4
50558,19
50559,22
50560,4
50561,18
50562,4
50563,4
50564,23
50565,3
50566,23
50567,16
50568,19
50569,19
50570,20
50571,15
50572,13
50573,19
50574,14
50575,17
50576,4
50577,13
50578,17
50579,11
50580,15
50581,1
50582,7
50583,11
50584,21
50585,21
50586,9
50587,1
50588,12
50589,21
50590,15
50591,4
50592,17
50593,15
50594,10
50595,11
50596,19
50597,19
50598,16
50599,6
50600,4
50601,15
50602,18
50603,19
50604,23
50605,14
50606,4
50607,20
50608,7
50609,16
50610,7
50611,12
50612,14
50613,19
50614,4
50615,23
50616,2
50617,23
50618,0
50619,4
50620,7
50621,9
50622,1
50623,13
50624,22
50625,7
50626,1
50627,7
50628,8
50629,19
50630,2
50631,13
50632,7
50633,20
50634,22
50635,16
50636,9
50637,10
50638,21
50639,18
50640,9
50641,2
50642,15
50643,6
50644,14
50645,7
50646,19
50647,11
50648,5
50649,7
50650,10
50651,12
50652,7
50653,4
50654,1
50655,15
50656,17
50657,7
50658,1
50659,2
50660,19
50661,7
50662,7
50663,17
50664,7
50665,22
50666,16
50667,19
50668,22
50669,4
50670,9
50671,0
50672,11
50673,10
50674,21
50675,15
50676,12
50677,1
50678,4
50679,22
50680,10
50681,12
50682,2
50683,10
50684,10
50685,11
50686,16
50687,22
50688,13
50689,4
50690,7
50691,19
50692,5
50693,13
50694,23
50695,23
50696,23
50697,5
50698,17
50699,15
50700,17
50701,22
50702,16
50703,9
50704,1
50705,1
50706,23
50707,18
50708,5
50709,16
50710,11
50711,19
50712,5
50713,21
50714,13
50715,12
50716,8
50717,4
50718,7
50719,20
50720,14
50721,13
50722,11
50723,22
50724,20
50725,20
50726,21
50727,11
50728,6
50729,15
50730,7
50731,15
50732,11
50733,19
50734,22
50735,0
50736,4
50737,21
50738,0
50739,7
50740,6
50741,13
50742,17
50743,13
50744,1
50745,17
50746,4
50747,0
50748,17
50749,1
50750,0
50751,7
50752,15
50753,17
50754,19
50755,13
50756,20
50757,19
50758,22
50759,17
50760,7
50761,15
50762,6
50763,10
50764,7
50765,19
50766,4
50767,12
50768,6
50769,4
50770,20
50771,9
50772,11
50773,8
50774,7
50775,0
50776,14
50777,3
50778,13
50779,23
50780,22
50781,19
50782,19
50783,14
50784,6
50785,15
50786,13
50787,6
50788,9
50789,11
50790,23
50791,19
50792,4
50793,9
50794,4
50795,7
50796,16
50797,7
50798,19
50799,13
50800,17
50801,19
50802,21
50803,4
50804,17
50805,20
50806,22
50807,0
50808,23
50809,0
50810,4
50811,5
50812,17
50813,22
50814,7
50815,17
50816,19
50817,18
50818,18
50819,21
50820,7
50821,17
50822,6
50823,8
50824,8
50825,1
50826,20
50827,9
50828,19
50829,6
50830,18
50831,17
50832,12
50833,3
50834,17
50835,8
50836,16
50837,7
50838,14
50839,23
50840,0
50841,1
50842,9
50843,4
50844,7
50845,15
50846,3
50847,6
50848,22
50849,4
50850,13
50851,19
50852,10
50853,14
50854,10
50855,6
50856,12
50857,15
50858,20
50859,7
50860,23
50861,15
50862,13
50863,18
50864,0
50865,3
50866,0
50867,11
50868,8
50869,12
50870,15
50871,5
50872,7
50873,15
50874,4
50875,17
50876,19
50877,3
50878,4
50879,1
50880,5
50881,12
50882,17
50883,7
50884,20
50885,6
50886,15
50887,6
50888,14
50889,0
50890,12
50891,15
50892,6
50893,19
50894,6
50895,21
50896,3
50897,14
50898,9
50899,9
50900,4
50901,17
50902,15
50903,5
50904,6
50905,12
50906,21
50907,1
50908,15
50909,10
50910,9
50911,19
50912,15
50913,6
50914,13
50915,4
50916,7
50917,19
50918,10
50919,3
50920,13
50921,7
50922,10
50923,10
50924,13
50925,9
50926,22
50927,6
50928,6
50929,1
50930,0
50931,17
50932,15
50933,15
50934,6
50935,17
50936,12
50937,19
50938,3
50939,5
50940,12
50941,22
50942,17
50943,5
50944,11
50945,3
50946,5
50947,10
50948,4
50949,13
50950,9
50951,1
50952,16
50953,20
50954,0
50955,12
50956,1
50957,17
50958,1
50959,10
50960,9
50961,3
50962,18
50963,12
50964,23
50965,12
50966,22
50967,15
50968,0
50969,22
50970,13
50971,12
50972,8
50973,16
50974,10
50975,5
50976,14
50977,14
50978,3
50979,6
50980,10
50981,15
50982,22
50983,7
50984,12
50985,15
50986,18
50987,7
50988,1
50989,15
50990,0
50991,14
50992,9
50993,19
50994,4
50995,21
50996,12
50997,11
50998,19
50999,1
51000,4
51001,20
51002,4
51003,11
51004,16
51005,12
51006,8
51007,9
51008,5
51009,0
51010,13
51011,22
51012,5
51013,15
51014,8
51015,14
51016,12
51017,5
51018,10
51019,4
51020,19
51021,13
51022,10
51023,21
51024,6
51025,3
51026,1
51027,19
51028,20
51029,12
51030,4
51031,21
51032,1
51033,17
51034,8
51035,11
51036,22
51037,4
51038,4
51039,19
51040,21
51041,0
51042,22
51043,1
51044,8
51045,3
51046,18
51047,7
51048,4
51049,3
51050,7
51051,14
51052,5
51053,23
51054,10
51055,13
51056,21
51057,12
51058,21
51059,7
51060,19
51061,7
51062,1
51063,22
51064,17
51065,0
51066,1
51067,6
51068,9
51069,7
51070,7
51071,15
51072,22
51073,19
51074,8
51075,13
51076,15
51077,23
51078,18
51079,11
51080,4
51081,17
51082,22
51083,12
51084,9
51085,13
51086,4
51087,4
51088,3
51089,19
51090,16
51091,5
51092,10
51093,21
51094,21
51095,21
51096,21
51097,10
51098,10
51099,17
51100,6
51101,7
51102,9
51103,4
51104,21
51105,10
51106,6
51107,17
51108,22
51109,15
51110,21
51111,23
51112,1
51113,12
51114,20
51115,22
51116,4
51117,6
51118,13
51119,7
51120,19
51121,14
51122,1
51123,19
51124,21
51125,19
51126,9
51127,1
51128,6
51129,17
51130,4
51131,19
51132,7
51133,18
51134,5
51135,19
51136,7
51137,12
51138,4
51139,13
51140,12
51141,4
51142,0
51143,9
51144,0
51145,16
51146,4
51147,3
51148,0
51149,9
51150,1
51151,12
51152,1
51153,10
51154,13
51155,9
51156,18
51157,4
51158,23
51159,18
51160,15
51161,10
51162,7
51163,13
51164,1
51165,20
51166,11
51167,4
51168,14
51169,1
51170,22
51171,9
51172,9
51173,7
51174,7
51175,17
51176,7
51177,9
51178,12
51179,5
51180,1
51181,15
51182,7
51183,1
51184,16
51185,6
51186,22
51187,8
51188,7
51189,1
51190,21
51191,17
51192,18
51193,12
51194,16
51195,2
51196,4
51197,9
51198,4
51199,11
51200,6
51201,11
51202,8
51203,19
51204,8
51205,21
51206,18
51207,15
51208,10
51209,6
51210,14
51211,16
51212,8
51213,7
51214,0
51215,5
51216,15
51217,18
51218,17
51219,4
51220,19
51221,17
51222,14
51223,1
51224,8
51225,5
51226,5
51227,15
51228,19
51229,0
51230,5
51231,20
51232,23
51233,3
51234,17
51235,11
51236,4
51237,1
51238,6
51239,21
51240,7
51241,6
51242,15
51243,1
51244,6
51245,4
51246,11
51247,8
51248,23
51249,13
51250,5
51251,14
51252,2
51253,16
51254,7
51255,15
51256,14
51257,6
51258,19
51259,12
51260,0
51261,11
51262,8
51263,4
51264,11
51265,18
51266,0
51267,5
51268,4
51269,4
51270,7
51271,14
51272,3
51273,18
51274,14
51275,20
51276,6
51277,15
51278,9
51279,11
51280,13
51281,1
51282,1
51283,12
51284,3
51285,21
51286,0
51287,9
51288,22
51289,17
51290,19
51291,7
51292,19
51293,19
51294,0
51295,0
51296,16
51297,20
51298,4
51299,19
51300,22
51301,20
51302,22
51303,20
51304,0
51305,6
51306,4
51307,15
51308,1
51309,21
51310,7
51311,21
51312,17
51313,13
51314,4
51315,18
51316,16
51317,4
51318,5
51319,0
51320,17
51321,11
51322,10
51323,5
51324,11
51325,16
51326,17
51327,4
51328,17
51329,7
51330,7
51331,19
51332,19
51333,19
51334,17
51335,4
51336,4
51337,12
51338,9
51339,13
51340,1
51341,3
51342,20
51343,13
51344,16
51345,5
51346,15
51347,16
51348,13
51349,13
51350,3
51351,16
51352,7
51353,9
51354,3
51355,8
51356,1
51357,4
51358,7
51359,12
51360,7
51361,4
51362,4
51363,4
51364,19
51365,19
51366,4
51367,11
51368,19
51369,15
51370,18
51371,4
51372,5
51373,4
51374,6
51375,4
51376,16
51377,8
51378,15
51379,23
51380,3
51381,23
51382,7
51383,13
51384,15
51385,7
51386,15
51387,7
51388,4
51389,5
51390,17
51391,15
51392,22
51393,17
51394,0
51395,6
51396,13
51397,8
51398,8
51399,3
51400,3
51401,17
51402,1
51403,10
51404,8
51405,13
51406,0
51407,13
51408,0
51409,7
51410,14
51411,15
51412,17
51413,15
51414,14
51415,14
51416,5
51417,7
51418,7
51419,12
51420,13
51421,4
51422,14
51423,10
51424,2
51425,11
51426,8
51427,20
51428,14
51429,16
51430,1
51431,12
51432,5
51433,4
51434,21
51435,13
51436,22
51437,0
51438,20
51439,22
51440,10
51441,6
51442,22
51443,13
51444,11
51445,14
51446,7
51447,11
51448,22
51449,12
51450,13
51451,13
51452,10
51453,9
51454,7
51455,19
51456,13
51457,23
51458,2
51459,17
51460,15
51461,15
51462,3
51463,0
51464,4
51465,22
51466,7
51467,4
51468,9
51469,7
51470,7
51471,5
51472,16
51473,20
51474,13
51475,15
51476,13
51477,21
51478,6
51479,20
51480,9
51481,8
51482,22
51483,15
51484,4
51485,7
51486,4
51487,6
51488,8
51489,17
51490,22
51491,10
51492,16
51493,7
51494,10
51495,10
51496,7
51497,18
51498,14
51499,5
51500,12
51501,5
51502,7
51503,15
51504,12
51505,23
51506,13
51507,13
51508,7
51509,19
51510,19
51511,7
51512,18
51513,6
51514,7
51515,1
51516,19
51517,11
51518,17
51519,19
51520,20
51521,0
51522,4
51523,17
51524,22
51525,7
51526,9
51527,14
51528,4
51529,0
51530,0
51531,22
51532,7
51533,10
51534,22
51535,22
51536,1
51537,7
51538,10
51539,7
51540,13
51541,11
51542,19
51543,0
51544,8
51545,4
51546,8
51547,19
51548,20
51549,6
51550,20
51551,19
51552,8
51553,4
51554,5
51555,22
51556,12
51557,8
51558,17
51559,22
51560,14
51561,8
51562,15
51563,21
51564,21
51565,5
51566,19
51567,7
51568,11
51569,5
51570,13
51571,16
51572,17
51573,10
51574,15
51575,6
51576,3
51577,13
51578,19
51579,7
51580,23
51581,7
51582,17
51583,9
51584,8
51585,5
51586,19
51587,15
51588,6
51589,5
51590,21
51591,14
51592,21
51593,12
51594,19
51595,5
51596,1
51597,3
51598,0
51599,15
51600,0
51601,22
51602,6
51603,5
51604,7
51605,7
51606,6
51607,23
51608,19
51609,17
51610,7
51611,14
51612,4
51613,5
51614,2
51615,21
51616,10
51617,13
51618,0
51619,22
51620,15
51621,18
51622,11
51623,15
51624,8
51625,1
51626,7
51627,18
51628,13
51629,15
51630,14
51631,11
51632,19
51633,0
51634,1
51635,5
51636,19
51637,7
51638,18
51639,13
51640,16
51641,4
51642,7
51643,13
51644,10
51645,5
51646,15
51647,13
51648,14
51649,17
51650,0
51651,12
51652,13
51653,14
51654,20
51655,17
51656,12
51657,22
51658,20
51659,6
51660,4
51661,19
51662,19
51663,12
51664,9
51665,13
51666,22
51667,19
51668,19
51669,22
51670,19
51671,21
51672,20
51673,14
51674,16
51675,0
51676,12
51677,1
51678,10
51679,15
51680,20
51681,7
51682,23
51683,5
51684,6
51685,7
51686,9
51687,19
51688,15
51689,20
51690,1
51691,19
51692,17
51693,13
51694,7
51695,0
51696,0
51697,5
51698,8
51699,1
51700,7
51701,15
51702,1
51703,16
51704,19
51705,8
51706,8
51707,22
51708,9
51709,0
51710,7
51711,21
51712,7
51713,11
51714,21
51715,19
51716,13
51717,13
51718,16
51719,18
51720,19
51721,10
51722,17
51723,5
51724,17
51725,21
51726,7
51727,1
51728,9
51729,1
51730,9
51731,13
51732,13
51733,4
51734,14
51735,11
51736,17
51737,12
51738,11
51739,12
51740,13
51741,6
51742,23
51743,17
51744,9
51745,17
51746,8
51747,13
51748,16
51749,15
51750,23
51751,23
51752,13
51753,11
51754,10
51755,23
51756,3
51757,7
51758,13
51759,15
51760,19
51761,9
51762,10
51763,1
51764,23
51765,15
51766,8
51767,23
51768,4
51769,4
51770,4
51771,5
51772,1
51773,22
51774,11
51775,14
51776,10
51777,21
51778,15
51779,6
51780,14
51781,4
51782,15
51783,22
51784,1
51785,10
51786,19
51787,20
51788,4
51789,15
51790,4
51791,6
51792,14
51793,0
51794,7
51795,13
51796,13
51797,15
51798,1
51799,15
51800,18
51801,5
51802,17
51803,13
51804,7
51805,0
51806,17
51807,23
51808,1
51809,18
51810,12
51811,12
51812,6
51813,5
51814,21
51815,13
51816,0
51817,4
51818,19
51819,16
51820,15
51821,19
51822,17
51823,12
51824,18
51825,15
51826,11
51827,22
51828,3
51829,9
51830,7
51831,6
51832,19
51833,22
51834,14
51835,5
51836,7
51837,13
51838,5
51839,12
51840,4
51841,11
51842,13
51843,14
51844,4
51845,17
51846,9
51847,7
51848,1
51849,15
51850,13
51851,5
51852,18
51853,12
51854,11
51855,8
51856,15
51857,4
51858,7
51859,13
51860,4
51861,6
51862,6
51863,18
51864,4
51865,20
51866,1
51867,18
51868,10
51869,16
51870,15
51871,6
51872,10
51873,9
51874,5
51875,21
51876,20
51877,8
51878,7
51879,19
51880,6
51881,13
51882,1
51883,21
51884,17
51885,13
51886,3
51887,18
51888,23
51889,3
51890,11
51891,5
51892,9
51893,13
51894,1
51895,7
51896,15
51897,6
51898,1
51899,9
51900,5
51901,7
51902,13
51903,15
51904,5
51905,21
51906,6
51907,15
51908,3
51909,13
51910,6
51911,10
51912,14
51913,15
51914,18
51915,20
51916,5
51917,4
51918,13
51919,3
51920,12
51921,9
51922,7
51923,3
51924,17
51925,7
51926,0
51927,16
51928,8
51929,4
51930,15
51931,1
51932,3
51933,0
51934,22
51935,13
51936,19
51937,13
51938,3
51939,6
51940,4
51941,12
51942,22
51943,17
51944,5
51945,13
51946,5
51947,19
51948,4
51949,7
51950,20
51951,0
51952,7
51953,20
51954,15
51955,11
51956,19
51957,7
51958,5
51959,7
51960,19
51961,4
51962,15
51963,21
51964,18
51965,19
51966,6
51967,1
51968,17
51969,11
51970,12
51971,15
51972,4
51973,3
51974,3
51975,13
51976,6
51977,16
51978,22
51979,21
51980,6
51981,12
51982,7
51983,11
51984,11
51985,15
51986,5
51987,4
51988,18
51989,13
51990,10
51991,7
51992,17
51993,7
51994,22
51995,12
51996,3
51997,0
51998,21
51999,18
52000,7
52001,1
52002,12
52003,3
52004,7
52005,6
52006,11
52007,19
52008,15
52009,7
52010,4
52011,19
52012,22
52013,11
52014,21
52015,4
52016,12
52017,17
52018,6
52019,6
52020,17
52021,7
52022,13
52023,3
52024,6
52025,1
52026,15
52027,19
52028,10
52029,2
52030,13
52031,3
52032,10
52033,21
52034,5
52035,15
52036,0
52037,19
52038,18
52039,21
52040,13
52041,14
52042,19
52043,17
52044,6
52045,22
52046,5
52047,7
52048,0
52049,6
52050,4
52051,16
52052,19
52053,18
52054,21
52055,7
52056,4
52057,23
52058,15
52059,7
52060,7
52061,22
52062,9
52063,18
52064,12
52065,16
52066,10
52067,18
52068,20
52069,1
52070,11
52071,6
52072,11
52073,17
52074,11
52075,6
52076,10
52077,9
52078,7
52079,6
52080,4
52081,15
52082,4
52083,21
52084,15
52085,4
52086,7
52087,21
52088,23
52089,23
52090,17
52091,15
52092,11
52093,22
52094,7
52095,23
52096,15
52097,6
52098,8
52099,16
52100,19
52101,4
52102,8
52103,7
52104,6
52105,23
52106,11
52107,9
52108,3
52109,12
52110,5
52111,15
52112,5
52113,23
52114,5
52115,18
52116,13
52117,12
52118,13
52119,13
52120,5
52121,9
52122,7
52123,1
52124,7
52125,10
52126,15
52127,9
52128,15
52129,0
52130,4
52131,19
52132,7
52133,7
52134,14
52135,1
52136,21
52137,20
52138,12
52139,11
52140,11
52141,17
52142,13
52143,6
52144,6
52145,15
52146,20
52147,15
52148,17
52149,21
52150,11
52151,22
52152,22
52153,7
52154,19
52155,3
52156,0
52157,15
52158,23
52159,3
52160,5
52161,14
52162,16
52163,15
52164,7
52165,22
52166,11
52167,22
52168,0
52169,16
52170,10
52171,6
52172,15
52173,7
52174,5
52175,19
52176,1
52177,18
52178,13
52179,16
52180,7
52181,13
52182,11
52183,22
52184,9
52185,11
52186,8
52187,4
52188,2
52189,8
52190,2
52191,4
52192,15
52193,8
52194,17
52195,5
52196,4
52197,15
52198,5
52199,21
52200,15
52201,0
52202,13
52203,4
52204,22
52205,15
52206,8
52207,1
52208,5
52209,15
52210,15
52211,15
52212,15
52213,5
52214,0
52215,21
52216,21
52217,2
52218,4
52219,19
52220,15
52221,13
52222,6
52223,17
52224,0
52225,13
52226,0
52227,7
52228,8
52229,10
52230,15
52231,5
52232,1
52233,10
52234,5
52235,4
52236,9
52237,12
52238,21
52239,8
52240,18
52241,22
52242,21
52243,15
52244,17
52245,11
52246,19
52247,4
52248,15
52249,10
52250,23
52251,17
52252,21
52253,7
52254,15
52255,20
52256,15
52257,1
52258,7
52259,18
52260,19
52261,18
52262,18
52263,11
52264,4
52265,7
52266,4
52267,5
52268,17
52269,10
52270,3
52271,8
52272,21
52273,1
52274,7
52275,1
52276,7
52277,0
52278,16
52279,11
52280,15
52281,18
52282,13
52283,5
52284,5
52285,3
52286,17
52287,12
52288,12
52289,5
52290,7
52291,15
52292,15
52293,14
52294,17
52295,19
52296,13
52297,15
52298,1
52299,15
52300,1
52301,3
52302,0
52303,18
52304,7
52305,15
52306,17
52307,21
52308,22
52309,13
52310,5
52311,1
52312,9
52313,13
52314,6
52315,5
52316,13
52317,13
52318,14
52319,11
52320,4
52321,8
52322,9
52323,4
52324,9
52325,21
52326,8
52327,13
52328,0
52329,15
52330,21
52331,20
52332,23
52333,21
52334,22
52335,6
52336,11
52337,11
52338,7
52339,17
52340,13
52341,10
52342,5
52343,16
52344,19
52345,19
52346,17
52347,6
52348,22
52349,7
52350,14
52351,6
52352,22
52353,8
52354,20
52355,21
52356,19
52357,19
52358,17
52359,7
52360,15
52361,7
52362,22
52363,14
52364,1
52365,0
52366,6
52367,22
52368,17
52369,14
52370,21
52371,11
52372,13
52373,15
52374,8
52375,15
52376,10
52377,9
52378,15
52379,15
52380,10
52381,9
52382,17
52383,17
52384,4
52385,5
52386,12
52387,0
52388,6
52389,9
52390,7
52391,3
52392,12
52393,19
52394,1
52395,21
52396,7
52397,0
52398,5
52399,1
52400,7
52401,2
52402,9
52403,15
52404,8
52405,15
52406,10
52407,11
52408,16
52409,17
52410,3
52411,6
52412,17
52413,12
52414,19
52415,7
52416,16
52417,13
52418,16
52419,15
52420,18
52421,18
52422,7
52423,7
52424,21
52425,13
52426,16
52427,10
52428,18
52429,1
52430,18
52431,1
52432,5
52433,13
52434,13
52435,13
52436,22
52437,16
52438,4
52439,4
52440,22
52441,13
52442,19
52443,17
52444,21
52445,2
52446,11
52447,10
52448,14
52449,9
52450,17
52451,10
52452,13
52453,17
52454,3
52455,16
52456,1
52457,6
52458,12
52459,7
52460,10
52461,7
52462,13
52463,7
52464,2
52465,20
52466,15
52467,20
52468,15
52469,10
52470,21
52471,22
52472,5
52473,0
52474,0
52475,17
52476,20
52477,4
52478,0
52479,8
52480,6
52481,8
52482,18
52483,7
52484,11
52485,21
52486,0
52487,9
52488,7
52489,1
52490,11
52491,11
52492,5
52493,11
52494,1
52495,4
52496,5
52497,7
52498,13
52499,9
52500,18
52501,1
52502,12
52503,0
52504,21
52505,15
52506,1
52507,18
52508,7
52509,22
52510,21
52511,5
52512,23
52513,6
52514,10
52515,1
52516,13
52517,6
52518,1
52519,19
52520,13
52521,6
52522,7
52523,0
52524,7
52525,10
52526,17
52527,7
52528,17
52529,21
52530,1
52531,15
52532,22
52533,19
52534,4
52535,15
52536,15
52537,7
52538,11
52539,8
52540,23
52541,19
52542,7
52543,1
52544,17
52545,5
52546,7
52547,23
52548,3
52549,19
52550,0
52551,4
52552,12
52553,7
52554,7
52555,7
52556,6
52557,7
52558,19
52559,16
52560,19
52561,4
52562,4
52563,1
52564,17
52565,8
52566,1
52567,10
52568,4
52569,6
52570,22
52571,19
52572,7
52573,19
52574,14
52575,12
52576,1
52577,2
52578,0
52579,0
52580,6
52581,19
52582,23
52583,4
52584,5
52585,20
52586,6
52587,15
52588,16
52589,3
52590,7
52591,7
52592,19
52593,17
52594,13
52595,7
52596,18
52597,5
52598,13
52599,18
52600,4
52601,15
52602,16
52603,13
52604,7
52605,8
52606,7
52607,16
52608,7
52609,7
52610,4
52611,1
52612,23
52613,5
52614,19
52615,19
52616,15
52617,6
52618,7
52619,15
52620,7
52621,20
52622,12
52623,10
52624,9
52625,22
52626,21
52627,23
52628,5
52629,11
52630,15
52631,11
52632,18
52633,12
52634,1
52635,16
52636,20
52637,8
52638,12
52639,1
52640,23
52641,4
52642,16
52643,5
52644,13
52645,1
52646,19
52647,11
52648,7
52649,15
52650,0
52651,2
52652,22
52653,13
52654,22
52655,7
52656,7
52657,7
52658,15
52659,11
52660,4
52661,7
52662,13
52663,17
52664,8
52665,4
52666,7
52667,15
52668,14
52669,6
52670,19
52671,15
52672,18
52673,14
52674,19
52675,11
52676,11
52677,18
52678,10
52679,12
52680,4
52681,13
52682,8
52683,19
52684,13
52685,0
52686,15
52687,21
52688,10
52689,5
52690,21
52691,4
52692,11
52693,13
52694,9
52695,2
52696,5
52697,9
52698,4
52699,16
52700,15
52701,1
52702,17
52703,18
52704,8
52705,15
52706,12
52707,13
52708,13
52709,9
52710,17
52711,19
52712,7
52713,7
52714,21
52715,2
52716,21
52717,13
52718,22
52719,19
52720,7
52721,10
52722,4
52723,23
52724,9
52725,9
52726,19
52727,0
52728,13
52729,13
52730,11
52731,21
52732,5
52733,4
52734,23
52735,5
52736,11
52737,4
52738,1
52739,9
52740,7
52741,23
52742,19
52743,1
52744,4
52745,20
52746,15
52747,15
52748,7
52749,5
52750,1
52751,15
52752,0
52753,7
52754,13
52755,19
52756,15
52757,4
52758,4
52759,15
52760,14
52761,9
52762,15
52763,3
52764,22
52765,8
52766,9
52767,7
52768,8
52769,10
52770,15
52771,14
52772,16
52773,22
52774,23
52775,21
52776,1
52777,4
52778,19
52779,17
52780,14
52781,4
52782,15
52783,17
52784,12
52785,1
52786,19
52787,14
52788,16
52789,15
52790,11
52791,12
52792,18
52793,3
52794,12
52795,0
52796,3
52797,19
52798,7
52799,13
52800,16
52801,12
52802,7
52803,2
52804,16
52805,22
52806,7
52807,11
52808,23
52809,22
52810,22
52811,10
52812,11
52813,10
52814,15
52815,7
52816,8
52817,1
52818,15
52819,17
52820,16
52821,15
52822,0
52823,20
52824,19
52825,7
52826,17
52827,19
52828,21
52829,7
52830,0
52831,20
52832,13
52833,19
52834,10
52835,13
52836,16
52837,1
52838,16
52839,19
52840,22
52841,13
52842,22
52843,22
52844,5
52845,10
52846,14
52847,0
52848,11
52849,12
52850,5
52851,7
52852,5
52853,22
52854,18
52855,23
52856,21
52857,21
52858,12
52859,7
52860,9
52861,22
52862,13
52863,6
52864,13
52865,10
52866,18
52867,22
52868,1
52869,18
52870,15
52871,11
52872,4
52873,13
52874,0
52875,19
52876,21
52877,14
52878,17
52879,23
52880,6
52881,22
52882,10
52883,21
52884,6
52885,7
52886,20
52887,15
52888,3
52889,0
52890,18
52891,18
52892,1
52893,17
52894,0
52895,1
52896,15
52897,5
52898,3
52899,21
52900,21
52901,22
52902,16
52903,6
52904,0
52905,1
52906,13
52907,16
52908,17
52909,1
52910,13
52911,8
52912,1
52913,4
52914,12
52915,6
52916,19
52917,18
52918,10
52919,5
52920,15
52921,9
52922,18
52923,0
52924,19
52925,5
52926,0
52927,5
52928,20
52929,22
52930,5
52931,6
52932,18
52933,11
52934,19
52935,21
52936,17
52937,17
52938,15
52939,6
52940,3
52941,5
52942,3
52943,10
52944,23
52945,12
52946,7
52947,7
52948,1
52949,15
52950,4
52951,0
52952,7
52953,2
52954,7
52955,7
52956,21
52957,10
52958,10
52959,21
52960,9
52961,15
52962,5
52963,7
52964,11
52965,4
52966,4
52967,7
52968,3
52969,23
52970,0
52971,7
52972,9
52973,9
52974,11
52975,20
52976,2
52977,23
52978,18
52979,19
52980,12
52981,17
52982,15
52983,19
52984,1
52985,6
52986,23
52987,22
52988,19
52989,9
52990,7
52991,18
52992,10
52993,19
52994,7
52995,11
52996,5
52997,19
52998,8
52999,7
53000,7
53001,5
53002,23
53003,3
53004,7
53005,3
53006,21
53007,19
53008,21
53009,9
53010,21
53011,10
53012,5
53013,21
53014,8
53015,6
53016,7
53017,1
53018,7
53019,6
53020,12
53021,21
53022,19
53023,6
53024,15
53025,5
53026,18
53027,12
53028,11
53029,18
53030,3
53031,15
53032,10
53033,3
53034,20
53035,1
53036,11
53037,9
53038,0
53039,9
53040,13
53041,19
53042,7
53043,4
53044,15
53045,2
53046,14
53047,17
53048,1
53049,7
53050,11
53051,19
53052,12
53053,7
53054,2
53055,7
53056,22
53057,7
53058,22
53059,22
53060,9
53061,13
53062,11
53063,12
53064,3
53065,3
53066,19
53067,3
53068,19
53069,14
53070,1
53071,10
53072,7
53073,17
53074,6
53075,7
53076,13
53077,13
53078,15
53079,6
53080,11
53081,15
53082,1
53083,16
53084,0
53085,5
53086,8
53087,7
53088,13
53089,7
53090,7
53091,7
53092,9
53093,22
53094,22
53095,22
53096,5
53097,15
53098,19
53099,21
53100,18
53101,16
53102,17
53103,7
53104,4
53105,6
53106,16
53107,21
53108,0
53109,22
53110,15
53111,14
53112,10
53113,23
53114,14
53115,22
53116,5
53117,22
53118,10
53119,1
53120,6
53121,7
53122,17
53123,4
53124,20
53125,19
53126,23
53127,9
53128,22
53129,5
53130,15
53131,4
53132,22
53133,15
53134,2
53135,7
53136,11
53137,9
53138,5
53139,5
53140,1
53141,20
53142,4
53143,21
53144,7
53145,7
53146,23
53147,0
53148,11
53149,11
53150,1
53151,7
53152,9
53153,19
53154,6
53155,3
53156,14
53157,7
53158,5
53159,13
53160,4
53161,4
53162,16
53163,14
53164,19
53165,19
53166,6
53167,0
53168,13
53169,15
53170,4
53171,21
53172,10
53173,13
53174,6
53175,8
53176,22
53177,1
53178,0
53179,19
53180,4
53181,14
53182,4
53183,0
53184,14
53185,21
53186,22
53187,11
53188,17
53189,7
53190,2
53191,15
53192,23
53193,2
53194,19
53195,15
53196,7
53197,13
53198,22
53199,5
53200,23
53201,11
53202,9
53203,9
53204,0
53205,4
53206,7
53207,12
53208,12
53209,8
53210,15
53211,12
53212,6
53213,7
53214,15
53215,20
53216,21
53217,14
53218,7
53219,4
53220,6
53221,7
53222,4
53223,7
53224,6
53225,9
53226,19
53227,9
53228,5
53229,13
53230,12
53231,4
53232,22
53233,20
53234,4
53235,1
53236,0
53237,11
53238,15
53239,7
53240,6
53241,19
53242,20
53243,0
53244,19
53245,15
53246,21
53247,8
53248,9
53249,7
53250,4
53251,0
53252,13
53253,8
53254,12
53255,12
53256,17
53257,6
53258,5
53259,15
53260,3
53261,1
53262,19
53263,10
53264,13
53265,6
53266,17
53267,10
53268,5
53269,9
53270,11
53271,7
53272,7
53273,16
53274,15
53275,2
53276,23
53277,14
53278,13
53279,8
53280,21
53281,4
53282,8
53283,14
53284,7
53285,15
53286,8
53287,7
53288,10
53289,17
53290,5
53291,17
53292,17
53293,15
53294,4
53295,13
53296,13
53297,4
53298,22
53299,21
53300,7
53301,12
53302,5
53303,10
53304,16
53305,4
53306,21
53307,17
53308,2
53309,10
53310,13
53311,8
53312,15
53313,22
53314,12
53315,21
53316,9
53317,10
53318,17
53319,6
53320,13
53321,13
53322,6
53323,11
53324,21
53325,13
53326,6
53327,7
53328,20
53329,19
53330,21
53331,6
53332,11
53333,3
53334,6
53335,0
53336,1
53337,0
53338,21
53339,12
53340,12
53341,22
53342,12
53343,6
53344,13
53345,13
53346,9
53347,3
53348,6
53349,17
53350,9
53351,12
53352,5
53353,7
53354,12
53355,7
53356,17
53357,15
53358,23
53359,15
53360,1
53361,18
53362,22
53363,8
53364,18
53365,17
53366,14
53367,12
53368,1
53369,12
53370,8
53371,7
53372,5
53373,7
53374,9
53375,4
53376,21
53377,19
53378,4
53379,16
53380,0
53381,4
53382,15
53383,3
53384,17
53385,19
53386,15
53387,16
53388,19
53389,12
53390,12
53391,6
53392,11
53393,3
53394,14
53395,21
53396,17
53397,12
53398,15
53399,15
53400,6
53401,5
53402,0
53403,15
53404,13
53405,15
53406,16
53407,0
53408,7
53409,6
53410,1
53411,1
53412,11
53413,13
53414,20
53415,15
53416,22
53417,4
53418,22
53419,0
53420,13
53421,22
53422,22
53423,15
53424,7
53425,7
53426,17
53427,17
53428,3
53429,11
53430,12
53431,15
53432,15
53433,15
53434,7
53435,12
53436,22
53437,22
53438,15
53439,2
53440,7
53441,19
53442,6
53443,18
53444,11
53445,13
53446,7
53447,19
53448,18
53449,17
53450,11
53451,10
53452,7
53453,8
53454,1
53455,18
53456,0
53457,15
53458,12
53459,10
53460,23
53461,14
53462,4
53463,6
53464,4
53465,23
53466,1
53467,14
53468,22
53469,16
53470,23
53471,0
53472,6
53473,13
53474,8
53475,5
53476,7
53477,7
53478,14
53479,6
53480,20
53481,6
53482,13
53483,20
53484,5
53485,22
53486,1
53487,9
53488,6
53489,19
53490,19
53491,11
53492,9
53493,17
53494,11
53495,1
53496,22
53497,22
53498,18
53499,16
53500,18
53501,13
53502,9
53503,8
53504,10
53505,7
53506,1
53507,5
53508,17
53509,20
53510,14
53511,13
53512,19
53513,18
53514,23
53515,17
53516,16
53517,11
53518,13
53519,21
53520,9
53521,11
53522,11
53523,6
53524,7
53525,7
53526,3
53527,8
53528,1
53529,20
53530,17
53531,11
53532,15
53533,15
53534,13
53535,15
53536,16
53537,15
53538,22
53539,4
53540,0
53541,16
53542,21
53543,7
53544,20
53545,10
53546,7
53547,12
53548,13
53549,22
53550,11
53551,7
53552,20
53553,13
53554,8
53555,17
53556,20
53557,4
53558,22
53559,1
53560,18
53561,13
53562,13
53563,14
53564,20
53565,8
53566,19
53567,10
53568,8
53569,11
53570,15
53571,19
53572,10
53573,17
53574,7
53575,5
53576,5
53577,15
53578,7
53579,1
53580,10
53581,12
53582,1
53583,0
53584,13
53585,2
53586,6
53587,5
53588,15
53589,13
53590,8
53591,8
53592,20
53593,5
53594,7
53595,9
53596,1
53597,23
53598,14
53599,23
53600,1
53601,7
53602,18
53603,12
53604,22
53605,15
53606,7
53607,17
53608,22
53609,17
53610,7
53611,8
53612,2
53613,0
53614,19
53615,15
53616,7
53617,7
53618,21
53619,3
53620,17
53621,10
53622,4
53623,9
53624,6
53625,19
53626,5
53627,14
53628,15
53629,14
53630,5
53631,8
53632,22
53633,14
53634,0
53635,12
53636,12
53637,20
53638,6
53639,8
53640,7
53641,21
53642,7
53643,19
53644,1
53645,12
53646,11
53647,18
53648,4
53649,10
53650,21
53651,1
53652,14
53653,20
53654,22
53655,7
53656,15
53657,8
53658,0
53659,12
53660,15
53661,0
53662,11
53663,23
53664,20
53665,20
53666,13
53667,10
53668,7
53669,10
53670,12
53671,23
53672,12
53673,17
53674,1
53675,15
53676,2
53677,2
53678,21
53679,0
53680,17
53681,11
53682,0
53683,15
53684,7
53685,19
53686,23
53687,14
53688,22
53689,22
53690,0
53691,5
53692,13
53693,13
53694,6
53695,14
53696,16
53697,8
53698,3
53699,19
53700,7
53701,5
53702,22
53703,9
53704,19
53705,15
53706,12
53707,4
53708,12
53709,11
53710,7
53711,10
53712,16
53713,4
53714,4
53715,20
53716,1
53717,10
53718,10
53719,4
53720,22
53721,19
53722,19
53723,16
53724,8
53725,4
53726,4
53727,8
53728,0
53729,7
53730,3
53731,9
53732,7
53733,5
53734,4
53735,7
53736,19
53737,13
53738,16
53739,10
53740,1
53741,13
53742,21
53743,6
53744,4
53745,7
53746,5
53747,20
53748,18
53749,3
53750,23
53751,16
53752,7
53753,22
53754,21
53755,18
53756,18
53757,13
53758,13
53759,22
53760,8
53761,7
53762,13
53763,15
53764,14
53765,4
53766,19
53767,20
53768,16
53769,19
53770,22
53771,1
53772,22
53773,15
53774,21
53775,23
53776,12
53777,0
53778,12
53779,4
53780,1
53781,6
53782,7
53783,5
53784,23
53785,1
53786,2
53787,22
53788,5
53789,13
53790,15
53791,5
53792,7
53793,7
53794,22
53795,10
53796,15
53797,5
53798,0
53799,1
53800,1
53801,11
53802,19
53803,9
53804,5
53805,13
53806,1
53807,10
53808,11
53809,5
53810,20
53811,0
53812,3
53813,11
53814,15
53815,21
53816,22
53817,1
53818,21
53819,14
53820,17
53821,14
53822,8
53823,3
53824,10
53825,8
53826,4
53827,8
53828,7
53829,21
53830,17
53831,0
53832,6
53833,7
53834,2
53835,12
53836,15
53837,16
53838,16
53839,8
53840,12
53841,4
53842,10
53843,14
53844,7
53845,18
53846,14
53847,21
53848,8
53849,6
53850,4
53851,0
53852,18
53853,6
53854,16
53855,14
53856,19
53857,23
53858,9
53859,21
53860,13
53861,13
53862,22
53863,1
53864,7
53865,11
53866,11
53867,9
53868,18
53869,13
53870,22
53871,1
53872,6
53873,6
53874,0
53875,7
53876,16
53877,14
53878,16
53879,5
53880,23
53881,17
53882,1
53883,11
53884,1
53885,7
53886,14
53887,1
53888,23
53889,4
53890,9
53891,13
53892,7
53893,8
53894,3
53895,3
53896,11
53897,13
53898,22
53899,12
53900,17
53901,23
53902,9
53903,11
53904,13
53905,8
53906,3
53907,10
53908,10
53909,20
53910,16
53911,4
53912,5
53913,14
53914,7
53915,14
53916,10
53917,6
53918,6
53919,5
53920,0
53921,8
53922,14
53923,20
53924,14
53925,7
53926,8
53927,1
53928,4
53929,22
53930,11
53931,14
53932,17
53933,15
53934,19
53935,1
53936,16
53937,19
53938,13
53939,8
53940,11
53941,9
53942,5
53943,13
53944,5
53945,22
53946,4
53947,5
53948,18
53949,11
53950,13
53951,11
53952,21
53953,10
53954,13
53955,7
53956,23
53957,17
53958,2
53959,19
53960,19
53961,23
53962,6
53963,5
53964,19
53965,19
53966,14
53967,16
53968,5
53969,4
53970,22
53971,22
53972,17
53973,13
53974,12
53975,7
53976,1
53977,19
53978,7
53979,5
53980,1
53981,5
53982,13
53983,19
53984,11
53985,10
53986,20
53987,19
53988,13
53989,18
53990,4
53991,21
53992,1
53993,17
53994,21
53995,14
53996,1
53997,16
53998,19
53999,4
54000,2
54001,13
54002,0
54003,16
54004,18
54005,13
54006,9
54007,4
54008,17
54009,12
54010,4
54011,23
54012,17
54013,22
54014,13
54015,16
54016,18
54017,15
54018,17
54019,12
54020,9
54021,13
54022,10
54023,4
54024,0
54025,13
54026,8
54027,7
54028,6
54029,21
54030,15
54031,1
54032,15
54033,16
54034,21
54035,5
54036,23
54037,4
54038,7
54039,19
54040,7
54041,12
54042,11
54043,7
54044,6
54045,22
54046,1
54047,19
54048,12
54049,12
54050,19
54051,11
54052,22
54053,12
54054,14
54055,22
54056,0
54057,6
54058,13
54059,18
54060,23
54061,6
54062,3
54063,6
54064,21
54065,16
54066,13
54067,18
54068,15
54069,10
54070,13
54071,4
54072,22
54073,7
54074,15
54075,1
54076,23
54077,4
54078,8
54079,22
54080,16
54081,4
54082,14
54083,16
54084,0
54085,11
54086,0
54087,17
54088,23
54089,16
54090,9
54091,11
54092,8
54093,15
54094,16
54095,13
54096,3
54097,13
54098,14
54099,7
54100,11
54101,19
54102,5
54103,16
54104,13
54105,18
54106,16
54107,16
54108,17
54109,7
54110,0
54111,15
54112,15
54113,0
54114,6
54115,4
54116,7
54117,13
54118,13
54119,3
54120,0
54121,15
54122,6
54123,9
54124,15
54125,8
54126,4
54127,3
54128,16
54129,6
54130,7
54131,4
54132,6
54133,16
54134,15
54135,22
54136,15
54137,11
54138,5
54139,12
54140,8
54141,4
54142,4
54143,8
54144,16
54145,6
54146,16
54147,8
54148,12
54149,6
54150,1
54151,19
54152,13
54153,9
54154,6
54155,19
54156,0
54157,4
54158,7
54159,19
54160,8
54161,15
54162,18
54163,19
54164,21
54165,0
54166,18
54167,7
54168,12
54169,15
54170,13
54171,19
54172,3
54173,7
54174,8
54175,15
54176,3
54177,17
54178,19
54179,0
54180,20
54181,13
54182,16
54183,4
54184,16
54185,4
54186,19
54187,0
54188,3
54189,13
54190,1
54191,15
54192,18
54193,0
54194,12
54195,18
54196,6
54197,9
54198,19
54199,6
54200,18
54201,20
54202,15
54203,16
54204,4
54205,7
54206,13
54207,12
54208,8
54209,1
54210,20
54211,19
54212,2
54213,23
54214,1
54215,16
54216,8
54217,15
54218,7
54219,7
54220,20
54221,12
54222,3
54223,20
54224,6
54225,13
54226,21
54227,22
54228,13
54229,20
54230,20
54231,12
54232,0
54233,12
54234,8
54235,0
54236,17
54237,12
54238,7
54239,7
54240,16
54241,15
54242,23
54243,15
54244,21
54245,13
54246,22
54247,0
54248,15
54249,15
54250,7
54251,20
54252,3
54253,11
54254,11
54255,20
54256,19
54257,4
54258,4
54259,19
54260,8
54261,1
54262,19
54263,4
54264,19
54265,18
54266,9
54267,12
54268,7
54269,4
54270,9
54271,11
54272,15
54273,12
54274,22
54275,7
54276,4
54277,12
54278,22
54279,4
54280,17
54281,15
54282,22
54283,6
54284,1
54285,22
54286,16
54287,5
54288,13
54289,19
54290,14
54291,17
54292,8
54293,4
54294,22
54295,10
54296,19
54297,13
54298,13
54299,15
54300,0
54301,3
54302,7
54303,13
54304,7
54305,11
54306,0
54307,10
54308,21
54309,22
54310,8
54311,13
54312,7
54313,16
54314,13
54315,17
54316,15
54317,21
54318,16
54319,17
54320,10
54321,14
54322,15
54323,21
54324,18
54325,12
54326,16
54327,1
54328,18
54329,13
54330,9
54331,10
54332,18
54333,12
54334,16
54335,10
54336,8
54337,19
54338,13
54339,23
54340,2
54341,12
54342,11
54343,23
54344,11
54345,10
54346,18
54347,23
54348,12
54349,6
54350,8
54351,0
54352,12
54353,19
54354,11
54355,0
54356,12
54357,11
54358,18
54359,15
54360,13
54361,3
54362,20
54363,13
54364,0
54365,20
54366,10
54367,16
54368,23
54369,7
54370,13
54371,14
54372,5
54373,1
54374,19
54375,11
54376,23
54377,18
54378,4
54379,1
54380,10
54381,17
54382,0
54383,5
54384,16
54385,3
54386,22
54387,10
54388,8
54389,23
54390,20
54391,1
54392,7
54393,15
54394,18
54395,23
54396,1
54397,15
54398,15
54399,6
54400,9
54401,6
54402,23
54403,9
54404,7
54405,4
54406,7
54407,17
54408,13
54409,13
54410,4
54411,11
54412,17
54413,3
54414,2
54415,18
54416,7
54417,7
54418,17
54419,6
54420,0
54421,0
54422,3
54423,23
54424,21
54425,4
54426,12
54427,19
54428,23
54429,22
54430,20
54431,16
54432,11
54433,11
54434,7
54435,20
54436,0
54437,4
54438,19
54439,6
54440,7
54441,22
54442,6
54443,4
54444,6
54445,16
54446,4
54447,7
54448,13
54449,7
54450,17
54451,22
54452,14
54453,3
54454,16
54455,6
54456,14
54457,8
54458,7
54459,12
54460,8
54461,16
54462,23
54463,19
54464,1
54465,16
54466,15
54467,22
54468,13
54469,10
54470,20
54471,16
54472,18
54473,17
54474,15
54475,6
54476,19
54477,19
54478,11
54479,13
54480,19
54481,15
54482,17
54483,4
54484,13
54485,13
54486,5
54487,17
54488,4
54489,14
54490,7
54491,0
54492,7
54493,21
54494,1
54495,9
54496,18
54497,7
54498,16
54499,21
54500,6
54501,19
54502,3
54503,13
54504,15
54505,7
54506,17
54507,4
54508,7
54509,12
54510,5
54511,7
54512,6
54513,10
54514,19
54515,9
54516,6
54517,7
54518,5
54519,18
54520,0
54521,14
54522,19
54523,1
54524,1
54525,11
54526,6
54527,7
54528,12
54529,1
54530,15
54531,0
54532,6
54533,7
54534,11
54535,7
54536,12
54537,10
54538,16
54539,17
54540,6
54541,1
54542,15
54543,9
54544,18
54545,19
54546,1
54547,18
54548,15
54549,5
54550,18
54551,23
54552,4
54553,16
54554,20
54555,18
54556,0
54557,6
54558,9
54559,17
54560,14
54561,20
54562,9
54563,22
54564,14
54565,4
54566,4
54567,22
54568,6
54569,7
54570,7
54571,11
54572,18
54573,7
54574,19
54575,7
54576,10
54577,15
54578,23
54579,17
54580,6
54581,22
54582,17
54583,16
54584,7
54585,6
54586,13
54587,2
54588,4
54589,13
54590,22
54591,22
54592,0
54593,21
54594,11
54595,19
54596,0
54597,12
54598,20
54599,16
54600,1
54601,20
54602,3
54603,14
54604,22
54605,14
54606,13
54607,13
54608,8
54609,15
54610,17
54611,4
54612,22
54613,22
54614,7
54615,10
54616,19
54617,7
54618,18
54619,19
54620,0
54621,21
54622,20
54623,12
54624,22
54625,13
54626,4
54627,12
54628,4
54629,19
54630,20
54631,7
54632,18
54633,21
54634,6
54635,11
54636,18
54637,13
54638,17
54639,19
54640,17
54641,15
54642,3
54643,0
54644,21
54645,0
54646,11
54647,1
54648,5
54649,7
54650,3
54651,19
54652,7
54653,9
54654,22
54655,14
54656,6
54657,6
54658,8
54659,22
54660,7
54661,19
54662,8
54663,17
54664,15
54665,17
54666,11
54667,1
54668,1
54669,19
54670,19
54671,8
54672,16
54673,17
54674,12
54675,18
54676,18
54677,7
54678,7
54679,13
54680,11
54681,11
54682,22
54683,13
54684,16
54685,15
54686,6
54687,6
54688,11
54689,6
54690,9
54691,0
54692,4
54693,19
54694,15
54695,8
54696,13
54697,21
54698,7
54699,12
54700,18
54701,3
54702,21
54703,8
54704,11
54705,13
54706,6
54707,15
54708,21
54709,16
54710,18
54711,5
54712,1
54713,9
54714,17
54715,12
54716,13
54717,22
54718,12
54719,22
54720,7
54721,7
54722,15
54723,0
54724,7
54725,22
54726,15
54727,20
54728,13
54729,4
54730,2
54731,3
54732,21
54733,9
54734,0
54735,6
54736,5
54737,9
54738,9
54739,14
54740,21
54741,20
54742,1
54743,20
54744,9
54745,4
54746,19
54747,19
54748,23
54749,16
54750,15
54751,4
54752,4
54753,6
54754,5
54755,16
54756,22
54757,5
54758,3
54759,8
54760,11
54761,1
54762,22
54763,22
54764,4
54765,0
54766,12
54767,11
54768,15
54769,19
54770,7
54771,7
54772,14
54773,16
54774,3
54775,14
54776,13
54777,22
54778,1
54779,14
54780,3
54781,8
54782,5
54783,16
54784,23
54785,5
54786,7
54787,17
54788,18
54789,0
54790,12
54791,6
54792,22
54793,18
54794,20
54795,7
54796,7
54797,5
54798,21
54799,6
54800,7
54801,17
54802,4
54803,6
54804,19
54805,17
54806,1
54807,3
54808,0
54809,12
54810,18
54811,18
54812,13
54813,7
54814,19
54815,17
54816,4
54817,20
54818,13
54819,23
54820,8
54821,1
54822,22
54823,9
54824,12
54825,20
54826,19
54827,14
54828,20
54829,9
54830,17
54831,13
54832,3
54833,3
54834,12
54835,18
54836,17
54837,19
54838,23
54839,18
54840,5
54841,10
54842,16
54843,7
54844,22
54845,12
54846,21
54847,7
54848,12
54849,19
54850,5
54851,20
54852,4
54853,7
54854,7
54855,17
54856,22
54857,12
54858,22
54859,13
54860,3
54861,4
54862,9
54863,5
54864,4
54865,7
54866,7
54867,13
54868,12
54869,15
54870,20
54871,14
54872,4
54873,8
54874,11
54875,21
54876,1
54877,12
54878,14
54879,8
54880,17
54881,13
54882,2
54883,15
54884,4
54885,15
54886,23
54887,4
54888,1
54889,7
54890,12
54891,7
54892,12
54893,14
54894,5
54895,1
54896,0
54897,19
54898,6
54899,9
54900,5
54901,7
54902,15
54903,15
54904,6
54905,7
54906,10
54907,13
54908,17
54909,8
54910,0
54911,0
54912,7
54913,16
54914,19
54915,11
54916,0
54917,20
54918,7
54919,11
54920,1
54921,8
54922,19
54923,2
54924,1
54925,19
54926,15
54927,16
54928,0
54929,7
54930,9
54931,7
54932,4
54933,12
54934,19
54935,22
54936,16
54937,4
54938,9
54939,1
54940,6
54941,22
54942,18
54943,15
54944,7
54945,3
54946,15
54947,15
54948,4
54949,6
54950,7
54951,11
54952,12
54953,1
54954,1
54955,20
54956,21
54957,7
54958,15
54959,6
54960,6
54961,15
54962,22
54963,4
54964,17
54965,19
54966,4
54967,20
54968,5
54969,4
54970,15
54971,23
54972,1
54973,15
54974,18
54975,7
54976,16
54977,12
54978,9
54979,9
54980,7
54981,19
54982,6
54983,17
54984,1
54985,11
54986,17
54987,18
54988,23
54989,13
54990,21
54991,22
54992,17
54993,1
54994,10
54995,16
54996,13
54997,1
54998,3
54999,17
55000,11
55001,0
55002,12
55003,5
55004,6
55005,23
55006,20
55007,1
55008,6
55009,20
55010,15
55011,8
55012,0
55013,20
55014,5
55015,19
55016,16
55017,22
55018,7
55019,23
55020,13
55021,13
55022,23
55023,4
55024,21
55025,17
55026,5
55027,6
55028,3
55029,18
55030,4
55031,15
55032,1
55033,1
55034,4
55035,13
55036,21
55037,13
55038,5
55039,22
55040,12
55041,3
55042,23
55043,15
55044,18
55045,7
55046,11
55047,16
55048,7
55049,12
55050,20
55051,23
55052,13
55053,11
55054,9
55055,23
55056,19
55057,22
55058,15
55059,1
55060,15
55061,6
55062,12
55063,7
55064,3
55065,0
55066,18
55067,2
55068,7
55069,0
55070,4
55071,20
55072,2
55073,17
55074,4
55075,0
55076,19
55077,4
55078,0
55079,20
55080,19
55081,4
55082,5
55083,4
55084,12
55085,6
55086,19
55087,5
55088,18
55089,4
55090,14
55091,11
55092,8
55093,14
55094,7
55095,23
55096,15
55097,1
55098,13
55099,14
55100,6
55101,5
55102,0
55103,9
55104,7
55105,23
55106,0
55107,15
55108,16
55109,0
55110,6
55111,15
55112,20
55113,20
55114,20
55115,1
55116,11
55117,17
55118,19
55119,3
55120,1
55121,16
55122,5
55123,5
55124,15
55125,16
55126,13
55127,16
55128,10
55129,19
55130,0
55131,15
55132,0
55133,17
55134,11
55135,13
55136,6
55137,4
55138,15
55139,6
55140,4
55141,10
55142,19
55143,6
55144,13
55145,4
55146,1
55147,7
55148,6
55149,4
55150,12
55151,1
55152,21
55153,1
55154,4
55155,12
55156,1
55157,20
55158,0
55159,9
55160,10
55161,12
55162,7
55163,4
55164,13
55165,12
55166,22
55167,0
55168,4
55169,17
55170,15
55171,8
55172,15
55173,12
55174,3
55175,9
55176,4
55177,0
55178,3
55179,2
55180,19
55181,1
55182,9
55183,11
55184,17
55185,13
55186,21
55187,13
55188,23
55189,6
55190,3
55191,7
55192,9
55193,17
55194,20
55195,13
55196,0
55197,6
55198,12
55199,6
55200,13
55201,12
55202,6
55203,7
55204,10
55205,9
55206,6
55207,12
55208,14
55209,14
55210,10
55211,16
55212,21
55213,12
55214,8
55215,23
55216,6
55217,20
55218,3
55219,5
55220,6
55221,13
55222,11
55223,13
55224,19
55225,18
55226,1
55227,16
55228,17
55229,20
55230,21
55231,4
55232,5
55233,12
55234,12
55235,9
55236,7
55237,7
55238,7
55239,13
55240,19
55241,13
55242,11
55243,19
55244,7
55245,6
55246,19
55247,18
55248,22
55249,15
55250,5
55251,10
55252,22
55253,12
55254,15
55255,6
55256,11
55257,0
55258,10
55259,3
55260,10
55261,17
55262,6
55263,11
55264,10
55265,19
55266,10
55267,16
55268,8
55269,7
55270,7
55271,7
55272,0
55273,13
55274,14
55275,10
55276,13
55277,22
55278,2
55279,22
55280,9
55281,18
55282,1
55283,20
55284,12
55285,7
55286,12
55287,14
55288,10
55289,23
55290,0
55291,4
55292,13
55293,1
55294,5
55295,1
55296,13
55297,1
55298,5
55299,1
55300,19
55301,6
55302,10
55303,21
55304,22
55305,5
55306,2
55307,4
55308,15
55309,14
55310,11
55311,0
55312,17
55313,1
55314,14
55315,1
55316,4
55317,12
55318,9
55319,16
55320,6
55321,11
55322,19
55323,0
55324,18
55325,6
55326,11
55327,10
55328,1
55329,17
55330,14
55331,5
55332,18
55333,10
55334,12
55335,11
55336,19
55337,16
55338,12
55339,4
55340,1
55341,9
55342,5
55343,9
55344,10
55345,8
55346,3
55347,4
55348,6
55349,11
55350,15
55351,18
55352,10
55353,8
55354,18
55355,7
55356,13
55357,8
55358,14
55359,6
55360,13
55361,14
55362,15
55363,15
55364,17
55365,19
55366,10
55367,7
55368,21
55369,0
55370,10
55371,17
55372,10
55373,5
55374,3
55375,6
55376,19
55377,11
55378,4
55379,9
55380,14
55381,7
55382,1
55383,1
55384,8
55385,10
55386,19
55387,1
55388,23
55389,13
55390,23
55391,11
55392,4
55393,16
55394,23
55395,9
55396,11
55397,14
55398,8
55399,8
55400,19
55401,12
55402,7
55403,13
55404,21
55405,5
55406,1
55407,14
55408,4
55409,13
55410,13
55411,15
55412,0
55413,18
55414,11
55415,2
55416,13
55417,13
55418,13
55419,23
55420,19
55421,14
55422,15
55423,11
55424,7
55425,15
55426,11
55427,7
55428,17
55429,5
55430,15
55431,6
55432,1
55433,16
55434,13
55435,21
55436,18
55437,11
55438,21
55439,16
55440,19
55441,22
55442,5
55443,0
55444,4
55445,15
55446,12
55447,13
55448,12
55449,15
55450,6
55451,20
55452,6
55453,14
55454,14
55455,8
55456,9
55457,16
55458,7
55459,6
55460,1
55461,7
55462,13
55463,17
55464,4
55465,7
55466,17
55467,1
55468,6
55469,6
55470,9
55471,22
55472,17
55473,19
55474,4
55475,18
55476,5
55477,6
55478,13
55479,3
55480,5
55481,12
55482,19
55483,6
55484,22
55485,12
55486,7
55487,19
55488,3
55489,6
55490,19
55491,15
55492,7
55493,11
55494,11
55495,12
55496,22
55497,4
55498,11
55499,1
55500,17
55501,22
55502,8
55503,4
55504,8
55505,21
55506,15
55507,15
55508,5
55509,15
55510,22
55511,8
55512,3
55513,13
55514,17
55515,15
55516,18
55517,3
55518,15
55519,15
55520,23
55521,5
55522,0
55523,1
55524,7
55525,11
55526,5
55527,23
55528,11
55529,7
55530,7
55531,12
55532,3
55533,0
55534,4
55535,6
55536,5
55537,21
55538,8
55539,21
55540,5
55541,2
55542,19
55543,0
55544,20
55545,16
55546,13
55547,4
55548,13
55549,11
55550,1
55551,22
55552,23
55553,21
55554,16
55555,12
55556,15
55557,0
55558,11
55559,12
55560,16
55561,17
55562,4
55563,0
55564,22
55565,7
55566,23
55567,8
55568,7
55569,5
55570,20
55571,5
55572,7
55573,0
55574,15
55575,17
55576,18
55577,10
55578,22
55579,17
55580,13
55581,16
55582,20
55583,23
55584,2
55585,4
55586,4
55587,1
55588,17
55589,1
55590,21
55591,19
55592,15
55593,13
55594,13
55595,12
55596,4
55597,10
55598,8
55599,15
55600,1
55601,13
55602,7
55603,16
55604,19
55605,17
55606,21
55607,11
55608,12
55609,23
55610,23
55611,12
55612,5
55613,11
55614,7
55615,11
55616,1
55617,22
55618,19
55619,22
55620,4
55621,11
55622,3
55623,6
55624,10
55625,1
55626,5
55627,9
55628,13
55629,7
55630,16
55631,15
55632,7
55633,5
55634,4
55635,4
55636,19
55637,7
55638,13
55639,21
55640,21
55641,10
55642,9
55643,22
55644,11
55645,15
55646,7
55647,19
55648,23
55649,7
55650,23
55651,19
55652,6
55653,23
55654,8
55655,7
55656,16
55657,11
55658,19
55659,16
55660,20
55661,12
55662,15
55663,13
55664,7
55665,15
55666,9
55667,0
55668,7
55669,14
55670,21
55671,13
55672,8
55673,11
55674,19
55675,12
55676,1
55677,17
55678,9
55679,14
55680,20
55681,7
55682,7
55683,7
55684,18
55685,7
55686,13
55687,12
55688,23
55689,17
55690,22
55691,14
55692,19
55693,4
55694,10
55695,23
55696,16
55697,3
55698,10
55699,19
55700,15
55701,0
55702,5
55703,20
55704,2
55705,10
55706,14
55707,22
55708,17
55709,1
55710,4
55711,12
55712,8
55713,18
55714,7
55715,10
55716,14
55717,0
55718,9
55719,4
55720,10
55721,4
55722,22
55723,6
55724,18
55725,6
55726,11
55727,11
55728,0
55729,13
55730,23
55731,13
55732,5
55733,15
55734,9
55735,9
55736,0
55737,19
55738,14
55739,16
55740,3
55741,17
55742,6
55743,12
55744,22
55745,7
55746,21
55747,17
55748,14
55749,11
55750,15
55751,12
55752,21
55753,21
55754,6
55755,8
55756,9
55757,11
55758,9
55759,0
55760,1
55761,4
55762,23
55763,9
55764,22
55765,1
55766,1
55767,10
55768,0
55769,5
55770,18
55771,1
55772,12
55773,19
55774,13
55775,6
55776,22
55777,16
55778,7
55779,15
55780,23
55781,4
55782,6
55783,15
55784,15
55785,22
55786,3
55787,2
55788,1
55789,4
55790,3
55791,5
55792,19
55793,22
55794,15
55795,21
55796,1
55797,18
55798,18
55799,5
55800,19
55801,17
55802,17
55803,22
55804,12
55805,17
55806,16
55807,7
55808,0
55809,10
55810,10
55811,6
55812,4
55813,17
55814,21
55815,22
55816,4
55817,17
55818,7
55819,9
55820,16
55821,19
55822,7
55823,18
55824,11
55825,23
55826,13
55827,7
55828,17
55829,11
55830,7
55831,1
55832,19
55833,17
55834,4
55835,5
55836,17
55837,16
55838,9
55839,7
55840,7
55841,5
55842,15
55843,3
55844,20
55845,13
55846,9
55847,13
55848,22
55849,14
55850,8
55851,11
55852,20
55853,19
55854,20
55855,0
55856,11
55857,21
55858,7
55859,7
55860,13
55861,7
55862,15
55863,7
55864,19
55865,13
55866,7
55867,8
55868,21
55869,5
55870,1
55871,18
55872,0
55873,5
55874,10
55875,6
55876,6
55877,15
55878,8
55879,15
55880,18
55881,9
55882,2
55883,0
55884,21
55885,15
55886,15
55887,15
55888,8
55889,7
55890,5
55891,21
55892,9
55893,14
55894,19
55895,14
55896,7
55897,1
55898,15
55899,7
55900,13
55901,12
55902,13
55903,5
55904,5
55905,4
55906,19
55907,1
55908,1
55909,15
55910,14
55911,20
55912,10
55913,19
55914,20
55915,18
55916,1
55917,20
55918,6
55919,14
55920,15
55921,3
55922,15
55923,6
55924,9
55925,17
55926,19
55927,5
55928,5
55929,15
55930,14
55931,7
55932,20
55933,21
55934,8
55935,13
55936,7
55937,21
55938,12
55939,12
55940,22
55941,13
55942,7
55943,8
55944,1
55945,23
55946,20
55947,20
55948,16
55949,4
55950,15
55951,5
55952,16
55953,8
55954,13
55955,21
55956,16
55957,8
55958,0
55959,17
55960,22
55961,16
55962,22
55963,11
55964,8
55965,7
55966,23
55967,15
55968,1
55969,1
55970,21
55971,20
55972,13
55973,6
55974,1
55975,1
55976,18
55977,13
55978,12
55979,11
55980,4
55981,8
55982,10
55983,19
55984,19
55985,17
55986,20
55987,9
55988,2
55989,7
55990,4
55991,14
55992,9
55993,21
55994,0
55995,7
55996,0
55997,19
55998,3
55999,10
56000,7
56001,0
56002,14
56003,6
56004,4
56005,0
56006,7
56007,9
56008,17
56009,13
56010,22
56011,17
56012,5
56013,10
56014,5
56015,15
56016,13
56017,7
56018,1
56019,19
56020,5
56021,18
56022,13
56023,11
56024,21
56025,17
56026,8
56027,13
56028,0
56029,10
56030,10
56031,23
56032,6
56033,15
56034,0
56035,0
56036,16
56037,11
56038,1
56039,19
56040,1
56041,15
56042,13
56043,12
56044,1
56045,12
56046,22
56047,23
56048,12
56049,17
56050,9
56051,12
56052,19
56053,8
56054,18
56055,3
56056,12
56057,10
56058,9
56059,7
56060,21
56061,15
56062,10
56063,7
56064,6
56065,23
56066,20
56067,19
56068,7
56069,22
56070,7
56071,23
56072,21
56073,19
56074,20
56075,13
56076,7
56077,12
56078,7
56079,1
56080,7
56081,0
56082,22
56083,15
56084,23
56085,19
56086,0
56087,15
56088,7
56089,12
56090,22
56091,7
56092,11
56093,1
56094,7
56095,22
56096,19
56097,21
56098,4
56099,0
56100,1
56101,12
56102,1
56103,2
56104,16
56105,23
56106,15
56107,16
56108,23
56109,4
56110,19
56111,14
56112,13
56113,7
56114,15
56115,6
56116,23
56117,7
56118,10
56119,4
56120,15
56121,7
56122,7
56123,22
56124,0
56125,10
56126,22
56127,14
56128,17
56129,19
56130,21
56131,21
56132,8
56133,8
56134,22
56135,3
56136,22
56137,22
56138,22
56139,13
56140,14
56141,1
56142,7
56143,19
56144,22
56145,10
56146,17
56147,11
56148,18
56149,19
56150,10
56151,2
56152,0
56153,4
56154,1
56155,19
56156,4
56157,1
56158,11
56159,14
56160,16
56161,0
56162,21
56163,19
56164,10
56165,16
56166,17
56167,17
56168,15
56169,22
56170,22
56171,20
56172,1
56173,9
56174,0
56175,15
56176,3
56177,0
56178,14
56179,7
56180,3
56181,17
56182,11
56183,7
56184,7
56185,19
56186,9
56187,8
56188,17
56189,2
56190,11
56191,15
56192,3
56193,18
56194,7
56195,6
56196,20
56197,5
56198,6
56199,16
56200,16
56201,11
56202,22
56203,7
56204,12
56205,13
56206,20
56207,17
56208,17
56209,17
56210,8
56211,9
56212,0
56213,12
56214,5
56215,17
56216,4
56217,8
56218,1
56219,5
56220,4
56221,4
56222,0
56223,9
56224,15
56225,22
56226,13
56227,5
56228,7
56229,7
56230,14
56231,13
56232,23
56233,12
56234,7
56235,1
56236,22
56237,18
56238,7
56239,7
56240,23
56241,0
56242,16
56243,15
56244,5
56245,6
56246,18
56247,18
56248,4
56249,17
56250,13
56251,15
56252,22
56253,7
56254,5
56255,17
56256,8
56257,9
56258,4
56259,19
56260,7
56261,17
56262,19
56263,1
56264,19
56265,19
56266,13
56267,20
56268,16
56269,15
56270,13
56271,22
56272,15
56273,12
56274,3
56275,1
56276,3
56277,15
56278,0
56279,14
56280,9
56281,19
56282,12
56283,5
56284,8
56285,23
56286,23
56287,15
56288,3
56289,7
56290,6
56291,15
56292,20
56293,19
56294,19
56295,6
56296,20
56297,12
56298,22
56299,3
56300,16
56301,13
56302,10
56303,6
56304,11
56305,9
56306,1
56307,2
56308,18
56309,1
56310,17
56311,11
56312,6
56313,6
56314,3
56315,1
56316,22
56317,13
56318,15
56319,17
56320,4
56321,5
56322,15
56323,23
56324,18
56325,20
56326,4
56327,13
56328,7
56329,21
56330,19
56331,4
56332,14
56333,0
56334,3
56335,0
56336,7
56337,19
56338,22
56339,5
56340,4
56341,0
56342,7
56343,7
56344,1
56345,3
56346,16
56347,21
56348,16
56349,12
56350,14
56351,11
56352,13
56353,14
56354,0
56355,7
56356,4
56357,16
56358,19
56359,2
56360,16
56361,19
56362,13
56363,13
56364,16
56365,4
56366,11
56367,16
56368,4
56369,1
56370,3
56371,22
56372,3
56373,7
56374,0
56375,9
56376,12
56377,13
56378,14
56379,13
56380,0
56381,1
56382,10
56383,19
56384,21
56385,6
56386,3
56387,22
56388,14
56389,19
56390,9
56391,22
56392,18
56393,16
56394,6
56395,16
56396,21
56397,20
56398,22
56399,9
56400,3
56401,21
56402,17
56403,15
56404,17
56405,17
56406,2
56407,13
56408,15
56409,16
56410,9
56411,18
56412,9
56413,13
56414,15
56415,18
56416,12
56417,12
56418,22
56419,14
56420,7
56421,10
56422,9
56423,6
56424,20
56425,3
56426,17
56427,0
56428,9
56429,6
56430,20
56431,3
56432,8
56433,4
56434,21
56435,6
56436,7
56437,10
56438,13
56439,4
56440,6
56441,6
56442,9
56443,11
56444,15
56445,2
56446,7
56447,19
56448,6
56449,14
56450,19
56451,21
56452,9
56453,17
56454,7
56455,17
56456,7
56457,8
56458,0
56459,22
56460,19
56461,20
56462,21
56463,5
56464,19
56465,0
56466,8
56467,16
56468,15
56469,9
56470,22
56471,4
56472,15
56473,13
56474,12
56475,23
56476,3
56477,14
56478,7
56479,12
56480,19
56481,6
56482,13
56483,12
56484,17
56485,19
56486,14
56487,0
56488,18
56489,1
56490,13
56491,13
56492,3
56493,17
56494,9
56495,23
56496,8
56497,21
56498,5
56499,22
56500,1
56501,13
56502,14
56503,17
56504,4
56505,1
56506,19
56507,23
56508,7
56509,22
56510,22
56511,10
56512,2
56513,21
56514,9
56515,22
56516,6
56517,3
56518,0
56519,4
56520,15
56521,7
56522,5
56523,23
56524,1
56525,0
56526,14
56527,6
56528,17
56529,15
56530,22
56531,7
56532,20
56533,23
56534,3
56535,21
56536,6
56537,17
56538,17
56539,13
56540,10
56541,19
56542,0
56543,16
56544,14
56545,6
56546,18
56547,23
56548,1
56549,15
56550,7
56551,4
56552,0
56553,10
56554,13
56555,23
56556,10
56557,11
56558,10
56559,7
56560,17
56561,18
56562,18
56563,7
56564,12
56565,15
56566,13
56567,0
56568,5
56569,18
56570,13
56571,15
56572,4
56573,11
56574,12
56575,18
56576,3
56577,12
56578,15
56579,22
56580,21
56581,19
56582,1
56583,21
56584,3
56585,9
56586,6
56587,0
56588,21
56589,22
56590,16
56591,10
56592,4
56593,1
56594,11
56595,18
56596,12
56597,23
56598,19
56599,4
56600,10
56601,3
56602,14
56603,15
56604,13
56605,7
56606,8
56607,0
56608,22
56609,13
56610,3
56611,7
56612,19
56613,6
56614,23
56615,5
56616,13
56617,16
56618,0
56619,10
56620,10
56621,17
56622,5
56623,22
56624,21
56625,10
56626,6
56627,18
56628,6
56629,20
56630,3
56631,0
56632,5
56633,17
56634,12
56635,17
56636,16
56637,6
56638,13
56639,20
56640,1
56641,19
56642,1
56643,11
56644,7
56645,23
56646,7
56647,17
56648,6
56649,0
56650,0
56651,4
56652,22
56653,10
56654,4
56655,23
56656,9
56657,19
56658,13
56659,4
56660,23
56661,5
56662,5
56663,17
56664,10
56665,7
56666,11
56667,14
56668,7
56669,13
56670,22
56671,5
56672,1
56673,7
56674,23
56675,7
56676,22
56677,14
56678,14
56679,0
56680,17
56681,12
56682,1
56683,19
56684,5
56685,1
56686,3
56687,5
56688,12
56689,7
56690,20
56691,4
56692,5
56693,1
56694,21
56695,5
56696,17
56697,15
56698,14
56699,5
56700,22
56701,12
56702,6
56703,15
56704,2
56705,22
56706,22
56707,21
56708,15
56709,13
56710,21
56711,12
56712,1
56713,14
56714,19
56715,7
56716,1
56717,15
56718,1
56719,3
56720,23
56721,7
56722,18
56723,23
56724,8
56725,4
56726,7
56727,7
56728,23
56729,0
56730,0
56731,13
56732,19
56733,19
56734,6
56735,3
56736,5
56737,1
56738,5
56739,23
56740,15
56741,22
56742,20
56743,0
56744,19
56745,18
56746,8
56747,1
56748,13
56749,19
56750,17
56751,11
56752,8
56753,12
56754,5
56755,4
56756,14
56757,11
56758,9
56759,18
56760,12
56761,7
56762,15
56763,0
56764,21
56765,14
56766,9
56767,14
56768,22
56769,1
56770,9
56771,21
56772,17
56773,7
56774,14
56775,22
56776,21
56777,7
56778,12
56779,0
56780,4
56781,23
56782,23
56783,21
56784,4
56785,23
56786,13
56787,4
56788,4
56789,22
56790,18
56791,1
56792,17
56793,19
56794,0
56795,0
56796,13
56797,4
56798,11
56799,15
56800,5
56801,12
56802,10
56803,3
56804,14
56805,1
56806,4
56807,1
56808,1
56809,0
56810,15
56811,5
56812,9
56813,20
56814,7
56815,14
56816,9
56817,22
56818,7
56819,6
56820,9
56821,10
56822,15
56823,5
56824,21
56825,13
56826,1
56827,7
56828,0
56829,1
56830,9
56831,22
56832,11
56833,0
56834,4
56835,20
56836,23
56837,6
56838,17
56839,8
56840,5
56841,1
56842,19
56843,6
56844,13
56845,7
56846,7
56847,1
56848,13
56849,17
56850,16
56851,19
56852,15
56853,0
56854,15
56855,15
56856,22
56857,4
56858,15
56859,0
56860,16
56861,15
56862,13
56863,21
56864,22
56865,13
56866,16
56867,21
56868,19
56869,19
56870,8
56871,8
56872,8
56873,17
56874,3
56875,11
56876,8
56877,17
56878,11
56879,13
56880,7
56881,4
56882,3
56883,7
56884,22
56885,16
56886,13
56887,16
56888,1
56889,7
56890,17
56891,20
56892,14
56893,16
56894,15
56895,18
56896,23
56897,15
56898,3
56899,6
56900,22
56901,23
56902,14
56903,12
56904,14
56905,14
56906,8
56907,7
56908,20
56909,19
56910,9
56911,12
56912,20
56913,23
56914,17
56915,0
56916,21
56917,3
56918,13
56919,4
56920,19
56921,10
56922,20
56923,11
56924,1
56925,13
56926,5
56927,8
56928,6
56929,4
56930,13
56931,18
56932,19
56933,16
56934,0
56935,6
56936,11
56937,10
56938,5
56939,13
56940,13
56941,19
56942,23
56943,2
56944,22
56945,8
56946,22
56947,13
56948,20
56949,21
56950,13
56951,13
56952,11
56953,21
56954,16
56955,17
56956,15
56957,10
56958,1
56959,7
56960,15
56961,18
56962,6
56963,22
56964,16
56965,16
56966,7
56967,7
56968,6
56969,16
56970,19
56971,13
56972,4
56973,7
56974,7
56975,9
56976,1
56977,22
56978,17
56979,8
56980,0
56981,13
56982,0
56983,7
56984,7
56985,4
56986,17
56987,13
56988,0
56989,19
56990,6
56991,15
56992,5
56993,7
56994,4
56995,0
56996,16
56997,17
56998,19
56999,21
57000,18
57001,19
57002,21
57003,21
57004,17
57005,13
57006,8
57007,19
57008,4
57009,14
57010,15
57011,7
57012,6
57013,21
57014,15
57015,6
57016,17
57017,22
57018,21
57019,22
57020,14
57021,11
57022,1
57023,9
57024,12
57025,6
57026,7
57027,10
57028,22
57029,21
57030,4
57031,11
57032,15
57033,4
57034,7
57035,16
57036,9
57037,23
57038,16
57039,5
57040,16
57041,15
57042,6
57043,6
57044,20
57045,7
57046,19
57047,8
57048,13
57049,8
57050,18
57051,13
57052,18
57053,11
57054,4
57055,20
57056,15
57057,10
57058,2
57059,7
57060,22
57061,4
57062,11
57063,22
57064,7
57065,1
57066,8
57067,14
57068,11
57069,4
57070,15
57071,4
57072,1
57073,19
57074,20
57075,15
57076,5
57077,15
57078,0
57079,3
57080,6
57081,6
57082,3
57083,14
57084,0
57085,20
57086,3
57087,23
57088,8
57089,22
57090,9
57091,15
57092,11
57093,22
57094,14
57095,1
57096,19
57097,22
57098,10
57099,4
57100,7
57101,7
57102,5
57103,10
57104,13
57105,13
57106,5
57107,18
57108,17
57109,7
57110,17
57111,15
57112,8
57113,18
57114,15
57115,18
57116,17
57117,17
57118,18
57119,7
57120,3
57121,7
57122,18
57123,3
57124,8
57125,13
57126,6
57127,22
57128,18
57129,22
57130,17
57131,10
57132,13
57133,3
57134,18
57135,5
57136,7
57137,5
57138,19
57139,17
57140,21
57141,19
57142,6
57143,0
57144,1
57145,10
57146,9
57147,11
57148,6
57149,7
57150,15
57151,10
57152,1
57153,18
57154,1
57155,13
57156,15
57157,7
57158,5
57159,5
57160,7
57161,23
57162,20
57163,13
57164,15
57165,3
57166,11
57167,15
57168,7
57169,13
57170,3
57171,7
57172,15
57173,10
57174,15
57175,3
57176,6
57177,7
57178,21
57179,12
57180,4
57181,5
57182,23
57183,19
57184,20
57185,7
57186,8
57187,19
57188,6
57189,4
57190,22
57191,1
57192,16
57193,18
57194,19
57195,15
57196,15
57197,0
57198,11
57199,12
57200,19
57201,22
57202,0
57203,8
57204,3
57205,1
57206,10
57207,11
57208,7
57209,16
57210,5
57211,18
57212,13
57213,23
57214,22
57215,3
57216,4
57217,6
57218,17
57219,16
57220,7
57221,12
57222,19
57223,11
57224,6
57225,18
57226,5
57227,23
57228,4
57229,4
57230,11
57231,20
57232,4
57233,12
57234,12
57235,19
57236,22
57237,15
57238,1
57239,3
57240,5
57241,8
57242,15
57243,20
57244,13
57245,13
57246,15
57247,15
57248,15
57249,2
57250,19
57251,5
57252,5
57253,6
57254,4
57255,18
57256,1
57257,19
57258,20
57259,9
57260,15
57261,18
57262,5
57263,13
57264,0
57265,15
57266,21
57267,18
57268,15
57269,20
57270,2
57271,3
57272,19
57273,9
57274,11
57275,20
57276,12
57277,23
57278,19
57279,5
57280,1
57281,6
57282,22
57283,7
57284,22
57285,11
57286,1
57287,19
57288,4
57289,3
57290,22
57291,7
57292,0
57293,22
57294,7
57295,14
57296,12
57297,18
57298,3
57299,7
57300,10
57301,16
57302,14
57303,6
57304,12
57305,19
57306,19
57307,15
57308,17
57309,19
57310,7
57311,14
57312,16
57313,7
57314,0
57315,4
57316,7
57317,8
57318,9
57319,17
57320,1
57321,11
57322,23
57323,20
57324,12
57325,7
57326,20
57327,9
57328,11
57329,20
57330,15
57331,0
57332,0
57333,7
57334,17
57335,7
57336,16
57337,22
57338,13
57339,12
57340,11
57341,9
57342,8
57343,13
57344,11
57345,4
57346,1
57347,20
57348,14
57349,8
57350,21
57351,19
57352,7
57353,4
57354,2
57355,1
57356,22
57357,1
57358,8
57359,3
57360,18
57361,0
57362,10
57363,4
57364,13
57365,10
57366,13
57367,1
57368,19
57369,0
57370,10
57371,6
57372,19
57373,21
57374,3
57375,6
57376,14
57377,17
57378,6
57379,7
57380,15
57381,15
57382,0
57383,0
57384,19
57385,21
57386,8
57387,11
57388,9
57389,23
57390,23
57391,7
57392,4
57393,13
57394,18
57395,20
57396,22
57397,6
57398,4
57399,10
57400,6
57401,15
57402,8
57403,19
57404,7
57405,17
57406,7
57407,7
57408,5
57409,15
57410,0
57411,18
57412,3
57413,13
57414,0
57415,12
57416,16
57417,15
57418,15
57419,4
57420,15
57421,7
57422,4
57423,13
57424,21
57425,21
57426,0
57427,5
57428,21
57429,10
57430,23
57431,10
57432,23
57433,16
57434,16
57435,8
57436,15
57437,21
57438,15
57439,23
57440,8
57441,20
57442,11
57443,22
57444,7
57445,16
57446,22
57447,6
57448,15
57449,3
57450,1
57451,13
57452,19
57453,5
57454,6
57455,7
57456,18
57457,14
57458,13
57459,6
57460,21
57461,21
57462,18
57463,16
57464,5
57465,10
57466,7
57467,12
57468,13
57469,13
57470,21
57471,7
57472,12
57473,15
57474,15
57475,9
57476,14
57477,13
57478,18
57479,8
57480,8
57481,4
57482,1
57483,6
57484,15
57485,4
57486,4
57487,6
57488,16
57489,1
57490,17
57491,16
57492,15
57493,16
57494,15
57495,23
57496,16
57497,3
57498,11
57499,7
57500,3
57501,1
57502,23
57503,22
57504,22
57505,4
57506,4
57507,11
57508,14
57509,6
57510,7
57511,12
57512,16
57513,10
57514,12
57515,15
57516,7
57517,19
57518,23
57519,4
57520,15
57521,13
57522,13
57523,13
57524,14
57525,14
57526,22
57527,19
57528,0
57529,4
57530,8
57531,7
57532,12
57533,13
57534,5
57535,17
57536,21
57537,21
57538,17
57539,15
57540,22
57541,8
57542,23
57543,0
57544,18
57545,11
57546,8
57547,0
57548,4
57549,14
57550,16
57551,22
57552,0
57553,20
57554,11
57555,8
57556,23
57557,5
57558,21
57559,19
57560,14
57561,17
57562,6
57563,12
57564,18
57565,15
57566,14
57567,1
57568,7
57569,17
57570,17
57571,8
57572,17
57573,15
57574,15
57575,22
57576,18
57577,17
57578,18
57579,8
57580,4
57581,11
57582,18
57583,12
57584,7
57585,21
57586,6
57587,22
57588,3
57589,23
57590,3
57591,15
57592,6
57593,22
57594,5
57595,15
57596,5
57597,6
57598,18
57599,9
57600,0
57601,5
57602,3
57603,4
57604,11
57605,7
57606,1
57607,23
57608,15
57609,6
57610,0
57611,12
57612,11
57613,19
57614,12
57615,6
57616,15
57617,18
57618,8
57619,14
57620,11
57621,13
57622,1
57623,22
57624,23
57625,12
57626,15
57627,13
57628,13
57629,4
57630,11
57631,21
57632,6
57633,0
57634,9
57635,4
57636,21
57637,13
57638,19
57639,14
57640,8
57641,23
57642,6
57643,21
57644,7
57645,17
57646,1
57647,21
57648,11
57649,23
57650,17
57651,4
57652,17
57653,5
57654,22
57655,8
57656,15
57657,5
57658,20
57659,19
57660,4
57661,1
57662,19
57663,15
57664,1
57665,1
57666,13
57667,15
57668,4
57669,20
57670,9
57671,22
57672,9
57673,2
57674,8
57675,18
57676,5
57677,20
57678,5
57679,19
57680,3
57681,1
57682,0
57683,22
57684,3
57685,5
57686,8
57687,1
57688,19
57689,7
57690,1
57691,3
57692,11
57693,7
57694,15
57695,7
57696,22
57697,5
57698,7
57699,0
57700,9
57701,18
57702,9
57703,10
57704,18
57705,11
57706,1
57707,15
57708,23
57709,15
57710,17
57711,12
57712,13
57713,15
57714,13
57715,14
57716,19
57717,8
57718,5
57719,10
57720,10
57721,17
57722,6
57723,15
57724,1
57725,23
57726,1
57727,1
57728,8
57729,17
57730,1
57731,1
57732,1
57733,1
57734,16
57735,6
57736,7
57737,13
57738,13
57739,15
57740,4
57741,6
57742,4
57743,1
57744,14
57745,16
57746,12
57747,6
57748,2
57749,13
57750,5
57751,5
57752,4
57753,0
57754,1
57755,4
57756,0
57757,7
57758,21
57759,0
57760,8
57761,0
57762,5
57763,15
57764,22
57765,8
57766,23
57767,5
57768,0
57769,23
57770,15
57771,7
57772,6
57773,7
57774,1
57775,17
57776,0
57777,17
57778,15
57779,5
57780,7
57781,23
57782,17
57783,17
57784,19
57785,16
57786,11
57787,0
57788,16
57789,7
57790,7
57791,21
57792,19
57793,3
57794,7
57795,3
57796,6
57797,7
57798,19
57799,12
57800,4
57801,1
57802,6
57803,1
57804,23
57805,7
57806,12
57807,18
57808,22
57809,16
57810,6
57811,19
57812,14
57813,13
57814,4
57815,4
57816,18
57817,18
57818,22
57819,7
57820,12
57821,19
57822,22
57823,7
57824,4
57825,13
57826,6
57827,12
57828,6
57829,14
57830,19
57831,19
57832,11
57833,7
57834,2
57835,7
57836,20
57837,12
57838,19
57839,22
57840,14
57841,7
57842,6
57843,10
57844,16
57845,6
57846,17
57847,16
57848,4
57849,13
57850,12
57851,7
57852,0
57853,16
57854,8
57855,9
57856,0
57857,11
57858,19
57859,13
57860,11
57861,1
57862,0
57863,17
57864,19
57865,11
57866,3
57867,15
57868,1
57869,0
57870,13
57871,21
57872,23
57873,4
57874,17
57875,20
57876,5
57877,15
57878,7
57879,22
57880,11
57881,18
57882,2
57883,22
57884,1
57885,10
57886,12
57887,13
57888,17
57889,13
57890,10
57891,16
57892,5
57893,4
57894,0
57895,15
57896,6
57897,12
57898,18
57899,8
57900,20
57901,0
57902,5
57903,0
57904,15
57905,0
57906,9
57907,14
57908,9
57909,5
57910,23
57911,22
57912,9
57913,4
57914,1
57915,12
57916,17
57917,13
57918,7
57919,22
57920,7
57921,4
57922,4
57923,0
57924,4
57925,7
57926,19
57927,7
57928,8
57929,8
57930,3
57931,17
57932,1
57933,15
57934,23
57935,20
57936,23
57937,23
57938,3
57939,15
57940,8
57941,12
57942,7
57943,0
57944,21
57945,17
57946,7
57947,16
57948,3
57949,1
57950,19
57951,6
57952,1
57953,1
57954,23
57955,19
57956,0
57957,8
57958,5
57959,18
57960,5
57961,0
57962,14
57963,6
57964,8
57965,13
57966,13
57967,1
57968,5
57969,19
57970,17
57971,1
57972,5
57973,17
57974,10
57975,14
57976,17
57977,6
57978,11
57979,14
57980,19
57981,11
57982,21
57983,7
57984,12
57985,3
57986,13
57987,22
57988,13
57989,13
57990,19
57991,10
57992,21
57993,6
57994,15
57995,7
57996,21
57997,6
57998,7
57999,18
58000,7
58001,12
58002,9
58003,17
58004,19
58005,19
58006,9
58007,8
58008,0
58009,10
58010,22
58011,7
58012,0
58013,15
58014,18
58015,7
58016,17
58017,12
58018,7
58019,14
58020,13
58021,14
58022,16
58023,7
58024,18
58025,13
58026,16
58027,17
58028,22
58029,4
58030,13
58031,18
58032,9
58033,17
58034,20
58035,3
58036,0
58037,7
58038,1
58039,8
58040,9
58041,14
58042,6
58043,16
58044,4
58045,21
58046,8
58047,7
58048,15
58049,22
58050,21
58051,9
58052,19
58053,14
58054,4
58055,9
58056,22
58057,13
58058,11
58059,4
58060,15
58061,8
58062,7
58063,19
58064,14
58065,4
58066,7
58067,22
58068,18
58069,9
58070,20
58071,13
58072,4
58073,7
58074,18
58075,15
58076,4
58077,7
58078,10
58079,21
58080,15
58081,11
58082,6
58083,12
58084,6
58085,7
58086,2
58087,7
58088,4
58089,7
58090,8
58091,1
58092,2
58093,0
58094,18
58095,1
58096,19
58097,3
58098,18
58099,11
58100,16
58101,1
58102,23
58103,7
58104,15
58105,6
58106,12
58107,12
58108,7
58109,23
58110,0
58111,8
58112,13
58113,18
58114,0
58115,10
58116,4
58117,6
58118,7
58119,0
58120,4
58121,5
58122,10
58123,21
58124,11
58125,16
58126,9
58127,19
58128,21
58129,4
58130,15
58131,7
58132,1
58133,21
58134,4
58135,10
58136,23
58137,6
58138,0
58139,17
58140,4
58141,20
58142,15
58143,8
58144,18
58145,7
58146,13
58147,7
58148,6
58149,23
58150,4
58151,7
58152,22
58153,6
58154,14
58155,0
58156,22
58157,3
58158,15
58159,1
58160,4
58161,13
58162,15
58163,18
58164,15
58165,4
58166,7
58167,10
58168,5
58169,21
58170,21
58171,10
58172,5
58173,12
58174,12
58175,4
58176,10
58177,17
58178,14
58179,6
58180,13
58181,7
58182,7
58183,8
58184,20
58185,15
58186,8
58187,8
58188,10
58189,8
58190,17
58191,7
58192,15
58193,14
58194,17
58195,6
58196,21
58197,7
58198,4
58199,7
58200,7
58201,23
58202,3
58203,7
58204,14
58205,23
58206,23
58207,3
58208,1
58209,4
58210,7
58211,7
58212,13
58213,19
58214,16
58215,3
58216,18
58217,15
58218,13
58219,14
58220,15
58221,11
58222,6
58223,5
58224,7
58225,22
58226,23
58227,8
58228,1
58229,7
58230,11
58231,7
58232,19
58233,0
58234,4
58235,8
58236,8
58237,7
58238,17
58239,7
58240,14
58241,9
58242,10
58243,11
58244,5
58245,4
58246,12
58247,15
58248,3
58249,11
58250,19
58251,21
58252,6
58253,14
58254,3
58255,3
58256,7
58257,11
58258,12
58259,11
58260,20
58261,4
58262,2
58263,3
58264,23
58265,18
58266,7
58267,14
58268,1
58269,17
58270,5
58271,6
58272,20
58273,17
58274,13
58275,8
58276,22
58277,15
58278,20
58279,22
58280,1
58281,6
58282,14
58283,12
58284,9
58285,16
58286,19
58287,14
58288,9
58289,19
58290,16
58291,14
58292,19
58293,15
58294,1
58295,16
58296,19
58297,18
58298,20
58299,0
58300,18
58301,17
58302,13
58303,7
58304,18
58305,7
58306,3
58307,1
58308,18
58309,8
58310,18
58311,15
58312,13
58313,15
58314,7
58315,7
58316,7
58317,6
58318,16
58319,1
58320,16
58321,1
58322,7
58323,3
58324,21
58325,13
58326,12
58327,9
58328,1
58329,0
58330,23
58331,6
58332,22
58333,10
58334,7
58335,0
58336,19
58337,22
58338,4
58339,5
58340,10
58341,8
58342,0
58343,1
58344,21
58345,7
58346,8
58347,17
58348,7
58349,22
58350,11
58351,13
58352,12
58353,4
58354,7
58355,3
58356,19
58357,19
58358,8
58359,15
58360,11
58361,14
58362,1
58363,7
58364,15
58365,23
58366,6
58367,14
58368,11
58369,5
58370,3
58371,22
58372,8
58373,0
58374,15
58375,12
58376,7
58377,3
58378,9
58379,23
58380,6
58381,16
58382,7
58383,0
58384,6
58385,18
58386,4
58387,23
58388,16
58389,9
58390,1
58391,8
58392,5
58393,3
58394,11
58395,15
58396,4
58397,13
58398,7
58399,15
58400,7
58401,23
58402,19
58403,14
58404,1
58405,7
58406,3
58407,19
58408,16
58409,16
58410,19
58411,21
58412,19
58413,15
58414,5
58415,5
58416,7
58417,12
58418,17
58419,8
58420,0
58421,4
58422,5
58423,8
58424,17
58425,8
58426,7
58427,10
58428,7
58429,3
58430,18
58431,15
58432,1
58433,10
58434,7
58435,7
58436,11
58437,1
58438,6
58439,15
58440,19
58441,7
58442,19
58443,0
58444,15
58445,16
58446,20
58447,6
58448,11
58449,21
58450,1
58451,4
58452,17
58453,15
58454,22
58455,1
58456,8
58457,16
58458,1
58459,11
58460,13
58461,1
58462,7
58463,6
58464,4
58465,9
58466,9
58467,11
58468,6
58469,0
58470,7
58471,0
58472,11
58473,13
58474,7
58475,10
58476,19
58477,18
58478,19
58479,7
58480,3
58481,13
58482,15
58483,7
58484,18
58485,3
58486,8
58487,17
58488,18
58489,3
58490,19
58491,9
58492,7
58493,4
58494,7
58495,6
58496,15
58497,7
58498,13
58499,2
58500,5
58501,1
58502,6
58503,13
58504,7
58505,20
58506,1
58507,7
58508,14
58509,5
58510,0
58511,15
58512,1
58513,8
58514,5
58515,4
58516,9
58517,12
58518,21
58519,22
58520,13
58521,22
58522,7
58523,11
58524,7
58525,7
58526,4
58527,22
58528,5
58529,21
58530,2
58531,16
58532,15
58533,22
58534,14
58535,10
58536,9
58537,19
58538,4
58539,23
58540,16
58541,4
58542,15
58543,22
58544,11
58545,1
58546,21
58547,7
58548,4
58549,19
58550,6
58551,0
58552,18
58553,0
58554,15
58555,11
58556,2
58557,19
58558,19
58559,3
58560,10
58561,15
58562,7
58563,9
58564,12
58565,7
58566,1
58567,22
58568,13
58569,1
58570,9
58571,7
58572,17
58573,4
58574,16
58575,16
58576,5
58577,12
58578,16
58579,7
58580,1
58581,14
58582,19
58583,13
58584,9
58585,4
58586,5
58587,12
58588,17
58589,0
58590,21
58591,6
58592,3
58593,6
58594,16
58595,6
58596,11
58597,15
58598,12
58599,7
58600,11
58601,7
58602,16
58603,1
58604,13
58605,6
58606,6
58607,17
58608,3
58609,3
58610,4
58611,1
58612,6
58613,15
58614,16
58615,5
58616,14
58617,17
58618,20
58619,19
58620,6
58621,12
58622,12
58623,6
58624,7
58625,5
58626,7
58627,21
58628,17
58629,7
58630,17
58631,17
58632,11
58633,13
58634,17
58635,4
58636,19
58637,6
58638,5
58639,19
58640,7
58641,18
58642,5
58643,0
58644,13
58645,0
58646,7
58647,17
58648,18
58649,8
58650,7
58651,22
58652,7
58653,12
58654,14
58655,5
58656,12
58657,22
58658,13
58659,8
58660,8
58661,6
58662,11
58663,4
58664,21
58665,12
58666,3
58667,1
58668,20
58669,7
58670,21
58671,20
58672,11
58673,1
58674,22
58675,5
58676,4
58677,5
58678,16
58679,8
58680,19
58681,6
58682,18
58683,3
58684,4
58685,21
58686,20
58687,13
58688,7
58689,20
58690,10
58691,4
58692,7
58693,7
58694,1
58695,17
58696,7
58697,18
58698,23
58699,12
58700,5
58701,6
58702,4
58703,6
58704,20
58705,5
58706,7
58707,19
58708,17
58709,14
58710,0
58711,11
58712,15
58713,3
58714,18
58715,8
58716,1
58717,13
58718,4
58719,12
58720,22
58721,16
58722,15
58723,17
58724,1
58725,16
58726,9
58727,9
58728,7
58729,21
58730,19
58731,7
58732,18
58733,18
58734,19
58735,14
58736,9
58737,5
58738,19
58739,2
58740,15
58741,7
58742,1
58743,22
58744,11
58745,7
58746,9
58747,17
58748,17
58749,8
58750,20
58751,8
58752,16
58753,1
58754,11
58755,23
58756,19
58757,17
58758,2
58759,17
58760,22
58761,19
58762,9
58763,6
58764,14
58765,12
58766,22
58767,7
58768,14
58769,7
58770,6
58771,23
58772,10
58773,3
58774,1
58775,22
58776,7
58777,20
58778,6
58779,4
58780,13
58781,13
58782,15
58783,6
58784,13
58785,23
58786,0
58787,0
58788,1
58789,20
58790,7
58791,8
58792,13
58793,1
58794,15
58795,19
58796,8
58797,7
58798,8
58799,18
58800,3
58801,21
58802,10
58803,6
58804,11
58805,13
58806,11
58807,17
58808,19
58809,23
58810,13
58811,23
58812,15
58813,5
58814,6
58815,6
58816,8
58817,9
58818,4
58819,14
58820,11
58821,11
58822,18
58823,1
58824,4
58825,22
58826,13
58827,8
58828,1
58829,4
58830,8
58831,22
58832,8
58833,12
58834,1
58835,7
58836,7
58837,22
58838,19
58839,12
58840,21
58841,13
58842,3
58843,5
58844,10
58845,15
58846,11
58847,11
58848,1
58849,14
58850,19
58851,8
58852,17
58853,6
58854,1
58855,19
58856,13
58857,3
58858,21
58859,17
58860,17
58861,6
58862,7
58863,13
58864,4
58865,8
58866,9
58867,1
58868,6
58869,19
58870,12
58871,10
58872,15
58873,13
58874,22
58875,13
58876,6
58877,19
58878,11
58879,10
58880,15
58881,5
58882,4
58883,1
58884,6
58885,3
58886,10
58887,10
58888,16
58889,11
58890,9
58891,1
58892,8
58893,8
58894,15
58895,2
58896,16
58897,21
58898,15
58899,13
58900,22
58901,17
58902,8
58903,23
58904,0
58905,12
58906,13
58907,7
58908,13
58909,5
58910,16
58911,17
58912,4
58913,15
58914,14
58915,3
58916,21
58917,4
58918,21
58919,9
58920,11
58921,17
58922,15
58923,13
58924,5
58925,9
58926,12
58927,22
58928,15
58929,11
58930,4
58931,17
58932,0
58933,4
58934,19
58935,8
58936,1
58937,4
58938,16
58939,7
58940,3
58941,23
58942,4
58943,10
58944,13
58945,7
58946,15
58947,3
58948,7
58949,19
58950,19
58951,11
58952,5
58953,0
58954,7
58955,23
58956,11
58957,3
58958,19
58959,0
58960,9
58961,3
58962,7
58963,19
58964,15
58965,21
58966,9
58967,19
58968,19
58969,21
58970,3
58971,6
58972,17
58973,22
58974,2
58975,16
58976,17
58977,22
58978,15
58979,12
58980,8
58981,21
58982,7
58983,22
58984,9
58985,18
58986,21
58987,15
58988,11
58989,6
58990,17
58991,14
58992,21
58993,18
58994,14
58995,19
58996,23
58997,7
58998,7
58999,19
59000,8
59001,22
59002,6
59003,1
59004,4
59005,16
59006,23
59007,15
59008,15
59009,22
59010,7
59011,13
59012,5
59013,12
59014,2
59015,16
59016,4
59017,12
59018,11
59019,8
59020,23
59021,15
59022,12
59023,1
59024,7
59025,9
59026,1
59027,3
59028,19
59029,19
59030,4
59031,0
59032,13
59033,11
59034,22
59035,15
59036,15
59037,0
59038,22
59039,7
59040,8
59041,21
59042,7
59043,13
59044,13
59045,0
59046,21
59047,4
59048,23
59049,23
59050,3
59051,15
59052,7
59053,15
59054,17
59055,19
59056,9
59057,4
59058,20
59059,11
59060,12
59061,23
59062,4
59063,13
59064,8
59065,16
59066,22
59067,4
59068,5
59069,4
59070,7
59071,5
59072,9
59073,16
59074,7
59075,6
59076,7
59077,0
59078,7
59079,22
59080,7
59081,17
59082,6
59083,15
59084,15
59085,5
59086,9
59087,19
59088,4
59089,3
59090,21
59091,8
59092,7
59093,4
59094,4
59095,9
59096,6
59097,13
59098,5
59099,22
59100,22
59101,0
59102,15
59103,4
59104,8
59105,19
59106,4
59107,9
59108,12
59109,3
59110,7
59111,21
59112,23
59113,18
59114,20
59115,7
59116,10
59117,1
59118,19
59119,8
59120,3
59121,12
59122,1
59123,7
59124,6
59125,6
59126,17
59127,16
59128,1
59129,12
59130,14
59131,3
59132,17
59133,17
59134,21
59135,16
59136,11
59137,1
59138,22
59139,14
59140,18
59141,1
59142,4
59143,7
59144,19
59145,10
59146,1
59147,7
59148,22
59149,1
59150,1
59151,11
59152,4
59153,16
59154,21
59155,7
59156,15
59157,13
59158,1
59159,14
59160,23
59161,11
59162,5
59163,0
59164,15
59165,10
59166,10
59167,7
59168,8
59169,21
59170,22
59171,18
59172,17
59173,23
59174,11
59175,7
59176,21
59177,20
59178,6
59179,14
59180,21
59181,3
59182,19
59183,13
59184,7
59185,10
59186,4
59187,17
59188,13
59189,14
59190,23
59191,6
59192,14
59193,6
59194,12
59195,22
59196,16
59197,0
59198,5
59199,16
59200,12
59201,6
59202,6
59203,19
59204,15
59205,15
59206,0
59207,14
59208,14
59209,21
59210,4
59211,19
59212,4
59213,21
59214,9
59215,17
59216,1
59217,23
59218,11
59219,9
59220,1
59221,13
59222,6
59223,3
59224,22
59225,5
59226,12
59227,18
59228,15
59229,0
59230,13
59231,1
59232,15
59233,17
59234,17
59235,23
59236,19
59237,8
59238,22
59239,20
59240,8
59241,6
59242,18
59243,17
59244,10
59245,14
59246,0
59247,21
59248,7
59249,4
59250,18
59251,7
59252,19
59253,16
59254,7
59255,2
59256,19
59257,7
59258,7
59259,19
59260,19
59261,4
59262,22
59263,2
59264,7
59265,7
59266,19
59267,4
59268,11
59269,7
59270,8
59271,15
59272,8
59273,7
59274,17
59275,5
59276,10
59277,20
59278,15
59279,22
59280,8
59281,1
59282,22
59283,6
59284,13
59285,4
59286,3
59287,11
59288,12
59289,18
59290,21
59291,9
59292,12
59293,15
59294,9
59295,5
59296,17
59297,7
59298,1
59299,7
59300,11
59301,16
59302,14
59303,5
59304,1
59305,10
59306,13
59307,16
59308,20
59309,16
59310,21
59311,14
59312,22
59313,5
59314,3
59315,8
59316,3
59317,12
59318,3
59319,17
59320,19
59321,18
59322,16
59323,12
59324,16
59325,9
59326,11
59327,17
59328,19
59329,15
59330,6
59331,8
59332,14
59333,11
59334,10
59335,13
59336,5
59337,13
59338,3
59339,11
59340,4
59341,7
59342,1
59343,13
59344,22
59345,18
59346,13
59347,1
59348,15
59349,15
59350,19
59351,10
59352,19
59353,10
59354,23
59355,14
59356,19
59357,6
59358,7
59359,17
59360,23
59361,0
59362,23
59363,0
59364,1
59365,13
59366,0
59367,5
59368,4
59369,13
59370,5
59371,12
59372,8
59373,20
59374,13
59375,17
59376,13
59377,22
59378,15
59379,21
59380,16
59381,17
59382,8
59383,22
59384,10
59385,2
59386,5
59387,17
59388,19
59389,9
59390,7
59391,22
59392,11
59393,4
59394,16
59395,5
59396,23
59397,17
59398,22
59399,14
59400,13
59401,5
59402,1
59403,17
59404,19
59405,5
59406,0
59407,4
59408,20
59409,3
59410,17
59411,13
59412,15
59413,7
59414,4
59415,13
59416,5
59417,10
59418,6
59419,14
59420,8
59421,7
59422,13
59423,12
59424,4
59425,7
59426,15
59427,5
59428,11
59429,14
59430,6
59431,6
59432,4
59433,19
59434,10
59435,19
59436,4
59437,13
59438,11
59439,17
59440,17
59441,7
59442,14
59443,9
59444,1
59445,19
59446,15
59447,10
59448,1
59449,4
59450,22
59451,0
59452,19
59453,12
59454,20
59455,15
59456,19
59457,8
59458,17
59459,4
59460,14
59461,7
59462,3
59463,10
59464,13
59465,12
59466,5
59467,22
59468,7
59469,21
59470,4
59471,5
59472,22
59473,1
59474,16
59475,4
59476,3
59477,15
59478,7
59479,4
59480,13
59481,4
59482,23
59483,6
59484,9
59485,1
59486,10
59487,7
59488,0
59489,22
59490,17
59491,15
59492,23
59493,4
59494,23
59495,16
59496,4
59497,0
59498,20
59499,7
59500,7
59501,10
59502,13
59503,18
59504,22
59505,13
59506,10
59507,6
59508,1
59509,7
59510,17
59511,7
59512,4
59513,1
59514,22
59515,5
59516,9
59517,3
59518,9
59519,17
59520,20
59521,15
59522,9
59523,23
59524,18
59525,4
59526,12
59527,9
59528,10
59529,8
59530,20
59531,1
59532,13
59533,15
59534,10
59535,12
59536,16
59537,21
59538,6
59539,19
59540,18
59541,10
59542,12
59543,1
59544,19
59545,15
59546,20
59547,20
59548,9
59549,7
59550,13
59551,7
59552,13
59553,1
59554,7
59555,16
59556,22
59557,11
59558,19
59559,15
59560,7
59561,21
59562,2
59563,5
59564,20
59565,4
59566,14
59567,13
59568,1
59569,7
59570,22
59571,7
59572,15
59573,15
59574,14
59575,11
59576,8
59577,7
59578,7
59579,23
59580,20
59581,12
59582,20
59583,7
59584,20
59585,6
59586,7
59587,11
59588,0
59589,14
59590,3
59591,0
59592,4
59593,13
59594,6
59595,6
59596,22
59597,20
59598,10
59599,16
59600,10
59601,5
59602,1
59603,22
59604,10
59605,7
59606,6
59607,4
59608,19
59609,0
59610,15
59611,1
59612,21
59613,8
59614,7
59615,17
59616,22
59617,10
59618,19
59619,20
59620,18
59621,1
59622,15
59623,20
59624,5
59625,0
59626,11
59627,19
59628,21
59629,8
59630,11
59631,19
59632,23
59633,8
59634,17
59635,15
59636,4
59637,13
59638,20
59639,0
59640,7
59641,15
59642,15
59643,16
59644,17
59645,6
59646,11
59647,20
59648,10
59649,4
59650,17
59651,15
59652,8
59653,12
59654,16
59655,13
59656,19
59657,17
59658,12
59659,6
59660,20
59661,14
59662,22
59663,21
59664,18
59665,20
59666,12
59667,4
59668,0
59669,16
59670,15
59671,3
59672,12
59673,11
59674,10
59675,16
59676,12
59677,0
59678,8
59679,7
59680,10
59681,1
59682,13
59683,9
59684,21
59685,7
59686,7
59687,5
59688,11
59689,5
59690,6
59691,22
59692,5
59693,1
59694,0
59695,10
59696,11
59697,21
59698,14
59699,11
59700,9
59701,8
59702,6
59703,12
59704,4
59705,13
59706,6
59707,6
59708,23
59709,18
59710,22
59711,7
59712,22
59713,10
59714,9
59715,21
59716,13
59717,21
59718,1
59719,1
59720,19
59721,18
59722,3
59723,22
59724,7
59725,7
59726,22
59727,14
59728,15
59729,1
59730,11
59731,19
59732,16
59733,6
59734,20
59735,7
59736,9
59737,8
59738,6
59739,5
59740,5
59741,15
59742,22
59743,6
59744,9
59745,3
59746,3
59747,12
59748,7
59749,7
59750,5
59751,6
59752,5
59753,0
59754,0
59755,16
59756,15
59757,15
59758,3
59759,17
59760,15
59761,20
59762,14
59763,16
59764,10
59765,22
59766,21
59767,9
59768,11
59769,15
59770,9
59771,15
59772,20
59773,6
59774,12
59775,14
59776,21
59777,7
59778,22
59779,5
59780,0
59781,13
59782,0
59783,5
59784,13
59785,4
59786,23
59787,7
59788,11
59789,19
59790,16
59791,10
59792,0
59793,13
59794,18
59795,1
59796,12
59797,1
59798,17
59799,11
59800,8
59801,11
59802,20
59803,17
59804,12
59805,1
59806,0
59807,20
59808,11
59809,16
59810,11
59811,15
59812,21
59813,21
59814,22
59815,17
59816,5
59817,19
59818,0
59819,0
59820,23
59821,14
59822,6
59823,22
59824,20
59825,21
59826,22
59827,22
59828,12
59829,11
59830,11
59831,5
59832,19
59833,13
59834,23
59835,18
59836,9
59837,20
59838,6
59839,16
59840,15
59841,14
59842,7
59843,20
59844,9
59845,19
59846,7
59847,6
59848,13
59849,21
59850,0
59851,1
59852,4
59853,12
59854,9
59855,7
59856,1
59857,23
59858,8
59859,5
59860,1
59861,1
59862,19
59863,2
59864,22
59865,16
59866,3
59867,9
59868,6
59869,18
59870,12
59871,4
59872,12
59873,4
59874,3
59875,17
59876,10
59877,17
59878,23
59879,15
59880,9
59881,5
59882,7
59883,12
59884,7
59885,15
59886,2
59887,6
59888,18
59889,7
59890,7
59891,20
59892,18
59893,1
59894,23
59895,9
59896,17
59897,14
59898,6
59899,13
59900,4
59901,14
59902,13
59903,7
59904,3
59905,7
59906,5
59907,11
59908,13
59909,19
59910,7
59911,21
59912,7
59913,17
59914,20
59915,6
59916,6
59917,7
59918,14
59919,13
59920,7
59921,11
59922,19
59923,0
59924,7
59925,7
59926,5
59927,7
59928,4
59929,4
59930,13
59931,21
59932,4
59933,7
59934,10
59935,19
59936,2
59937,7
59938,4
59939,0
59940,14
59941,13
59942,22
59943,21
59944,22
59945,10
59946,7
59947,6
59948,22
59949,19
59950,4
59951,1
59952,4
59953,12
59954,18
59955,21
59956,8
59957,6
59958,13
59959,0
59960,3
59961,2
59962,6
59963,10
59964,7
59965,21
59966,0
59967,23
59968,19
59969,15
59970,23
59971,18
59972,22
59973,14
59974,12
59975,22
59976,19
59977,21
59978,15
59979,12
59980,22
59981,13
59982,5
59983,19
59984,11
59985,4
59986,13
59987,17
59988,4
59989,4
59990,7
59991,6
59992,12
59993,7
59994,21
59995,9
59996,13
59997,0
59998,19
59999,11
60000,17
60001,3
60002,9
60003,0
60004,14
60005,11
60006,11
60007,22
60008,5
60009,15
60010,17
60011,16
60012,0
60013,12
60014,1
60015,19
60016,20
60017,16
60018,1
60019,15
60020,1
60021,4
60022,13
60023,19
60024,15
60025,7
60026,2
60027,11
60028,10
60029,1
60030,22
60031,17
60032,11
60033,5
60034,11
60035,19
60036,11
60037,20
60038,5
60039,5
60040,19
60041,20
60042,14
60043,4
60044,15
60045,17
60046,13
60047,10
60048,14
60049,15
60050,1
60051,1
60052,10
60053,4
60054,4
60055,8
60056,16
60057,14
60058,7
60059,13
60060,15
60061,16
60062,16
60063,7
60064,19
60065,15
60066,13
60067,7
60068,7
60069,15
60070,5
60071,4
60072,4
60073,12
60074,23
60075,4
60076,17
60077,15
60078,3
60079,7
60080,4
60081,1
60082,11
60083,10
60084,20
60085,22
60086,4
60087,18
60088,11
60089,9
60090,23
60091,12
60092,6
60093,12
60094,13
60095,19
60096,8
60097,23
60098,22
60099,19
60100,3
60101,19
60102,11
60103,7
60104,4
60105,16
60106,23
60107,15
60108,16
60109,18
60110,7
60111,13
60112,7
60113,18
60114,15
60115,10
60116,0
60117,21
60118,17
60119,22
60120,15
60121,7
60122,6
60123,13
60124,15
60125,3
60126,4
60127,5
60128,0
60129,1
60130,13
60131,12
60132,18
60133,18
60134,6
60135,6
60136,13
60137,8
60138,23
60139,21
60140,21
60141,10
60142,12
60143,11
60144,6
60145,10
60146,19
60147,5
60148,7
60149,7
60150,12
60151,13
60152,0
60153,23
60154,6
60155,7
60156,17
60157,8
60158,7
60159,1
60160,21
60161,13
60162,5
60163,7
60164,15
60165,7
60166,7
60167,23
60168,22
60169,15
60170,17
60171,17
60172,22
60173,22
60174,1
60175,12
60176,22
60177,0
60178,16
60179,15
60180,6
60181,5
60182,10
60183,3
60184,15
60185,7
60186,22
60187,22
60188,15
60189,14
60190,20
60191,12
60192,9
60193,10
60194,4
60195,13
60196,8
60197,13
60198,4
60199,9
60200,21
60201,7
60202,22
60203,10
60204,17
60205,6
60206,18
60207,1
60208,15
60209,5
60210,4
60211,12
60212,1
60213,18
60214,10
60215,17
60216,12
60217,1
60218,0
60219,15
60220,13
60221,3
60222,15
60223,0
60224,15
60225,6
60226,16
60227,8
60228,12
60229,12
60230,17
60231,3
60232,22
60233,2
60234,3
60235,8
60236,9
60237,8
60238,5
60239,23
60240,23
60241,10
60242,1
60243,19
60244,9
60245,12
60246,13
60247,21
60248,7
60249,10
60250,15
60251,5
60252,7
60253,4
60254,12
60255,8
60256,13
60257,6
60258,6
60259,18
60260,12
60261,16
60262,10
60263,4
60264,22
60265,14
60266,15
60267,15
60268,11
60269,12
60270,11
60271,13
60272,9
60273,9
60274,7
60275,1
60276,11
60277,22
60278,19
60279,22
60280,0
60281,4
60282,17
60283,20
60284,22
60285,1
60286,4
60287,11
60288,13
60289,5
60290,16
60291,17
60292,9
60293,1
60294,15
60295,13
60296,17
60297,7
60298,7
60299,7
60300,18
60301,20
60302,1
60303,15
60304,1
60305,14
60306,13
60307,17
60308,20
60309,8
60310,10
60311,15
60312,6
60313,19
60314,5
60315,6
60316,7
60317,19
60318,7
60319,22
60320,22
60321,1
60322,1
60323,5
60324,15
60325,17
60326,19
60327,11
60328,6
60329,15
60330,10
60331,21
60332,22
60333,7
60334,15
60335,11
60336,19
60337,22
60338,4
60339,10
60340,23
60341,13
60342,9
60343,20
60344,19
60345,8
60346,18
60347,18
60348,15
60349,6
60350,14
60351,8
60352,13
60353,9
60354,10
60355,23
60356,11
60357,7
60358,21
60359,1
60360,5
60361,22
60362,15
60363,0
60364,11
60365,6
60366,22
60367,10
60368,22
60369,14
60370,12
60371,9
60372,16
60373,18
60374,4
60375,7
60376,19
60377,6
60378,17
60379,18
60380,16
60381,17
60382,4
60383,10
60384,5
60385,0
60386,4
60387,20
60388,7
60389,18
60390,16
60391,11
60392,21
60393,14
60394,15
60395,9
60396,7
60397,15
60398,18
60399,6
60400,17
60401,13
60402,6
60403,7
60404,14
60405,22
60406,22
60407,12
60408,11
60409,15
60410,21
60411,5
60412,0
60413,12
60414,9
60415,15
60416,10
60417,1
60418,16
60419,5
60420,20
60421,8
60422,4
60423,8
60424,22
60425,21
60426,19
60427,11
60428,4
60429,13
60430,17
60431,18
60432,9
60433,6
60434,21
60435,14
60436,7
60437,22
60438,17
60439,8
60440,4
60441,18
60442,14
60443,22
60444,3
60445,15
60446,13
60447,19
60448,19
60449,5
60450,17
60451,6
60452,23
60453,23
60454,8
60455,4
60456,0
60457,5
60458,15
60459,22
60460,23
60461,3
60462,22
60463,1
60464,15
60465,13
60466,4
60467,20
60468,7
60469,4
60470,8
60471,4
60472,19
60473,7
60474,12
60475,23
60476,23
60477,4
60478,5
60479,7
60480,19
60481,20
60482,7
60483,15
60484,1
60485,19
60486,5
60487,7
60488,7
60489,23
60490,3
60491,1
60492,13
60493,15
60494,9
60495,4
60496,11
60497,16
60498,4
60499,6
60500,8
60501,13
60502,15
60503,8
60504,5
60505,4
60506,10
60507,7
60508,16
60509,21
60510,11
60511,4
60512,15
60513,22
60514,1
60515,12
60516,7
60517,15
60518,22
60519,11
60520,6
60521,8
60522,6
60523,3
60524,6
60525,15
60526,5
60527,1
60528,13
60529,5
60530,1
60531,16
60532,4
60533,6
60534,3
60535,5
60536,7
60537,4
60538,1
60539,15
60540,0
60541,1
60542,11
60543,19
60544,22
60545,15
60546,19
60547,7
60548,11
60549,1
60550,11
60551,7
60552,12
60553,9
60554,8
60555,7
60556,1
60557,4
60558,17
60559,17
60560,7
60561,15
60562,5
60563,13
60564,17
60565,5
60566,0
60567,11
60568,19
60569,22
60570,15
60571,12
60572,11
60573,6
60574,7
60575,22
60576,7
60577,5
60578,17
60579,19
60580,22
60581,3
60582,17
60583,14
60584,13
60585,6
60586,0
60587,4
60588,0
60589,18
60590,8
60591,22
60592,21
60593,23
60594,15
60595,15
60596,5
60597,7
60598,7
60599,11
60600,15
60601,4
60602,5
60603,19
60604,20
60605,19
60606,7
60607,6
60608,17
60609,5
60610,18
60611,7
60612,22
60613,16
60614,8
60615,1
60616,21
60617,13
60618,11
60619,8
60620,18
60621,6
60622,4
60623,6
60624,22
60625,4
60626,23
60627,4
60628,21
60629,4
60630,10
60631,12
60632,17
60633,13
60634,0
60635,17
60636,15
60637,7
60638,16
60639,16
60640,7
60641,20
60642,9
60643,4
60644,8
60645,13
60646,0
60647,1
60648,9
60649,19
60650,6
60651,19
60652,15
60653,4
60654,13
60655,5
60656,12
60657,9
60658,13
60659,13
60660,7
60661,17
60662,16
60663,0
60664,0
60665,17
60666,0
60667,14
60668,7
60669,7
60670,12
60671,13
60672,1
60673,1
60674,6
60675,1
60676,18
60677,15
60678,16
60679,12
60680,15
60681,7
60682,11
60683,19
60684,3
60685,6
60686,13
60687,9
60688,21
60689,7
60690,12
60691,23
60692,23
60693,5
60694,0
60695,1
60696,6
60697,18
60698,9
60699,3
60700,12
60701,0
60702,8
60703,17
60704,22
60705,12
60706,19
60707,6
60708,13
60709,23
60710,14
60711,1
60712,16
60713,18
60714,6
60715,1
60716,21
60717,4
60718,15
60719,14
60720,23
60721,12
60722,11
60723,1
60724,0
60725,15
60726,22
60727,11
60728,7
60729,19
60730,0
60731,8
60732,17
60733,12
60734,12
60735,14
60736,19
60737,6
60738,18
60739,14
60740,13
60741,11
60742,15
60743,19
60744,13
60745,15
60746,12
60747,2
60748,22
60749,0
60750,18
60751,11
60752,8
60753,13
60754,6
60755,15
60756,8
60757,17
60758,9
60759,0
60760,11
60761,22
60762,0
60763,7
60764,12
60765,21
60766,17
60767,7
60768,22
60769,19
60770,23
60771,6
60772,2
60773,7
60774,8
60775,20
60776,1
60777,0
60778,17
60779,1
60780,19
60781,4
60782,22
60783,19
60784,17
60785,1
60786,20
60787,23
60788,15
60789,14
60790,22
60791,13
60792,8
60793,6
60794,8
60795,12
60796,18
60797,7
60798,21
60799,15
60800,19
60801,6
60802,5
60803,7
60804,12
60805,21
60806,0
60807,9
60808,8
60809,13
60810,11
60811,1
60812,16
60813,13
60814,7
60815,1
60816,22
60817,12
60818,5
60819,18
60820,8
60821,16
60822,4
60823,16
60824,11
60825,7
60826,6
60827,4
60828,13
60829,18
60830,3
60831,17
60832,1
60833,17
60834,15
60835,8
60836,13
60837,22
60838,17
60839,11
60840,5
60841,18
60842,13
60843,0
60844,6
60845,13
60846,22
60847,1
60848,6
60849,16
60850,7
60851,13
60852,3
60853,13
60854,11
60855,4
60856,1
60857,11
60858,11
60859,13
60860,5
60861,5
60862,15
60863,10
60864,6
60865,3
60866,6
60867,7
60868,19
60869,13
60870,20
60871,17
60872,7
60873,0
60874,10
60875,5
60876,9
60877,4
60878,7
60879,19
60880,23
60881,4
60882,15
60883,22
60884,3
60885,22
60886,12
60887,17
60888,8
60889,15
60890,4
60891,7
60892,13
60893,13
60894,15
60895,3
60896,4
60897,15
60898,6
60899,5
60900,20
60901,9
60902,5
60903,1
60904,7
60905,1
60906,14
60907,7
60908,18
60909,7
60910,5
60911,4
60912,19
60913,14
60914,23
60915,6
60916,5
60917,9
60918,22
60919,14
60920,22
60921,5
60922,11
60923,16
60924,15
60925,11
60926,23
60927,5
60928,7
60929,14
60930,9
60931,22
60932,1
60933,13
60934,5
60935,14
60936,7
60937,20
60938,5
60939,9
60940,13
60941,1
60942,15
60943,6
60944,17
60945,0
60946,22
60947,3
60948,10
60949,3
60950,7
60951,21
60952,6
60953,8
60954,11
60955,17
60956,19
60957,15
60958,4
60959,20
60960,6
60961,15
60962,16
60963,7
60964,8
60965,3
60966,14
60967,3
60968,8
60969,4
60970,3
60971,13
60972,6
60973,7
60974,0
60975,6
60976,4
60977,19
60978,7
60979,7
60980,6
60981,14
60982,7
60983,23
60984,15
60985,6
60986,1
60987,8
60988,13
60989,15
60990,4
60991,21
60992,18
60993,12
60994,16
60995,14
60996,19
60997,5
60998,21
60999,12
61000,13
61001,11
61002,4
61003,8
61004,22
61005,0
61006,9
61007,11
61008,21
61009,13
61010,12
61011,9
61012,16
61013,1
61014,15
61015,3
61016,19
61017,7
61018,15
61019,22
61020,12
61021,1
61022,1
61023,17
61024,9
61025,1
61026,6
61027,1
61028,0
61029,21
61030,7
61031,8
61032,20
61033,14
61034,22
61035,13
61036,6
61037,22
61038,21
61039,6
61040,12
61041,6
61042,6
61043,12
61044,13
61045,4
61046,15
61047,7
61048,20
61049,11
61050,7
61051,22
61052,3
61053,8
61054,22
61055,20
61056,1
61057,18
61058,8
61059,19
61060,11
61061,10
61062,21
61063,10
61064,12
61065,0
61066,13
61067,11
61068,7
61069,0
61070,19
61071,9
61072,21
61073,16
61074,3
61075,14
61076,21
61077,13
61078,12
61079,7
61080,22
61081,6
61082,11
61083,16
61084,7
61085,21
61086,1
61087,10
61088,19
61089,8
61090,22
61091,2
61092,18
61093,18
61094,19
61095,7
61096,5
61097,8
61098,5
61099,0
61100,7
61101,15
61102,3
61103,10
61104,15
61105,4
61106,5
61107,8
61108,0
61109,1
61110,13
61111,15
61112,17
61113,7
61114,13
61115,0
61116,11
61117,7
61118,18
61119,7
61120,12
61121,6
61122,7
61123,1
61124,18
61125,11
61126,9
61127,16
61128,5
61129,11
61130,5
61131,14
61132,16
61133,10
61134,10
61135,7
61136,4
61137,22
61138,12
61139,13
61140,15
61141,19
61142,1
61143,17
61144,16
61145,19
61146,20
61147,6
61148,14
61149,19
61150,3
61151,3
61152,4
61153,7
61154,8
61155,5
61156,11
61157,15
61158,22
61159,7
61160,19
61161,7
61162,4
61163,7
61164,7
61165,13
61166,15
61167,22
61168,23
61169,9
61170,0
61171,10
61172,6
61173,0
61174,20
61175,0
61176,5
61177,22
61178,7
61179,13
61180,1
61181,13
61182,23
61183,10
61184,10
61185,1
61186,14
61187,13
61188,11
61189,20
61190,0
61191,1
61192,18
61193,20
61194,19
61195,3
61196,0
61197,12
61198,15
61199,4
61200,14
61201,17
61202,8
61203,23
61204,13
61205,13
61206,18
61207,7
61208,11
61209,19
61210,7
61211,22
61212,7
61213,18
61214,7
61215,12
61216,19
61217,0
61218,22
61219,5
61220,22
61221,18
61222,11
61223,11
61224,4
61225,19
61226,7
61227,21
61228,19
61229,21
61230,5
61231,9
61232,14
61233,0
61234,15
61235,20
61236,19
61237,0
61238,12
61239,23
61240,19
61241,9
61242,22
61243,4
61244,12
61245,23
61246,7
61247,15
61248,1
61249,13
61250,1
61251,15
61252,22
61253,1
61254,5
61255,20
61256,10
61257,13
61258,0
61259,11
61260,3
61261,18
61262,6
61263,11
61264,21
61265,13
61266,6
61267,4
61268,13
61269,4
61270,7
61271,11
61272,7
61273,1
61274,7
61275,8
61276,23
61277,19
61278,12
61279,19
61280,9
61281,19
61282,23
61283,3
61284,14
61285,12
61286,15
61287,5
61288,20
61289,21
61290,11
61291,19
61292,0
61293,22
61294,10
61295,2
61296,23
61297,15
61298,17
61299,0
61300,23
61301,22
61302,13
61303,15
61304,7
61305,14
61306,21
61307,16
61308,16
61309,18
61310,20
61311,4
61312,20
61313,21
61314,5
61315,18
61316,7
61317,13
61318,12
61319,15
61320,1
61321,15
61322,9
61323,5
61324,0
61325,0
61326,12
61327,11
61328,19
61329,21
61330,8
61331,19
61332,15
61333,18
61334,13
61335,15
61336,21
61337,15
61338,13
61339,5
61340,8
61341,7
61342,0
61343,1
61344,4
61345,12
61346,17
61347,0
61348,20
61349,7
61350,21
61351,5
61352,16
61353,18
61354,7
61355,7
61356,15
61357,14
61358,15
61359,5
61360,22
61361,0
61362,21
61363,7
61364,7
61365,4
61366,10
61367,4
61368,20
61369,4
61370,13
61371,4
61372,3
61373,7
61374,9
61375,7
61376,22
61377,15
61378,22
61379,12
61380,14
61381,4
61382,1
61383,7
61384,12
61385,6
61386,10
61387,0
61388,13
61389,22
61390,18
61391,13
61392,1
61393,8
61394,19
61395,4
61396,7
61397,5
61398,19
61399,12
61400,7
61401,6
61402,4
61403,7
61404,1
61405,1
61406,15
61407,0
61408,15
61409,13
61410,8
61411,12
61412,23
61413,13
61414,0
61415,18
61416,5
61417,22
61418,1
61419,11
61420,21
61421,17
61422,0
61423,5
61424,1
61425,4
61426,0
61427,0
61428,4
61429,11
61430,15
61431,20
61432,19
61433,11
61434,10
61435,3
61436,4
61437,12
61438,17
61439,17
61440,17
61441,19
61442,17
61443,19
61444,6
61445,14
61446,13
61447,5
61448,4
61449,16
61450,17
61451,16
61452,3
61453,6
61454,19
61455,7
61456,13
61457,15
61458,23
61459,11
61460,7
61461,18
61462,0
61463,20
61464,22
61465,1
61466,4
61467,4
61468,22
61469,1
61470,10
61471,20
61472,16
61473,10
61474,13
61475,23
61476,7
61477,10
61478,9
61479,22
61480,15
61481,13
61482,9
61483,10
61484,15
61485,1
61486,19
61487,22
61488,8
61489,15
61490,13
61491,1
61492,1
61493,19
61494,13
61495,11
61496,15
61497,20
61498,18
61499,14
61500,7
61501,1
61502,4
61503,16
61504,20
61505,12
61506,20
61507,12
61508,4
61509,11
61510,14
61511,0
61512,1
61513,7
61514,4
61515,6
61516,22
61517,4
61518,6
61519,19
61520,20
61521,6
61522,8
61523,20
61524,15
61525,23
61526,4
61527,14
61528,0
61529,19
61530,7
61531,1
61532,13
61533,6
61534,7
61535,5
61536,17
61537,7
61538,5
61539,20
61540,20
61541,7
61542,16
61543,6
61544,0
61545,15
61546,13
61547,23
61548,4
61549,1
61550,4
61551,4
61552,16
61553,9
61554,22
61555,9
61556,15
61557,18
61558,5
61559,18
61560,13
61561,12
61562,1
61563,23
61564,7
61565,19
61566,4
61567,13
61568,21
61569,13
61570,15
61571,7
61572,20
61573,11
61574,11
61575,15
61576,7
61577,13
61578,11
61579,19
61580,22
61581,8
61582,3
61583,7
61584,14
61585,1
61586,0
61587,6
61588,8
61589,10
61590,13
61591,21
61592,19
61593,6
61594,8
61595,7
61596,12
61597,4
61598,19
61599,19
61600,19
61601,11
61602,7
61603,8
61604,20
61605,8
61606,9
61607,19
61608,20
61609,0
61610,10
61611,6
61612,20
61613,22
61614,21
61615,22
61616,21
61617,18
61618,0
61619,18
61620,17
61621,8
61622,21
61623,20
61624,7
61625,6
61626,0
61627,19
61628,22
61629,23
61630,2
61631,15
61632,15
61633,7
61634,3
61635,13
61636,21
61637,6
61638,12
61639,6
61640,0
61641,19
61642,22
61643,16
61644,1
61645,9
61646,9
61647,5
61648,8
61649,6
61650,4
61651,15
61652,4
61653,3
61654,3
61655,0
61656,12
61657,7
61658,9
61659,16
61660,22
61661,19
61662,18
61663,4
61664,0
61665,20
61666,0
61667,12
61668,18
61669,3
61670,17
61671,0
61672,4
61673,5
61674,21
61675,18
61676,5
61677,22
61678,13
61679,15
61680,7
61681,17
61682,0
61683,15
61684,1
61685,23
61686,1
61687,11
61688,7
61689,15
61690,15
61691,16
61692,15
61693,1
61694,5
61695,1
61696,12
61697,11
61698,6
61699,7
61700,6
61701,6
61702,15
61703,19
61704,18
61705,16
61706,7
61707,4
61708,22
61709,18
61710,0
61711,21
61712,5
61713,1
61714,13
61715,23
61716,6
61717,7
61718,8
61719,10
61720,9
61721,18
61722,11
61723,0
61724,8
61725,7
61726,22
61727,7
61728,8
61729,4
61730,7
61731,20
61732,0
61733,17
61734,11
61735,7
61736,6
61737,15
61738,17
61739,0
61740,7
61741,9
61742,20
61743,0
61744,3
61745,22
61746,3
61747,4
61748,9
61749,9
61750,13
61751,19
61752,18
61753,16
61754,5
61755,19
61756,12
61757,12
61758,7
61759,0
61760,14
61761,22
61762,5
61763,0
61764,15
61765,7
61766,15
61767,6
61768,12
61769,11
61770,4
61771,15
61772,19
61773,16
61774,6
61775,7
61776,9
61777,16
61778,7
61779,13
61780,20
61781,18
61782,17
61783,22
61784,3
61785,13
61786,4
61787,10
61788,1
61789,4
61790,1
61791,15
61792,7
61793,11
61794,11
61795,23
61796,8
61797,10
61798,23
61799,10
61800,13
61801,15
61802,15
61803,18
61804,20
61805,12
61806,11
61807,10
61808,4
61809,18
61810,10
61811,4
61812,15
61813,1
61814,4
61815,9
61816,4
61817,13
61818,17
61819,18
61820,12
61821,7
61822,23
61823,12
61824,1
61825,4
61826,7
61827,23
61828,22
61829,7
61830,17
61831,1
61832,6
61833,17
61834,7
61835,4
61836,1
61837,13
61838,7
61839,17
61840,6
61841,10
61842,3
61843,22
61844,1
61845,23
61846,3
61847,18
61848,0
61849,17
61850,19
61851,17
61852,4
61853,7
61854,10
61855,7
61856,1
61857,21
61858,9
61859,7
61860,13
61861,20
61862,15
61863,14
61864,11
61865,1
61866,21
61867,0
61868,23
61869,13
61870,21
61871,10
61872,0
61873,4
61874,19
61875,19
61876,13
61877,17
61878,17
61879,6
61880,1
61881,10
61882,22
61883,23
61884,17
61885,11
61886,15
61887,14
61888,16
61889,10
61890,7
61891,23
61892,1
61893,19
61894,6
61895,19
61896,1
61897,18
61898,15
61899,11
61900,9
61901,18
61902,7
61903,8
61904,18
61905,6
61906,1
61907,9
61908,1
61909,15
61910,7
61911,6
61912,17
61913,7
61914,22
61915,19
61916,9
61917,10
61918,6
61919,19
61920,23
61921,15
61922,0
61923,14
61924,6
61925,15
61926,16
61927,22
61928,22
61929,18
61930,5
61931,15
61932,16
61933,4
61934,7
61935,3
61936,0
61937,17
61938,0
61939,15
61940,15
61941,19
61942,7
61943,20
61944,12
61945,17
61946,1
61947,23
61948,19
61949,22
61950,4
61951,13
61952,4
61953,11
61954,4
61955,9
61956,4
61957,8
61958,14
61959,13
61960,7
61961,21
61962,1
61963,15
61964,14
61965,11
61966,4
61967,13
61968,7
61969,7
61970,1
61971,15
61972,18
61973,12
61974,9
61975,2
61976,7
61977,0
61978,7
61979,10
61980,16
61981,15
61982,7
61983,0
61984,20
61985,17
61986,21
61987,19
61988,7
61989,18
61990,21
61991,7
61992,0
61993,13
61994,7
61995,17
61996,22
61997,12
61998,11
61999,21
62000,11
62001,16
62002,11
62003,17
62004,0
62005,15
62006,12
62007,7
62008,17
62009,16
62010,18
62011,6
62012,15
62013,18
62014,13
62015,4
62016,19
62017,15
62018,6
62019,4
62020,20
62021,6
62022,15
62023,7
62024,10
62025,8
62026,14
62027,4
62028,15
62029,22
62030,20
62031,5
62032,20
62033,23
62034,13
62035,0
62036,6
62037,16
62038,13
62039,11
62040,10
62041,15
62042,12
62043,17
62044,1
62045,14
62046,9
62047,6
62048,6
62049,23
62050,1
62051,8
62052,1
62053,7
62054,18
62055,8
62056,4
62057,5
62058,23
62059,9
62060,15
62061,3
62062,20
62063,6
62064,12
62065,7
62066,19
62067,7
62068,13
62069,5
62070,18
62071,6
62072,1
62073,12
62074,1
62075,19
62076,1
62077,7
62078,20
62079,1
62080,2
62081,13
62082,15
62083,11
62084,21
62085,7
62086,11
62087,1
62088,21
62089,18
62090,13
62091,19
62092,4
62093,12
62094,11
62095,16
62096,20
62097,12
62098,13
62099,7
62100,17
62101,1
62102,0
62103,9
62104,4
62105,8
62106,16
62107,5
62108,9
62109,0
62110,7
62111,15
62112,14
62113,4
62114,15
62115,10
62116,7
62117,5
62118,5
62119,21
62120,4
62121,3
62122,19
62123,19
62124,7
62125,6
62126,15
62127,5
62128,17
62129,8
62130,22
62131,15
62132,8
62133,7
62134,2
62135,21
62136,22
62137,23
62138,7
62139,1
62140,12
62141,18
62142,15
62143,19
62144,13
62145,4
62146,7
62147,4
62148,0
62149,19
62150,21
62151,7
62152,17
62153,7
62154,21
62155,15
62156,17
62157,13
62158,11
62159,17
62160,19
62161,20
62162,22
62163,13
62164,4
62165,5
62166,22
62167,6
62168,4
62169,4
62170,15
62171,16
62172,2
62173,6
62174,7
62175,13
62176,15
62177,1
62178,20
62179,13
62180,1
62181,17
62182,7
62183,5
62184,13
62185,7
62186,19
62187,22
62188,6
62189,8
62190,23
62191,19
62192,12
62193,20
62194,21
62195,0
62196,12
62197,15
62198,7
62199,12
62200,7
62201,14
62202,7
62203,19
62204,10
62205,17
62206,6
62207,8
62208,4
62209,3
62210,1
62211,4
62212,20
62213,10
62214,19
62215,7
62216,6
62217,10
62218,2
62219,0
62220,7
62221,22
62222,9
62223,1
62224,3
62225,18
62226,13
62227,3
62228,20
62229,21
62230,5
62231,17
62232,17
62233,7
62234,19
62235,4
62236,6
62237,22
62238,11
62239,15
62240,16
62241,12
62242,19
62243,19
62244,11
62245,20
62246,1
62247,17
62248,10
62249,16
62250,9
62251,13
62252,22
62253,2
62254,2
62255,15
62256,15
62257,18
62258,21
62259,23
62260,7
62261,13
62262,11
62263,23
62264,5
62265,21
62266,8
62267,21
62268,11
62269,23
62270,23
62271,14
62272,1
62273,6
62274,5
62275,4
62276,4
62277,12
62278,20
62279,6
62280,8
62281,15
62282,23
62283,9
62284,9
62285,6
62286,19
62287,16
62288,9
62289,4
62290,14
62291,7
62292,20
62293,12
62294,10
62295,20
62296,5
62297,11
62298,4
62299,0
62300,8
62301,12
62302,4
62303,22
62304,0
62305,0
62306,15
62307,13
62308,17
62309,9
62310,5
62311,4
62312,18
62313,17
62314,11
62315,13
62316,0
62317,23
62318,1
62319,17
62320,9
62321,22
62322,9
62323,3
62324,11
62325,23
62326,12
62327,18
62328,15
62329,16
62330,10
62331,17
62332,15
62333,18
62334,7
62335,7
62336,14
62337,1
62338,18
62339,19
62340,17
62341,12
62342,6
62343,23
62344,7
62345,21
62346,23
62347,13
62348,7
62349,21
62350,4
62351,14
62352,0
62353,7
62354,7
62355,6
62356,1
62357,7
62358,11
62359,22
62360,21
62361,7
62362,11
62363,6
62364,17
62365,0
62366,9
62367,4
62368,4
62369,13
62370,16
62371,17
62372,20
62373,22
62374,14
62375,6
62376,6
62377,11
62378,6
62379,15
62380,6
62381,3
62382,22
62383,10
62384,13
62385,11
62386,4
62387,3
62388,20
62389,5
62390,12
62391,15
62392,7
62393,22
62394,0
62395,7
62396,21
62397,16
62398,19
62399,19
62400,7
62401,0
62402,9
62403,20
62404,4
62405,0
62406,10
62407,1
62408,4
62409,1
62410,22
62411,7
62412,1
62413,11
62414,16
62415,23
62416,9
62417,4
62418,10
62419,21
62420,18
62421,16
62422,4
62423,6
62424,20
62425,20
62426,11
62427,20
62428,7
62429,18
62430,15
62431,16
62432,10
62433,7
62434,19
62435,11
62436,20
62437,7
62438,21
62439,13
62440,16
62441,1
62442,20
62443,15
62444,20
62445,10
62446,6
62447,4
62448,15
62449,18
62450,19
62451,17
62452,9
62453,14
62454,13
62455,11
62456,5
62457,19
62458,13
62459,23
62460,22
62461,6
62462,11
62463,15
62464,18
62465,17
62466,21
62467,7
62468,12
62469,14
62470,8
62471,11
62472,22
62473,22
62474,8
62475,14
62476,12
62477,9
62478,1
62479,23
62480,5
62481,12
62482,10
62483,5
62484,5
62485,9
62486,4
62487,22
62488,21
62489,1
62490,16
62491,19
62492,22
62493,7
62494,4
62495,7
62496,17
62497,1
62498,5
62499,10
62500,21
62501,16
62502,0
62503,7
62504,6
62505,16
62506,12
62507,22
62508,22
62509,14
62510,11
62511,8
62512,11
62513,6
62514,18
62515,15
62516,8
62517,4
62518,4
62519,13
62520,14
62521,13
62522,21
62523,9
62524,19
62525,7
62526,1
62527,3
62528,23
62529,22
62530,13
62531,12
62532,9
62533,17
62534,6
62535,9
62536,19
62537,10
62538,7
62539,7
62540,1
62541,11
62542,5
62543,7
62544,2
62545,17
62546,15
62547,12
62548,13
62549,21
62550,10
62551,8
62552,19
62553,19
62554,0
62555,21
62556,10
62557,6
62558,19
62559,19
62560,11
62561,19
62562,21
62563,7
62564,13
62565,17
62566,9
62567,15
62568,21
62569,13
62570,6
62571,9
62572,23
62573,19
62574,0
62575,11
62576,7
62577,4
62578,15
62579,1
62580,16
62581,13
62582,7
62583,5
62584,7
62585,5
62586,7
62587,5
62588,14
62589,0
62590,13
62591,6
62592,20
62593,17
62594,22
62595,13
62596,19
62597,7
62598,4
62599,7
62600,13
62601,15
62602,7
62603,7
62604,16
62605,7
62606,10
62607,13
62608,5
62609,21
62610,21
62611,12
62612,20
62613,6
62614,14
62615,13
62616,21
62617,20
62618,7
62619,7
62620,4
62621,22
62622,17
62623,8
62624,4
62625,17
62626,6
62627,1
62628,4
62629,3
62630,20
62631,17
62632,0
62633,8
62634,13
62635,17
62636,9
62637,7
62638,18
62639,4
62640,15
62641,9
62642,15
62643,13
62644,7
62645,14
62646,14
62647,13
62648,16
62649,8
62650,12
62651,7
62652,22
62653,13
62654,4
62655,4
62656,0
62657,12
62658,7
62659,23
62660,6
62661,22
62662,7
62663,23
62664,3
62665,6
62666,6
62667,18
62668,3
62669,22
62670,4
62671,22
62672,19
62673,10
62674,10
62675,21
62676,4
62677,16
62678,21
62679,7
62680,9
62681,15
62682,17
62683,3
62684,15
62685,7
62686,17
62687,9
62688,19
62689,19
62690,8
62691,13
62692,1
62693,6
62694,10
62695,22
62696,2
62697,3
62698,11
62699,12
62700,15
62701,4
62702,7
62703,7
62704,11
62705,17
62706,0
62707,19
62708,4
62709,18
62710,17
62711,3
62712,13
62713,22
62714,7
62715,23
62716,7
62717,4
62718,21
62719,23
62720,17
62721,0
62722,7
62723,6
62724,13
62725,10
62726,17
62727,3
62728,13
62729,0
62730,9
62731,12
62732,0
62733,6
62734,20
62735,17
62736,7
62737,7
62738,8
62739,15
62740,13
62741,22
62742,17
62743,22
62744,4
62745,16
62746,4
62747,17
62748,13
62749,4
62750,22
62751,7
62752,8
62753,17
62754,18
62755,4
62756,23
62757,8
62758,7
62759,16
62760,5
62761,1
62762,23
62763,23
62764,22
62765,13
62766,7
62767,7
62768,15
62769,15
62770,0
62771,22
62772,12
62773,4
62774,9
62775,19
62776,15
62777,1
62778,13
62779,15
62780,10
62781,17
62782,20
62783,12
62784,15
62785,6
62786,18
62787,15
62788,0
62789,15
62790,18
62791,0
62792,12
62793,19
62794,21
62795,0
62796,7
62797,8
62798,5
62799,22
62800,11
62801,16
62802,14
62803,7
62804,2
62805,19
62806,20
62807,12
62808,11
62809,7
62810,16
62811,18
62812,7
62813,20
62814,17
62815,0
62816,21
62817,7
62818,2
62819,15
62820,23
62821,1
62822,17
62823,4
62824,1
62825,10
62826,3
62827,5
62828,3
62829,9
62830,7
62831,11
62832,4
62833,7
62834,21
62835,21
62836,19
62837,22
62838,1
62839,22
62840,1
62841,13
62842,22
62843,1
62844,0
62845,4
62846,14
62847,1
62848,21
62849,4
62850,12
62851,15
62852,7
62853,23
62854,0
62855,8
62856,8
62857,13
62858,8
62859,11
62860,9
62861,22
62862,5
62863,8
62864,5
62865,6
62866,1
62867,11
62868,4
62869,8
62870,14
62871,23
62872,9
62873,12
62874,7
62875,10
62876,15
62877,4
62878,21
62879,13
62880,2
62881,19
62882,7
62883,15
62884,3
62885,10
62886,0
62887,21
62888,1
62889,22
62890,17
62891,4
62892,9
62893,21
62894,6
62895,19
62896,22
62897,8
62898,8
62899,7
62900,14
62901,3
62902,16
62903,8
62904,12
62905,13
62906,22
62907,12
62908,9
62909,7
62910,19
62911,10
62912,4
62913,7
62914,21
62915,1
62916,11
62917,3
62918,17
62919,0
62920,3
62921,19
62922,17
62923,9
62924,5
62925,19
62926,1
62927,3
62928,14
62929,19
62930,7
62931,3
62932,5
62933,18
62934,5
62935,11
62936,4
62937,18
62938,16
62939,12
62940,4
62941,7
62942,23
62943,22
62944,7
62945,18
62946,4
62947,13
62948,5
62949,1
62950,12
62951,3
62952,10
62953,11
62954,11
62955,14
62956,8
62957,0
62958,12
62959,21
62960,7
62961,21
62962,9
62963,7
62964,7
62965,11
62966,6
62967,19
62968,7
62969,3
62970,11
62971,18
62972,10
62973,4
62974,7
62975,3
62976,11
62977,21
62978,16
62979,0
62980,7
62981,14
62982,7
62983,12
62984,5
62985,3
62986,15
62987,15
62988,1
62989,11
62990,22
62991,23
62992,15
62993,18
62994,0
62995,4
62996,11
62997,12
62998,7
62999,7
63000,13
63001,10
63002,19
63003,22
63004,11
63005,0
63006,8
63007,17
63008,1
63009,11
63010,16
63011,7
63012,17
63013,8
63014,10
63015,15
63016,15
63017,19
63018,13
63019,16
63020,22
63021,14
63022,6
63023,4
63024,6
63025,5
63026,15
63027,15
63028,6
63029,15
63030,19
63031,7
63032,7
63033,7
63034,3
63035,19
63036,22
63037,6
63038,13
63039,11
63040,17
63041,16
63042,5
63043,1
63044,7
63045,11
63046,0
63047,19
63048,12
63049,4
63050,7
63051,12
63052,1
63053,8
63054,8
63055,3
63056,1
63057,11
63058,23
63059,1
63060,13
63061,22
63062,7
63063,6
63064,19
63065,10
63066,0
63067,15
63068,22
63069,13
63070,1
63071,6
63072,11
63073,2
63074,15
63075,13
63076,18
63077,17
63078,1
63079,11
63080,15
63081,5
63082,6
63083,11
63084,20
63085,15
63086,23
63087,0
63088,19
63089,6
63090,7
63091,15
63092,19
63093,8
63094,1
63095,18
63096,21
63097,15
63098,0
63099,7
63100,13
63101,9
63102,10
63103,3
63104,7
63105,10
63106,16
63107,23
63108,10
63109,8
63110,4
63111,15
63112,3
63113,5
63114,7
63115,7
63116,19
63117,15
63118,4
63119,3
63120,1
63121,6
63122,9
63123,14
63124,16
63125,19
63126,18
63127,18
63128,13
63129,17
63130,17
63131,8
63132,19
63133,12
63134,13
63135,1
63136,11
63137,16
63138,11
63139,16
63140,11
63141,4
63142,22
63143,19
63144,12
63145,22
63146,19
63147,19
63148,8
63149,19
63150,0
63151,17
63152,11
63153,9
63154,22
63155,10
63156,6
63157,3
63158,15
63159,8
63160,7
63161,12
63162,5
63163,6
63164,8
63165,11
63166,6
63167,14
63168,6
63169,5
63170,13
63171,4
63172,4
63173,0
63174,3
63175,13
63176,0
63177,9
63178,1
63179,14
63180,11
63181,19
63182,12
63183,0
63184,15
63185,12
63186,1
63187,7
63188,11
63189,14
63190,11
63191,21
63192,1
63193,22
63194,15
63195,17
63196,3
63197,17
63198,18
63199,19
63200,4
63201,15
63202,13
63203,17
63204,11
63205,6
63206,4
63207,13
63208,0
63209,22
63210,4
63211,23
63212,4
63213,7
63214,7
63215,7
63216,3
63217,0
63218,13
63219,11
63220,12
63221,13
63222,12
63223,5
63224,1
63225,5
63226,18
63227,21
63228,7
63229,7
63230,13
63231,16
63232,11
63233,21
63234,5
63235,23
63236,17
63237,21
63238,9
63239,11
63240,10
63241,6
63242,3
63243,17
63244,1
63245,15
63246,16
63247,0
63248,4
63249,4
63250,22
63251,15
63252,7
63253,4
63254,7
63255,5
63256,18
63257,15
63258,22
63259,4
63260,20
63261,12
63262,18
63263,14
63264,21
63265,19
63266,7
63267,22
63268,21
63269,17
63270,3
63271,5
63272,9
63273,2
63274,21
63275,17
63276,12
63277,17
63278,12
63279,12
63280,3
63281,22
63282,8
63283,13
63284,5
63285,3
63286,7
63287,15
63288,15
63289,9
63290,5
63291,7
63292,4
63293,0
63294,0
63295,14
63296,22
63297,7
63298,15
63299,13
63300,3
63301,22
63302,18
63303,4
63304,10
63305,15
63306,9
63307,23
63308,7
63309,22
63310,7
63311,11
63312,15
63313,11
63314,19
63315,15
63316,13
63317,12
63318,7
63319,13
63320,7
63321,10
63322,23
63323,0
63324,16
63325,7
63326,15
63327,15
63328,21
63329,11
63330,20
63331,18
63332,4
63333,17
63334,14
63335,23
63336,19
63337,15
63338,12
63339,4
63340,22
63341,17
63342,10
63343,17
63344,17
63345,15
63346,10
63347,23
63348,13
63349,7
63350,16
63351,13
63352,9
63353,19
63354,15
63355,7
63356,1
63357,3
63358,13
63359,13
63360,20
63361,0
63362,13
63363,23
63364,17
63365,4
63366,12
63367,7
63368,8
63369,13
63370,12
63371,15
63372,19
63373,6
63374,18
63375,10
63376,15
63377,11
63378,6
63379,14
63380,6
63381,12
63382,1
63383,14
63384,0
63385,7
63386,6
63387,4
63388,15
63389,16
63390,0
63391,21
63392,13
63393,20
63394,4
63395,6
63396,9
63397,1
63398,7
63399,1
63400,9
63401,1
63402,13
63403,12
63404,20
63405,19
63406,15
63407,6
63408,22
63409,11
63410,19
63411,9
63412,14
63413,22
63414,12
63415,9
63416,18
63417,12
63418,1
63419,7
63420,7
63421,23
63422,3
63423,10
63424,17
63425,1
63426,4
63427,22
63428,6
63429,15
63430,11
63431,22
63432,11
63433,22
63434,14
63435,19
63436,0
63437,21
63438,15
63439,11
63440,9
63441,10
63442,17
63443,18
63444,10
63445,17
63446,12
63447,3
63448,4
63449,5
63450,12
63451,4
63452,4
63453,11
63454,4
63455,15
63456,7
63457,18
63458,4
63459,7
63460,14
63461,19
63462,7
63463,7
63464,16
63465,7
63466,13
63467,15
63468,23
63469,19
63470,18
63471,5
63472,9
63473,11
63474,4
63475,10
63476,8
63477,21
63478,16
63479,10
63480,19
63481,0
63482,5
63483,6
63484,4
63485,10
63486,22
63487,6
63488,6
63489,13
63490,22
63491,15
63492,17
63493,19
63494,14
63495,19
63496,4
63497,4
63498,1
63499,5
63500,5
63501,1
63502,15
63503,15
63504,1
63505,9
63506,14
63507,20
63508,23
63509,7
63510,1
63511,5
63512,7
63513,22
63514,3
63515,16
63516,7
63517,14
63518,18
63519,1
63520,14
63521,16
63522,15
63523,17
63524,6
63525,16
63526,4
63527,0
63528,13
63529,10
63530,20
63531,7
63532,15
63533,18
63534,16
63535,5
63536,1
63537,5
63538,16
63539,20
63540,22
63541,8
63542,16
63543,15
63544,0
63545,10
63546,13
63547,15
63548,10
63549,7
63550,4
63551,16
63552,19
63553,7
63554,12
63555,20
63556,4
63557,13
63558,22
63559,13
63560,0
63561,6
63562,20
63563,8
63564,16
63565,6
63566,16
63567,7
63568,22
63569,3
63570,0
63571,21
63572,6
63573,8
63574,16
63575,6
63576,18
63577,5
63578,21
63579,20
63580,12
63581,1
63582,10
63583,15
63584,11
63585,17
63586,7
63587,1
63588,20
63589,12
63590,22
63591,15
63592,13
63593,2
63594,12
63595,7
63596,23
63597,0
63598,13
63599,13
63600,21
63601,8
63602,3
63603,12
63604,21
63605,13
63606,11
63607,21
63608,10
63609,6
63610,3
63611,5
63612,0
63613,14
63614,11
63615,17
63616,22
63617,10
63618,14
63619,19
63620,10
63621,23
63622,0
63623,6
63624,0
63625,0
63626,15
63627,22
63628,4
63629,7
63630,11
63631,7
63632,12
63633,23
63634,9
63635,7
63636,23
63637,16
63638,1
63639,11
63640,12
63641,7
63642,13
63643,0
63644,19
63645,3
63646,4
63647,10
63648,19
63649,13
63650,7
63651,15
63652,19
63653,7
63654,4
63655,5
63656,21
63657,0
63658,15
63659,6
63660,20
63661,17
63662,7
63663,2
63664,7
63665,13
63666,21
63667,4
63668,1
63669,11
63670,1
63671,17
63672,13
63673,20
63674,13
63675,4
63676,0
63677,7
63678,9
63679,11
63680,13
63681,19
63682,0
63683,4
63684,16
63685,4
63686,1
63687,11
63688,15
63689,14
63690,8
63691,23
63692,6
63693,22
63694,7
63695,1
63696,1
63697,18
63698,12
63699,4
63700,4
63701,6
63702,13
63703,15
63704,15
63705,7
63706,6
63707,18
63708,8
63709,5
63710,11
63711,14
63712,11
63713,5
63714,19
63715,5
63716,1
63717,14
63718,14
63719,14
63720,8
63721,13
63722,2
63723,12
63724,0
63725,20
63726,17
63727,14
63728,17
63729,8
63730,12
63731,7
63732,5
63733,10
63734,19
63735,1
63736,15
63737,0
63738,15
63739,18
63740,19
63741,5
63742,12
63743,10
63744,21
63745,16
63746,8
63747,17
63748,15
63749,7
63750,14
63751,4
63752,18
63753,8
63754,4
63755,23
63756,4
63757,7
63758,21
63759,12
63760,4
63761,15
63762,12
63763,11
63764,12
63765,8
63766,4
63767,17
63768,10
63769,23
63770,5
63771,11
63772,13
63773,3
63774,20
63775,3
63776,17
63777,8
63778,23
63779,15
63780,7
63781,8
63782,15
63783,15
63784,20
63785,7
63786,12
63787,19
63788,10
63789,0
63790,8
63791,19
63792,4
63793,16
63794,1
63795,22
63796,0
63797,9
63798,5
63799,3
63800,14
63801,11
63802,16
63803,0
63804,19
63805,21
63806,2
63807,21
63808,14
63809,15
63810,7
63811,12
63812,20
63813,19
63814,1
63815,1
63816,0
63817,15
63818,6
63819,1
63820,4
63821,15
63822,0
63823,19
63824,22
63825,21
63826,10
63827,15
63828,12
63829,13
63830,6
63831,4
63832,8
63833,22
63834,23
63835,12
63836,6
63837,7
63838,15
63839,20
63840,20
63841,4
63842,6
63843,7
63844,19
63845,7
63846,10
63847,17
63848,6
63849,18
63850,23
63851,4
63852,6
63853,16
63854,2
63855,11
63856,3
63857,1
63858,12
63859,13
63860,15
63861,5
63862,14
63863,12
63864,16
63865,5
63866,17
63867,17
63868,7
63869,4
63870,5
63871,11
63872,21
63873,1
63874,18
63875,7
63876,1
63877,7
63878,0
63879,3
63880,21
63881,16
63882,12
63883,19
63884,10
63885,1
63886,21
63887,1
63888,23
63889,21
63890,15
63891,1
63892,22
63893,15
63894,4
63895,14
63896,3
63897,9
63898,1
63899,7
63900,4
63901,15
63902,5
63903,13
63904,4
63905,15
63906,6
63907,1
63908,19
63909,9
63910,14
63911,17
63912,7
63913,19
63914,23
63915,7
63916,7
63917,15
63918,7
63919,4
63920,5
63921,11
63922,22
63923,13
63924,6
63925,22
63926,17
63927,1
63928,12
63929,9
63930,0
63931,21
63932,14
63933,17
63934,5
63935,16
63936,12
63937,21
63938,17
63939,12
63940,7
63941,10
63942,14
63943,7
63944,7
63945,4
63946,7
63947,1
63948,8
63949,9
63950,7
63951,15
63952,8
63953,21
63954,11
63955,17
63956,15
63957,18
63958,7
63959,7
63960,15
63961,17
63962,19
63963,14
63964,19
63965,12
63966,4
63967,3
63968,20
63969,19
63970,10
63971,13
63972,11
63973,17
63974,12
63975,8
63976,7
63977,19
63978,21
63979,19
63980,17
63981,13
63982,9
63983,6
63984,23
63985,15
63986,0
63987,9
63988,7
63989,15
63990,15
63991,3
63992,4
63993,16
63994,15
63995,11
63996,7
63997,16
63998,17
63999,0
64000,14
64001,10
64002,10
64003,1
64004,9
64005,6
64006,7
64007,19
64008,10
64009,22
64010,9
64011,11
64012,21
64013,14
64014,0
64015,21
64016,4
64017,7
64018,6
64019,11
64020,12
64021,4
64022,5
64023,11
64024,7
64025,15
64026,7
64027,18
64028,8
64029,4
64030,21
64031,22
64032,13
64033,13
64034,13
64035,7
64036,0
64037,14
64038,7
64039,10
64040,10
64041,20
64042,23
64043,22
64044,17
64045,17
64046,1
64047,4
64048,21
64049,9
64050,6
64051,5
64052,7
64053,6
64054,7
64055,4
64056,0
64057,8
64058,4
64059,7
64060,1
64061,4
64062,21
64063,0
64064,19
64065,16
64066,1
64067,7
64068,15
64069,4
64070,0
64071,20
64072,15
64073,12
64074,22
64075,15
64076,8
64077,4
64078,3
64079,17
64080,15
64081,16
64082,23
64083,0
64084,7
64085,10
64086,15
64087,2
64088,19
64089,5
64090,7
64091,18
64092,7
64093,8
64094,19
64095,15
64096,16
64097,12
64098,12
64099,22
64100,16
64101,17
64102,6
64103,8
64104,11
64105,17
64106,7
64107,4
64108,23
64109,7
64110,10
64111,7
64112,6
64113,3
64114,15
64115,7
64116,19
64117,22
64118,10
64119,19
64120,10
64121,10
64122,21
64123,4
64124,23
64125,1
64126,6
64127,7
64128,4
64129,0
64130,23
64131,7
64132,16
64133,22
64134,6
64135,12
64136,16
64137,0
64138,7
64139,13
64140,13
64141,19
64142,6
64143,3
64144,3
64145,0
64146,13
64147,12
64148,1
64149,13
64150,13
64151,20
64152,13
64153,10
64154,18
64155,20
64156,5
64157,14
64158,4
64159,19
64160,0
64161,22
64162,19
64163,5
64164,4
64165,13
64166,19
64167,19
64168,13
64169,5
64170,3
64171,10
64172,13
64173,13
64174,5
64175,6
64176,12
64177,19
64178,6
64179,21
64180,8
64181,6
64182,10
64183,11
64184,19
64185,18
64186,17
64187,15
64188,21
64189,7
64190,17
64191,0
64192,15
64193,12
64194,15
64195,6
64196,7
64197,12
64198,15
64199,8
64200,9
64201,15
64202,15
64203,6
64204,7
64205,19
64206,1
64207,22
64208,1
64209,8
64210,15
64211,12
64212,7
64213,12
64214,1
64215,1
64216,11
64217,14
64218,22
64219,11
64220,17
64221,21
64222,23
64223,15
64224,10
64225,15
64226,21
64227,12
64228,13
64229,21
64230,16
64231,9
64232,19
64233,0
64234,0
64235,18
64236,5
64237,13
64238,10
64239,17
64240,12
64241,11
64242,7
64243,19
64244,1
64245,6
64246,4
64247,6
64248,16
64249,10
64250,5
64251,20
64252,0
64253,19
64254,13
64255,8
64256,1
64257,0
64258,7
64259,1
64260,7
64261,15
64262,11
64263,9
64264,9
64265,13
64266,9
64267,1
64268,23
64269,16
64270,22
64271,17
64272,17
64273,0
64274,4
64275,15
64276,6
64277,22
64278,19
64279,19
64280,7
64281,5
64282,0
64283,11
64284,0
64285,19
64286,9
64287,6
64288,5
64289,8
64290,1
64291,23
64292,20
64293,0
64294,11
64295,19
64296,1
64297,1
64298,21
64299,15
64300,22
64301,10
64302,16
64303,14
64304,15
64305,22
64306,15
64307,9
64308,17
64309,23
64310,10
64311,13
64312,10
64313,1
64314,12
64315,4
64316,6
64317,20
64318,11
64319,17
64320,9
64321,13
64322,1
64323,16
64324,23
64325,18
64326,5
64327,9
64328,4
64329,6
64330,18
64331,13
64332,0
64333,11
64334,10
64335,12
64336,4
64337,15
64338,23
64339,9
64340,12
64341,17
64342,12
64343,15
64344,14
64345,7
64346,17
64347,5
64348,0
64349,9
64350,19
64351,9
64352,17
64353,12
64354,1
64355,23
64356,7
64357,19
64358,15
64359,3
64360,16
64361,10
64362,1
64363,18
64364,20
64365,18
64366,3
64367,15
64368,0
64369,6
64370,22
64371,20
64372,6
64373,0
64374,11
64375,6
64376,16
64377,1
64378,7
64379,10
64380,4
64381,16
64382,11
64383,18
64384,4
64385,12
64386,15
64387,21
64388,0
64389,15
64390,4
64391,23
64392,22
64393,13
64394,4
64395,12
64396,4
64397,6
64398,8
64399,7
64400,9
64401,15
64402,0
64403,17
64404,12
64405,7
64406,10
64407,21
64408,6
64409,12
64410,10
64411,6
64412,6
64413,9
64414,23
64415,17
64416,15
64417,4
64418,14
64419,23
64420,18
64421,13
64422,21
64423,22
64424,1
64425,19
64426,4
64427,10
64428,20
64429,9
64430,19
64431,6
64432,19
64433,12
64434,0
64435,15
64436,9
64437,7
64438,14
64439,8
64440,10
64441,15
64442,5
64443,1
64444,1
64445,5
64446,20
64447,20
64448,17
64449,21
64450,15
64451,22
64452,14
64453,13
64454,19
64455,15
64456,17
64457,1
64458,6
64459,16
64460,5
64461,4
64462,2
64463,7
64464,22
64465,2
64466,12
64467,5
64468,3
64469,23
64470,9
64471,4
64472,17
64473,22
64474,11
64475,5
64476,17
64477,19
64478,7
64479,8
64480,15
64481,9
64482,5
64483,1
64484,5
64485,22
64486,8
64487,9
64488,13
64489,9
64490,12
64491,22
64492,10
64493,5
64494,21
64495,17
64496,2
64497,7
64498,14
64499,7
64500,1
64501,9
64502,9
64503,19
64504,1
64505,22
64506,13
64507,19
64508,7
64509,12
64510,19
64511,10
64512,18
64513,5
64514,15
64515,22
64516,5
64517,23
64518,5
64519,12
64520,23
64521,19
64522,10
64523,10
64524,13
64525,17
64526,6
64527,19
64528,17
64529,11
64530,15
64531,14
64532,17
64533,7
64534,5
64535,0
64536,12
64537,16
64538,7
64539,18
64540,6
64541,11
64542,3
64543,1
64544,19
64545,21
64546,4
64547,7
64548,22
64549,9
64550,20
64551,1
64552,19
64553,7
64554,20
64555,17
64556,16
64557,3
64558,12
64559,22
64560,19
64561,12
64562,0
64563,22
64564,8
64565,7
64566,1
64567,14
64568,0
64569,11
64570,4
64571,21
64572,7
64573,4
64574,15
64575,11
64576,8
64577,15
64578,9
64579,1
64580,21
64581,15
64582,10
64583,15
64584,0
64585,1
64586,14
64587,16
64588,3
64589,22
64590,4
64591,20
64592,13
64593,10
64594,6
64595,10
64596,7
64597,7
64598,10
64599,22
64600,15
64601,20
64602,1
64603,7
64604,1
64605,13
64606,3
64607,1
64608,19
64609,19
64610,18
64611,13
64612,14
64613,19
64614,9
64615,17
64616,1
64617,13
64618,10
64619,2
64620,9
64621,20
64622,0
64623,1
64624,17
64625,19
64626,15
64627,12
64628,15
64629,21
64630,4
64631,0
64632,7
64633,4
64634,11
64635,11
64636,21
64637,6
64638,7
64639,7
64640,1
64641,22
64642,19
64643,21
64644,21
64645,22
64646,4
64647,7
64648,11
64649,2
64650,9
64651,3
64652,8
64653,22
64654,19
64655,1
64656,10
64657,18
64658,4
64659,3
64660,0
64661,4
64662,20
64663,14
64664,21
64665,7
64666,7
64667,1
64668,7
64669,6
64670,10
64671,0
64672,5
64673,6
64674,21
64675,19
64676,8
64677,22
64678,4
64679,7
64680,23
64681,0
64682,4
64683,14
64684,13
64685,0
64686,5
64687,9
64688,22
64689,0
64690,8
64691,17
64692,21
64693,12
64694,22
64695,11
64696,13
64697,13
64698,0
64699,5
64700,3
64701,0
64702,1
64703,19
64704,10
64705,4
64706,19
64707,7
64708,13
64709,23
64710,0
64711,7
64712,4
64713,11
64714,7
64715,14
64716,1
64717,4
64718,22
64719,21
64720,15
64721,7
64722,15
64723,4
64724,12
64725,1
64726,14
64727,22
64728,5
64729,9
64730,3
64731,1
64732,18
64733,4
64734,1
64735,10
64736,12
64737,4
64738,1
64739,21
64740,6
64741,21
64742,15
64743,9
64744,4
64745,14
64746,23
64747,4
64748,12
64749,10
64750,11
64751,21
64752,16
64753,11
64754,7
64755,19
64756,23
64757,9
64758,0
64759,10
64760,3
64761,0
64762,5
64763,1
64764,9
64765,23
64766,12
64767,23
64768,11
64769,11
64770,1
64771,2
64772,14
64773,1
64774,21
64775,0
64776,14
64777,18
64778,6
64779,13
64780,10
64781,22
64782,5
64783,7
64784,17
64785,9
64786,23
64787,7
64788,11
64789,14
64790,8
64791,4
64792,23
64793,23
64794,21
64795,18
64796,8
64797,8
64798,0
64799,6
64800,11
64801,1
64802,4
64803,1
64804,7
64805,12
64806,9
64807,13
64808,15
64809,17
64810,5
64811,10
64812,9
64813,1
64814,6
64815,14
64816,22
64817,19
64818,0
64819,12
64820,19
64821,16
64822,4
64823,6
64824,22
64825,12
64826,19
64827,3
64828,4
64829,16
64830,3
64831,8
64832,4
64833,10
64834,13
64835,10
64836,21
64837,21
64838,6
64839,12
64840,1
64841,14
64842,7
64843,18
64844,21
64845,15
64846,3
64847,10
64848,9
64849,10
64850,13
64851,22
64852,7
64853,2
64854,12
64855,7
64856,13
64857,11
64858,9
64859,19
64860,21
64861,15
64862,1
64863,14
64864,22
64865,4
64866,6
64867,17
64868,4
64869,6
64870,20
64871,6
64872,22
64873,23
64874,8
64875,19
64876,6
64877,7
64878,3
64879,1
64880,1
64881,7
64882,22
64883,10
64884,17
64885,19
64886,22
64887,17
64888,19
64889,0
64890,10
64891,5
64892,2
64893,8
64894,19
64895,4
64896,19
64897,13
64898,13
64899,7
64900,1
64901,4
64902,17
64903,16
64904,16
64905,8
64906,1
64907,17
64908,20
64909,13
64910,20
64911,6
64912,4
64913,12
64914,17
64915,15
64916,22
64917,9
64918,6
64919,13
64920,19
64921,4
64922,4
64923,3
64924,8
64925,18
64926,7
64927,8
64928,12
64929,0
64930,11
64931,17
64932,0
64933,8
64934,15
64935,10
64936,22
64937,9
64938,16
64939,19
64940,13
64941,3
64942,19
64943,15
64944,7
64945,12
64946,4
64947,15
64948,15
64949,1
64950,5
64951,4
64952,3
64953,0
64954,1
64955,21
64956,13
64957,6
64958,21
64959,19
64960,1
64961,8
64962,7
64963,7
64964,18
64965,15
64966,1
64967,22
64968,14
64969,15
64970,5
64971,7
64972,5
64973,21
64974,13
64975,14
64976,7
64977,5
64978,16
64979,4
64980,16
64981,19
64982,16
64983,15
64984,10
64985,15
64986,21
64987,17
64988,19
64989,18
64990,18
64991,7
64992,21
64993,18
64994,6
64995,15
64996,7
64997,1
64998,11
64999,14
65000,17
65001,17
65002,14
65003,23
65004,0
65005,4
65006,0
65007,1
65008,9
65009,21
65010,21
65011,15
65012,21
65013,13
65014,15
65015,23
65016,8
65017,19
65018,9
65019,0
65020,19
65021,11
65022,19
65023,20
65024,0
65025,10
65026,15
65027,7
65028,13
65029,18
65030,6
65031,0
65032,9
65033,7
65034,14
65035,4
65036,11
65037,6
65038,16
65039,0
65040,13
65041,18
65042,11
65043,10
65044,1
65045,0
65046,3
65047,10
65048,19
65049,7
65050,19
65051,11
65052,1
65053,20
65054,11
65055,9
65056,8
65057,23
65058,11
65059,4
65060,0
65061,5
65062,20
65063,22
65064,6
65065,8
65066,5
65067,13
65068,5
65069,1
65070,19
65071,4
65072,7
65073,8
65074,4
65075,6
65076,11
65077,6
65078,12
65079,11
65080,19
65081,18
65082,16
65083,10
65084,7
65085,0
65086,6
65087,16
65088,0
65089,5
65090,11
65091,2
65092,17
65093,12
65094,17
65095,15
65096,21
65097,1
65098,11
65099,11
65100,11
65101,0
65102,17
65103,7
65104,13
65105,19
65106,21
65107,9
65108,18
65109,1
65110,19
65111,21
65112,4
65113,4
65114,20
65115,7
65116,15
65117,8
65118,15
65119,10
65120,6
65121,13
65122,21
65123,14
65124,12
65125,18
65126,3
65127,4
65128,4
65129,15
65130,22
65131,0
65132,4
65133,19
65134,3
65135,19
65136,15
65137,13
65138,2
65139,16
65140,5
65141,7
65142,2
65143,14
65144,15
65145,4
65146,5
65147,13
65148,18
65149,9
65150,4
65151,10
65152,8
65153,2
65154,3
65155,6
65156,10
65157,16
65158,3
65159,19
65160,6
65161,11
65162,9
65163,15
65164,13
65165,14
65166,6
65167,3
65168,7
65169,12
65170,17
65171,20
65172,14
65173,1
65174,7
65175,6
65176,10
65177,9
65178,3
65179,4
65180,13
65181,8
65182,1
65183,22
65184,13
65185,11
65186,6
65187,4
65188,17
65189,23
65190,7
65191,18
65192,16
65193,22
65194,15
65195,23
65196,7
65197,2
65198,6
65199,10
65200,0
65201,13
65202,3
65203,5
65204,1
65205,7
65206,12
65207,21
65208,15
65209,7
65210,7
65211,23
65212,21
65213,9
65214,1
65215,19
65216,15
65217,4
65218,4
65219,2
65220,1
65221,18
65222,12
65223,15
65224,2
65225,23
65226,3
65227,11
65228,18
65229,11
65230,7
65231,17
65232,1
65233,4
65234,23
65235,15
65236,4
65237,7
65238,4
65239,19
65240,15
65241,6
65242,22
65243,15
65244,20
65245,9
65246,17
65247,8
65248,0
65249,12
65250,11
65251,17
65252,13
65253,1
65254,4
65255,3
65256,19
65257,22
65258,15
65259,12
65260,4
65261,15
65262,18
65263,5
65264,8
65265,0
65266,12
65267,10
65268,18
65269,7
65270,8
65271,13
65272,4
65273,9
65274,16
65275,1
65276,9
65277,22
65278,21
65279,3
65280,10
65281,14
65282,2
65283,10
65284,20
65285,15
65286,1
65287,15
65288,1
65289,13
65290,19
65291,23
65292,2
65293,21
65294,15
65295,17
65296,22
65297,13
65298,7
65299,13
65300,9
65301,7
65302,2
65303,9
65304,5
65305,11
65306,1
65307,15
65308,12
65309,17
65310,15
65311,15
65312,4
65313,0
65314,15
65315,7
65316,15
65317,16
65318,19
65319,16
65320,17
65321,21
65322,20
65323,8
65324,1
65325,8
65326,20
65327,7
65328,15
65329,23
65330,22
65331,7
65332,3
65333,13
65334,18
65335,13
65336,15
65337,1
65338,7
65339,0
65340,23
65341,6
65342,21
65343,19
65344,8
65345,14
65346,20
65347,21
65348,4
65349,20
65350,1
65351,17
65352,1
65353,21
65354,2
65355,1
65356,5
65357,0
65358,12
65359,21
65360,5
65361,7
65362,1
65363,7
65364,20
65365,9
65366,7
65367,13
65368,7
65369,18
65370,14
65371,6
65372,17
65373,0
65374,13
65375,3
65376,23
65377,5
65378,22
65379,5
65380,0
65381,3
65382,4
65383,18
65384,3
65385,11
65386,19
65387,1
65388,5
65389,13
65390,12
65391,7
65392,8
65393,22
65394,17
65395,18
65396,18
65397,15
65398,15
65399,10
65400,15
65401,6
65402,10
65403,20
65404,7
65405,22
65406,17
65407,23
65408,6
65409,17
65410,1
65411,10
65412,15
65413,1
65414,20
65415,23
65416,12
65417,1
65418,21
65419,23
65420,17
65421,17
65422,7
65423,18
65424,19
65425,19
65426,7
65427,19
65428,12
65429,3
65430,17
65431,19
65432,10
65433,7
65434,5
65435,19
65436,13
65437,20
65438,7
65439,11
65440,12
65441,7
65442,7
65443,18
65444,15
65445,13
65446,4
65447,13
65448,22
65449,22
65450,20
65451,15
65452,21
65453,16
65454,13
65455,8
65456,6
65457,7
65458,13
65459,19
65460,21
65461,10
65462,13
65463,21
65464,1
65465,13
65466,22
65467,15
65468,22
65469,6
65470,2
65471,11
65472,20
65473,7
65474,23
65475,23
65476,15
65477,9
65478,15
65479,6
65480,16
65481,5
65482,9
65483,23
65484,20
65485,22
65486,8
65487,7
65488,9
65489,4
65490,4
65491,7
65492,7
65493,9
65494,19
65495,0
65496,5
65497,9
65498,16
65499,20
65500,19
65501,4
65502,1
65503,4
65504,21
65505,15
65506,11
65507,17
65508,17
65509,8
65510,7
65511,15
65512,14
65513,21
65514,22
65515,16
65516,1
65517,10
65518,5
65519,12
65520,5
65521,11
65522,16
65523,11
65524,19
65525,21
65526,10
65527,20
65528,8
65529,7
65530,7
65531,10
65532,13
65533,13
65534,19
65535,13
65536,22
65537,1
65538,9
65539,13
65540,21
65541,0
65542,22
65543,15
65544,3
65545,15
65546,7
65547,3
65548,8
65549,1
65550,13
65551,4
65552,18
65553,10
65554,19
65555,7
65556,4
65557,18
65558,10
65559,8
65560,0
65561,7
65562,3
65563,22
65564,13
65565,19
65566,21
65567,11
65568,11
65569,0
65570,14
65571,14
65572,1
65573,13
65574,1
65575,7
65576,7
65577,22
65578,14
65579,15
65580,23
65581,16
65582,3
65583,19
65584,5
65585,9
65586,0
65587,11
65588,10
65589,1
65590,18
65591,15
65592,13
65593,4
65594,14
65595,17
65596,5
65597,15
65598,8
65599,19
65600,3
65601,21
65602,19
65603,19
65604,7
65605,19
65606,8
65607,9
65608,23
65609,13
65610,21
65611,23
65612,19
65613,6
65614,21
65615,10
65616,6
65617,1
65618,17
65619,3
65620,20
65621,11
65622,17
65623,15
65624,17
65625,14
65626,12
65627,23
65628,5
65629,13
65630,7
65631,4
65632,3
65633,10
65634,17
65635,7
65636,11
65637,9
65638,4
65639,23
65640,4
65641,4
65642,7
65643,8
65644,1
65645,17
65646,17
65647,0
65648,15
65649,13
65650,15
65651,18
65652,8
65653,7
65654,20
65655,13
65656,6
65657,4
65658,7
65659,6
65660,3
65661,15
65662,2
65663,9
65664,3
65665,3
65666,11
65667,11
65668,4
65669,7
65670,17
65671,9
65672,8
65673,12
65674,6
65675,23
65676,16
65677,1
65678,11
65679,11
65680,1
65681,22
65682,4
65683,11
65684,1
65685,4
65686,10
65687,8
65688,14
65689,4
65690,4
65691,4
65692,3
65693,10
65694,17
65695,5
65696,1
65697,6
65698,11
65699,19
65700,9
65701,1
65702,4
65703,2
65704,4
65705,22
65706,6
65707,18
65708,11
65709,3
65710,17
65711,14
65712,10
65713,20
65714,11
65715,10
65716,19
65717,6
65718,20
65719,7
65720,1
65721,15
65722,13
65723,0
65724,20
65725,7
65726,12
65727,11
65728,3
65729,11
65730,0
65731,19
65732,14
65733,15
65734,12
65735,6
65736,19
65737,6
65738,4
65739,9
65740,22
65741,12
65742,5
65743,16
65744,6
65745,7
65746,18
65747,19
65748,23
65749,4
65750,4
65751,5
65752,19
65753,9
65754,17
65755,13
65756,22
65757,14
65758,15
65759,13
65760,21
65761,6
65762,3
65763,6
65764,18
65765,16
65766,12
65767,8
65768,0
65769,22
65770,6
65771,12
65772,22
65773,6
65774,12
65775,13
65776,18
65777,1
65778,0
65779,13
65780,8
65781,4
65782,19
65783,4
65784,21
65785,15
65786,4
65787,21
65788,4
65789,23
65790,7
65791,2
65792,12
65793,18
65794,21
65795,17
65796,19
65797,1
65798,0
65799,6
65800,18
65801,19
65802,16
65803,9
65804,17
65805,4
65806,6
65807,23
65808,0
65809,0
65810,22
65811,1
65812,14
65813,15
65814,10
65815,7
65816,20
65817,22
65818,19
65819,0
65820,22
65821,12
65822,11
65823,4
65824,23
65825,0
65826,18
65827,0
65828,12
65829,19
65830,14
65831,2
65832,16
65833,2
65834,17
65835,3
65836,13
65837,16
65838,13
65839,6
65840,4
65841,19
65842,1
65843,21
65844,19
65845,23
65846,18
65847,17
65848,7
65849,5
65850,4
65851,21
65852,1
65853,4
65854,19
65855,19
65856,7
65857,13
65858,8
65859,11
65860,17
65861,6
65862,18
65863,8
65864,15
65865,11
65866,3
65867,4
65868,4
65869,22
65870,17
65871,8
65872,19
65873,15
65874,7
65875,15
65876,7
65877,12
65878,20
65879,12
65880,1
65881,19
65882,4
65883,19
65884,13
65885,6
65886,16
65887,22
65888,21
65889,19
65890,12
65891,0
65892,19
65893,0
65894,19
65895,11
65896,16
65897,6
65898,21
65899,11
65900,14
65901,5
65902,4
65903,20
65904,7
65905,7
65906,7
65907,3
65908,18
65909,3
65910,20
65911,20
65912,1
65913,9
65914,5
65915,21
65916,16
65917,5
65918,18
65919,11
65920,15
65921,12
65922,7
65923,5
65924,7
65925,12
65926,13
65927,17
65928,1
65929,4
65930,19
65931,13
65932,16
65933,3
65934,7
65935,11
65936,4
65937,21
65938,0
65939,22
65940,22
65941,19
65942,16
65943,12
65944,17
65945,4
65946,7
65947,15
65948,4
65949,7
65950,19
65951,1
65952,6
65953,6
65954,4
65955,7
65956,21
65957,17
65958,15
65959,14
65960,15
65961,19
65962,7
65963,12
65964,23
65965,11
65966,18
65967,1
65968,19
65969,15
65970,17
65971,7
65972,8
65973,17
65974,12
65975,21
65976,21
65977,13
65978,1
65979,8
65980,1
65981,14
65982,19
65983,7
65984,11
65985,12
65986,11
65987,6
65988,2
65989,15
65990,1
65991,17
65992,15
65993,10
65994,3
65995,7
65996,4
65997,13
65998,17
65999,23
66000,22
66001,10
66002,23
66003,4
66004,13
66005,3
66006,7
66007,6
66008,20
66009,10
66010,7
66011,5
66012,7
66013,13
66014,2
66015,9
66016,17
66017,7
66018,12
66019,5
66020,22
66021,4
66022,21
66023,7
66024,4
66025,11
66026,20
66027,4
66028,15
66029,0
66030,5
66031,15
66032,7
66033,18
66034,10
66035,7
66036,18
66037,6
66038,1
66039,21
66040,22
66041,18
66042,4
66043,22
66044,18
66045,8
66046,12
66047,8
66048,5
66049,12
66050,14
66051,7
66052,22
66053,12
66054,0
66055,5
66056,19
66057,9
66058,4
66059,22
66060,7
66061,17
66062,5
66063,10
66064,8
66065,3
66066,7
66067,21
66068,21
66069,14
66070,14
66071,13
66072,1
66073,17
66074,22
66075,3
66076,19
66077,20
66078,8
66079,9
66080,13
66081,9
66082,7
66083,0
66084,0
66085,14
66086,3
66087,19
66088,0
66089,10
66090,1
66091,14
66092,21
66093,14
66094,4
66095,8
66096,20
66097,17
66098,7
66099,15
66100,22
66101,7
66102,13
66103,15
66104,22
66105,11
66106,23
66107,17
66108,0
66109,16
66110,14
66111,7
66112,13
66113,7
66114,4
66115,21
66116,21
66117,12
66118,7
66119,4
66120,17
66121,6
66122,14
66123,19
66124,15
66125,17
66126,13
66127,20
66128,7
66129,18
66130,22
66131,15
66132,22
66133,8
66134,1
66135,8
66136,2
66137,19
66138,21
66139,8
66140,11
66141,7
66142,7
66143,4
66144,11
66145,5
66146,20
66147,4
66148,19
66149,7
66150,17
66151,0
66152,10
66153,23
66154,10
66155,18
66156,16
66157,21
66158,6
66159,5
66160,15
66161,1
66162,17
66163,13
66164,13
66165,3
66166,1
66167,11
66168,12
66169,6
66170,11
66171,15
66172,12
66173,19
66174,17
66175,19
66176,1
66177,4
66178,21
66179,6
66180,16
66181,21
66182,6
66183,7
66184,7
66185,17
66186,17
66187,22
66188,12
66189,12
66190,18
66191,14
66192,4
66193,22
66194,15
66195,7
66196,15
66197,8
66198,21
66199,19
66200,19
66201,22
66202,17
66203,10
66204,11
66205,5
66206,19
66207,22
66208,19
66209,0
66210,9
66211,19
66212,6
66213,5
66214,6
66215,19
66216,12
66217,22
66218,1
66219,4
66220,7
66221,7
66222,14
66223,10
66224,13
66225,22
66226,17
66227,13
66228,19
66229,17
66230,6
66231,12
66232,1
66233,13
66234,8
66235,13
66236,12
66237,12
66238,12
66239,4
66240,12
66241,4
66242,19
66243,7
66244,23
66245,11
66246,9
66247,9
66248,20
66249,14
66250,7
66251,6
66252,4
66253,17
66254,1
66255,14
66256,18
66257,10
66258,23
66259,12
66260,1
66261,7
66262,15
66263,1
66264,7
66265,7
66266,0
66267,7
66268,0
66269,14
66270,22
66271,18
66272,13
66273,15
66274,8
66275,7
66276,7
66277,7
66278,6
66279,12
66280,5
66281,10
66282,0
66283,15
66284,14
66285,11
66286,11
66287,11
66288,7
66289,16
66290,9
66291,17
66292,1
66293,8
66294,21
66295,15
66296,19
66297,7
66298,1
66299,15
66300,2
66301,12
66302,7
66303,21
66304,11
66305,2
66306,11
66307,14
66308,0
66309,7
66310,20
66311,1
66312,12
66313,20
66314,12
66315,17
66316,6
66317,8
66318,7
66319,11
66320,18
66321,7
66322,12
66323,1
66324,4
66325,12
66326,0
66327,4
66328,4
66329,15
66330,0
66331,8
66332,7
66333,7
66334,12
66335,8
66336,16
66337,7
66338,16
66339,13
66340,0
66341,12
66342,15
66343,13
66344,2
66345,7
66346,4
66347,6
66348,22
66349,17
66350,6
66351,14
66352,19
66353,4
66354,6
66355,21
66356,9
66357,8
66358,6
66359,0
66360,15
66361,7
66362,0
66363,8
66364,6
66365,16
66366,8
66367,14
66368,13
66369,23
66370,23
66371,7
66372,15
66373,19
66374,23
66375,5
66376,12
66377,19
66378,20
66379,15
66380,22
66381,5
66382,12
66383,15
66384,22
66385,19
66386,21
66387,14
66388,23
66389,4
66390,7
66391,15
66392,22
66393,21
66394,14
66395,20
66396,5
66397,12
66398,9
66399,20
66400,7
66401,13
66402,13
66403,11
66404,21
66405,3
66406,16
66407,14
66408,5
66409,15
66410,17
66411,15
66412,16
66413,22
66414,23
66415,2
66416,9
66417,3
66418,16
66419,7
66420,7
66421,1
66422,2
66423,22
66424,9
66425,8
66426,22
66427,7
66428,4
66429,0
66430,2
66431,20
66432,10
66433,0
66434,0
66435,0
66436,7
66437,15
66438,17
66439,2
66440,20
66441,17
66442,15
66443,0
66444,17
66445,18
66446,18
66447,13
66448,20
66449,15
66450,22
66451,1
66452,10
66453,3
66454,20
66455,1
66456,4
66457,15
66458,20
66459,4
66460,18
66461,4
66462,9
66463,5
66464,10
66465,18
66466,15
66467,5
66468,17
66469,6
66470,13
66471,16
66472,0
66473,13
66474,21
66475,7
66476,22
66477,6
66478,17
66479,4
66480,20
66481,15
66482,18
66483,4
66484,4
66485,21
66486,6
66487,8
66488,22
66489,13
66490,16
66491,20
66492,12
66493,9
66494,7
66495,19
66496,7
66497,5
66498,4
66499,4
66500,20
66501,4
66502,18
66503,1
66504,17
66505,5
66506,15
66507,15
66508,22
66509,7
66510,11
66511,16
66512,5
66513,13
66514,19
66515,22
66516,23
66517,15
66518,22
66519,22
66520,4
66521,21
66522,20
66523,1
66524,16
66525,15
66526,16
66527,14
66528,19
66529,15
66530,16
66531,23
66532,20
66533,14
66534,2
66535,10
66536,23
66537,20
66538,7
66539,15
66540,22
66541,23
66542,23
66543,10
66544,14
66545,19
66546,11
66547,7
66548,4
66549,22
66550,16
66551,22
66552,5
66553,8
66554,21
66555,20
66556,9
66557,10
66558,12
66559,7
66560,1
66561,21
66562,11
66563,7
66564,10
66565,15
66566,20
66567,6
66568,13
66569,1
66570,2
66571,13
66572,6
66573,11
66574,23
66575,6
66576,22
66577,4
66578,7
66579,19
66580,8
66581,19
66582,1
66583,2
66584,10
66585,7
66586,17
66587,4
66588,4
66589,19
66590,20
66591,8
66592,4
66593,22
66594,0
66595,20
66596,7
66597,4
66598,16
66599,15
66600,0
66601,6
66602,6
66603,11
66604,15
66605,16
66606,7
66607,7
66608,7
66609,6
66610,10
66611,7
66612,21
66613,20
66614,0
66615,9
66616,7
66617,17
66618,22
66619,13
66620,5
66621,15
66622,18
66623,13
66624,12
66625,8
66626,3
66627,19
66628,5
66629,21
66630,5
66631,16
66632,23
66633,3
66634,14
66635,6
66636,4
66637,18
66638,0
66639,19
66640,0
66641,19
66642,11
66643,6
66644,3
66645,13
66646,20
66647,15
66648,3
66649,4
66650,15
66651,22
66652,2
66653,5
66654,1
66655,15
66656,20
66657,1
66658,1
66659,19
66660,4
66661,0
66662,4
66663,5
66664,7
66665,3
66666,3
66667,7
66668,20
66669,7
66670,0
66671,7
66672,6
66673,14
66674,17
66675,4
66676,19
66677,6
66678,12
66679,17
66680,0
66681,4
66682,21
66683,23
66684,17
66685,20
66686,15
66687,17
66688,17
66689,21
66690,14
66691,19
66692,6
66693,11
66694,3
66695,16
66696,7
66697,7
66698,1
66699,7
66700,21
66701,13
66702,21
66703,13
66704,5
66705,1
66706,8
66707,17
66708,7
66709,17
66710,8
66711,18
66712,19
66713,22
66714,12
66715,8
66716,3
66717,7
66718,21
66719,7
66720,21
66721,22
66722,5
66723,1
66724,20
66725,7
66726,23
66727,11
66728,21
66729,10
66730,4
66731,4
66732,14
66733,19
66734,11
66735,3
66736,15
66737,7
66738,19
66739,3
66740,20
66741,1
66742,3
66743,16
66744,15
66745,19
66746,12
66747,1
66748,7
66749,19
66750,1
66751,0
66752,14
66753,1
66754,10
66755,4
66756,21
66757,21
66758,23
66759,16
66760,7
66761,4
66762,4
66763,1
66764,4
66765,6
66766,8
66767,5
66768,1
66769,7
66770,4
66771,2
66772,17
66773,18
66774,0
66775,4
66776,12
66777,23
66778,21
66779,22
66780,15
66781,3
66782,14
66783,0
66784,20
66785,7
66786,11
66787,15
66788,6
66789,10
66790,4
66791,15
66792,2
66793,0
66794,11
66795,1
66796,22
66797,15
66798,16
66799,10
66800,13
66801,0
66802,13
66803,0
66804,16
66805,15
66806,17
66807,22
66808,3
66809,22
66810,19
66811,20
66812,7
66813,1
66814,15
66815,17
66816,15
66817,12
66818,22
66819,21
66820,0
66821,14
66822,7
66823,7
66824,11
66825,16
66826,7
66827,23
66828,9
66829,0
66830,22
66831,22
66832,23
66833,9
66834,15
66835,7
66836,17
66837,7
66838,14
66839,4
66840,0
66841,9
66842,15
66843,16
66844,1
66845,23
66846,7
66847,15
66848,12
66849,4
66850,7
66851,14
66852,5
66853,21
66854,15
66855,1
66856,7
66857,9
66858,7
66859,19
66860,1
66861,9
66862,22
66863,19
66864,6
66865,7
66866,13
66867,2
66868,4
66869,19
66870,10
66871,0
66872,22
66873,4
66874,16
66875,22
66876,4
66877,7
66878,19
66879,0
66880,23
66881,16
66882,18
66883,0
66884,12
66885,22
66886,4
66887,13
66888,11
66889,0
66890,20
66891,7
66892,13
66893,16
66894,3
66895,5
66896,0
66897,7
66898,16
66899,13
66900,14
66901,6
66902,15
66903,2
66904,22
66905,6
66906,15
66907,19
66908,5
66909,23
66910,2
66911,7
66912,8
66913,5
66914,11
66915,1
66916,20
66917,11
66918,20
66919,7
66920,19
66921,4
66922,18
66923,7
66924,21
66925,13
66926,21
66927,20
66928,4
66929,13
66930,17
66931,16
66932,0
66933,5
66934,4
66935,3
66936,16
66937,18
66938,9
66939,22
66940,10
66941,19
66942,16
66943,13
66944,10
66945,13
66946,4
66947,10
66948,22
66949,4
66950,13
66951,5
66952,0
66953,11
66954,10
66955,21
66956,5
66957,4
66958,17
66959,6
66960,7
66961,8
66962,12
66963,11
66964,0
66965,4
66966,19
66967,7
66968,23
66969,12
66970,16
66971,21
66972,15
66973,22
66974,6
66975,15
66976,15
66977,4
66978,5
66979,7
66980,1
66981,11
66982,22
66983,6
66984,13
66985,15
66986,17
66987,19
66988,7
66989,13
66990,17
66991,9
66992,16
66993,19
66994,6
66995,20
66996,13
66997,13
66998,11
66999,4
67000,12
67001,13
67002,7
67003,5
67004,22
67005,15
67006,20
67007,8
67008,4
67009,15
67010,1
67011,8
67012,10
67013,19
67014,15
67015,13
67016,13
67017,20
67018,5
67019,21
67020,4
67021,7
67022,3
67023,7
67024,14
67025,4
67026,19
67027,7
67028,22
67029,4
67030,11
67031,6
67032,6
67033,2
67034,6
67035,1
67036,7
67037,4
67038,15
67039,21
67040,19
67041,6
67042,0
67043,13
67044,17
67045,9
67046,13
67047,18
67048,7
67049,15
67050,11
67051,6
67052,8
67053,5
67054,12
67055,15
67056,13
67057,15
67058,11
67059,5
67060,7
67061,4
67062,17
67063,3
67064,10
67065,11
67066,0
67067,21
67068,5
67069,17
67070,19
67071,3
67072,12
67073,7
67074,6
67075,22
67076,22
67077,0
67078,0
67079,22
67080,15
67081,7
67082,4
67083,17
67084,4
67085,23
67086,9
67087,3
67088,12
67089,1
67090,20
67091,12
67092,19
67093,5
67094,13
67095,15
67096,9
67097,0
67098,19
67099,10
67100,7
67101,11
67102,22
67103,9
67104,12
67105,0
67106,15
67107,7
67108,20
67109,1
67110,19
67111,8
67112,16
67113,1
67114,1
67115,7
67116,17
67117,4
67118,3
67119,6
67120,19
67121,20
67122,13
67123,6
67124,19
67125,7
67126,6
67127,21
67128,8
67129,20
67130,12
67131,13
67132,21
67133,5
67134,10
67135,15
67136,2
67137,11
67138,14
67139,23
67140,16
67141,5
67142,1
67143,1
67144,4
67145,1
67146,0
67147,16
67148,15
67149,0
67150,9
67151,16
67152,7
67153,13
67154,14
67155,2
67156,17
67157,2
67158,16
67159,21
67160,4
67161,17
67162,16
67163,18
67164,15
67165,0
67166,9
67167,9
67168,14
67169,0
67170,20
67171,15
67172,7
67173,8
67174,0
67175,17
67176,1
67177,22
67178,7
67179,9
67180,8
67181,10
67182,21
67183,0
67184,8
67185,11
67186,11
67187,3
67188,12
67189,1
67190,14
67191,7
67192,12
67193,7
67194,7
67195,9
67196,1
67197,7
67198,15
67199,1
67200,18
67201,7
67202,7
67203,7
67204,16
67205,22
67206,19
67207,10
67208,12
67209,10
67210,0
67211,22
67212,9
67213,9
67214,18
67215,11
67216,11
67217,4
67218,3
67219,14
67220,1
67221,5
67222,5
67223,11
67224,9
67225,5
67226,4
67227,7
67228,1
67229,21
67230,19
67231,11
67232,0
67233,0
67234,16
67235,12
67236,5
67237,21
67238,1
67239,21
67240,6
67241,4
67242,7
67243,3
67244,0
67245,1
67246,22
67247,15
67248,23
67249,12
67250,22
67251,4
67252,11
67253,7
67254,4
67255,20
67256,14
67257,19
67258,13
67259,13
67260,22
67261,1
67262,12
67263,7
67264,4
67265,7
67266,12
67267,4
67268,4
67269,10
67270,7
67271,8
67272,0
67273,18
67274,14
67275,3
67276,18
67277,5
67278,20
67279,23
67280,16
67281,7
67282,23
67283,6
67284,1
67285,4
67286,7
67287,21
67288,22
67289,6
67290,10
67291,7
67292,13
67293,5
67294,4
67295,17
67296,0
67297,15
67298,7
67299,18
67300,7
67301,17
67302,0
67303,17
67304,13
67305,7
67306,4
67307,3
67308,4
67309,8
67310,10
67311,1
67312,19
67313,15
67314,11
67315,7
67316,13
67317,7
67318,21
67319,9
67320,7
67321,23
67322,6
67323,15
67324,11
67325,5
67326,10
67327,20
67328,5
67329,9
67330,8
67331,19
67332,7
67333,22
67334,7
67335,0
67336,9
67337,16
67338,19
67339,21
67340,13
67341,6
67342,14
67343,11
67344,5
67345,17
67346,21
67347,23
67348,17
67349,15
67350,23
67351,16
67352,7
67353,9
67354,1
67355,7
67356,11
67357,22
67358,2
67359,0
67360,23
67361,5
67362,0
67363,4
67364,1
67365,0
67366,7
67367,22
67368,17
67369,18
67370,6
67371,15
67372,19
67373,17
67374,20
67375,15
67376,7
67377,22
67378,13
67379,21
67380,6
67381,0
67382,4
67383,15
67384,7
67385,16
67386,3
67387,20
67388,15
67389,22
67390,19
67391,19
67392,7
67393,7
67394,13
67395,5
67396,6
67397,21
67398,23
67399,17
67400,8
67401,13
67402,16
67403,6
67404,16
67405,11
67406,19
67407,17
67408,16
67409,22
67410,5
67411,9
67412,20
67413,1
67414,13
67415,7
67416,4
67417,6
67418,0
67419,7
67420,19
67421,11
67422,4
67423,16
67424,7
67425,11
67426,10
67427,18
67428,19
67429,11
67430,12
67431,12
67432,3
67433,13
67434,13
67435,4
67436,13
67437,16
67438,14
67439,0
67440,10
67441,21
67442,17
67443,16
67444,6
67445,6
67446,13
67447,11
67448,8
67449,18
67450,5
67451,5
67452,7
67453,18
67454,19
67455,0
67456,11
67457,7
67458,2
67459,19
67460,12
67461,22
67462,6
67463,11
67464,7
67465,12
67466,11
67467,19
67468,22
67469,20
67470,1
67471,1
67472,11
67473,13
67474,21
67475,19
67476,5
67477,17
67478,2
67479,15
67480,10
67481,18
67482,16
67483,16
67484,17
67485,14
67486,23
67487,0
67488,7
67489,5
67490,13
67491,1
67492,14
67493,0
67494,4
67495,22
67496,4
67497,6
67498,7
67499,2
67500,14
67501,1
67502,9
67503,9
67504,8
67505,16
67506,5
67507,7
67508,20
67509,7
67510,23
67511,7
67512,19
67513,7
67514,11
67515,20
67516,18
67517,14
67518,20
67519,8
67520,8
67521,22
67522,16
67523,13
67524,22
67525,6
67526,22
67527,0
67528,1
67529,12
67530,10
67531,18
67532,16
67533,11
67534,7
67535,8
67536,1
67537,1
67538,10
67539,7
67540,4
67541,20
67542,16
67543,17
67544,17
67545,1
67546,22
67547,7
67548,17
67549,13
67550,6
67551,16
67552,11
67553,10
67554,6
67555,14
67556,15
67557,7
67558,8
67559,7
67560,12
67561,16
67562,0
67563,23
67564,7
67565,15
67566,19
67567,5
67568,17
67569,0
67570,8
67571,7
67572,1
67573,13
67574,8
67575,15
67576,18
67577,13
67578,6
67579,6
67580,4
67581,4
67582,15
67583,18
67584,11
67585,15
67586,0
67587,19
67588,17
67589,23
67590,4
67591,2
67592,17
67593,18
67594,21
67595,16
67596,6
67597,15
67598,10
67599,17
67600,13
67601,9
67602,10
67603,15
67604,15
67605,20
67606,7
67607,5
67608,7
67609,16
67610,23
67611,9
67612,13
67613,22
67614,7
67615,1
67616,2
67617,22
67618,6
67619,12
67620,13
67621,7
67622,22
67623,10
67624,5
67625,19
67626,7
67627,1
67628,9
67629,19
67630,8
67631,1
67632,1
67633,13
67634,4
67635,9
67636,4
67637,17
67638,1
67639,0
67640,7
67641,4
67642,19
67643,4
67644,6
67645,3
67646,15
67647,12
67648,23
67649,7
67650,1
67651,17
67652,8
67653,13
67654,5
67655,7
67656,14
67657,3
67658,6
67659,1
67660,19
67661,3
67662,1
67663,6
67664,13
67665,11
67666,14
67667,7
67668,7
67669,10
67670,4
67671,17
67672,19
67673,17
67674,1
67675,13
67676,8
67677,23
67678,13
67679,16
67680,22
67681,4
67682,1
67683,17
67684,0
67685,9
67686,13
67687,20
67688,12
67689,5
67690,17
67691,23
67692,4
67693,4
67694,13
67695,4
67696,18
67697,15
67698,17
67699,4
67700,17
67701,11
67702,17
67703,10
67704,7
67705,1
67706,17
67707,5
67708,4
67709,22
67710,15
67711,21
67712,14
67713,16
67714,23
67715,19
67716,9
67717,13
67718,22
67719,20
67720,13
67721,18
67722,0
67723,5
67724,7
67725,22
67726,16
67727,6
67728,7
67729,1
67730,11
67731,21
67732,14
67733,3
67734,19
67735,7
67736,17
67737,22
67738,4
67739,0
67740,18
67741,17
67742,22
67743,7
67744,15
67745,11
67746,10
67747,7
67748,23
67749,23
67750,4
67751,14
67752,15
67753,4
67754,22
67755,14
67756,15
67757,11
67758,12
67759,11
67760,20
67761,19
67762,7
67763,15
67764,9
67765,8
67766,17
67767,11
67768,1
67769,7
67770,6
67771,12
67772,13
67773,15
67774,22
67775,7
67776,6
67777,5
67778,19
67779,0
67780,20
67781,4
67782,13
67783,5
67784,19
67785,11
67786,19
67787,15
67788,13
67789,20
67790,0
67791,6
67792,1
67793,13
67794,22
67795,9
67796,1
67797,16
67798,16
67799,2
67800,20
67801,8
67802,11
67803,20
67804,6
67805,19
67806,9
67807,17
67808,10
67809,7
67810,17
67811,7
67812,4
67813,19
67814,17
67815,0
67816,19
67817,1
67818,20
67819,17
67820,0
67821,10
67822,22
67823,19
67824,9
67825,9
67826,10
67827,11
67828,0
67829,3
67830,12
67831,21
67832,22
67833,5
67834,2
67835,13
67836,23
67837,16
67838,8
67839,13
67840,7
67841,15
67842,22
67843,14
67844,8
67845,19
67846,7
67847,10
67848,15
67849,10
67850,15
67851,1
67852,17
67853,22
67854,17
67855,6
67856,19
67857,9
67858,12
67859,19
67860,20
67861,1
67862,1
67863,7
67864,11
67865,6
67866,11
67867,13
67868,10
67869,18
67870,4
67871,15
67872,22
67873,22
67874,18
67875,20
67876,12
67877,4
67878,7
67879,8
67880,22
67881,16
67882,19
67883,15
67884,7
67885,4
67886,14
67887,9
67888,22
67889,17
67890,1
67891,4
67892,5
67893,12
67894,19
67895,0
67896,18
67897,22
67898,13
67899,7
67900,19
67901,12
67902,19
67903,1
67904,7
67905,4
67906,15
67907,7
67908,3
67909,9
67910,1
67911,22
67912,7
67913,19
67914,19
67915,20
67916,17
67917,14
67918,19
67919,7
67920,10
67921,10
67922,4
67923,4
67924,22
67925,7
67926,8
67927,3
67928,0
67929,7
67930,17
67931,18
67932,10
67933,9
67934,15
67935,15
67936,15
67937,13
67938,15
67939,20
67940,1
67941,11
67942,0
67943,8
67944,17
67945,7
67946,3
67947,21
67948,3
67949,4
67950,1
67951,1
67952,10
67953,14
67954,23
67955,16
67956,20
67957,4
67958,7
67959,16
67960,3
67961,11
67962,7
67963,11
67964,10
67965,3
67966,14
67967,3
67968,11
67969,5
67970,4
67971,6
67972,14
67973,19
67974,19
67975,1
67976,13
67977,17
67978,23
67979,0
67980,7
67981,21
67982,19
67983,8
67984,21
67985,6
67986,7
67987,7
67988,10
67989,16
67990,14
67991,10
67992,12
67993,21
67994,10
67995,7
67996,20
67997,7
67998,20
67999,15
68000,12
68001,21
68002,20
68003,16
68004,7
68005,15
68006,12
68007,13
68008,7
68009,2
68010,22
68011,23
68012,23
68013,13
68014,22
68015,12
68016,19
68017,16
68018,9
68019,18
68020,6
68021,9
68022,14
68023,13
68024,12
68025,16
68026,8
68027,2
68028,18
68029,17
68030,0
68031,7
68032,21
68033,15
68034,8
68035,1
68036,16
68037,17
68038,1
68039,11
68040,13
68041,17
68042,1
68043,6
68044,6
68045,15
68046,14
68047,13
68048,7
68049,19
68050,6
68051,21
68052,20
68053,3
68054,17
68055,7
68056,11
68057,20
68058,1
68059,9
68060,0
68061,18
68062,8
68063,0
68064,7
68065,19
68066,8
68067,13
68068,11
68069,19
68070,1
68071,13
68072,0
68073,17
68074,15
68075,12
68076,15
68077,0
68078,8
68079,0
68080,4
68081,0
68082,22
68083,1
68084,19
68085,10
68086,2
68087,11
68088,3
68089,5
68090,15
68091,23
68092,11
68093,10
68094,1
68095,21
68096,15
68097,14
68098,17
68099,21
68100,15
68101,11
68102,17
68103,3
68104,19
68105,19
68106,22
68107,10
68108,15
68109,7
68110,20
68111,15
68112,8
68113,9
68114,9
68115,0
68116,5
68117,13
68118,19
68119,13
68120,4
68121,1
68122,0
68123,23
68124,19
68125,1
68126,19
68127,4
68128,17
68129,20
68130,11
68131,22
68132,17
68133,23
68134,0
68135,11
68136,17
68137,5
68138,10
68139,16
68140,20
68141,15
68142,21
68143,1
68144,15
68145,0
68146,23
68147,3
68148,17
68149,13
68150,22
68151,3
68152,19
68153,10
68154,19
68155,4
68156,16
68157,12
68158,16
68159,17
68160,20
68161,3
68162,1
68163,14
68164,22
68165,8
68166,17
68167,14
68168,12
68169,15
68170,7
68171,0
68172,13
68173,17
68174,8
68175,12
68176,18
68177,7
68178,9
68179,6
68180,15
68181,1
68182,15
68183,15
68184,15
68185,17
68186,19
68187,17
68188,23
68189,0
68190,13
68191,0
68192,2
68193,5
68194,1
68195,22
68196,7
68197,6
68198,20
68199,17
68200,7
68201,16
68202,10
68203,4
68204,10
68205,3
68206,10
68207,13
68208,18
68209,3
68210,7
68211,6
68212,7
68213,5
68214,9
68215,23
68216,4
68217,17
68218,1
68219,14
68220,22
68221,15
68222,18
68223,13
68224,15
68225,14
68226,1
68227,4
68228,11
68229,12
68230,14
68231,5
68232,11
68233,12
68234,23
68235,22
68236,18
68237,3
68238,0
68239,5
68240,9
68241,4
68242,23
68243,12
68244,14
68245,20
68246,19
68247,19
68248,23
68249,18
68250,7
68251,4
68252,12
68253,13
68254,10
68255,17
68256,23
68257,4
68258,10
68259,1
68260,20
68261,22
68262,14
68263,5
68264,1
68265,12
68266,3
68267,7
68268,10
68269,18
68270,14
68271,19
68272,11
68273,1
68274,8
68275,13
68276,23
68277,20
68278,1
68279,5
68280,4
68281,2
68282,23
68283,11
68284,7
68285,23
68286,21
68287,13
68288,19
68289,10
68290,10
68291,21
68292,14
68293,7
68294,3
68295,11
68296,17
68297,5
68298,4
68299,4
68300,10
68301,5
68302,11
68303,17
68304,22
68305,16
68306,13
68307,10
68308,6
68309,19
68310,15
68311,11
68312,13
68313,20
68314,6
68315,5
68316,13
68317,13
68318,1
68319,10
68320,5
68321,7
68322,15
68323,15
68324,4
68325,4
68326,11
68327,9
68328,0
68329,8
68330,10
68331,22
68332,4
68333,18
68334,0
68335,1
68336,16
68337,15
68338,4
68339,3
68340,7
68341,19
68342,5
68343,16
68344,7
68345,17
68346,5
68347,15
68348,12
68349,7
68350,0
68351,8
68352,19
68353,21
68354,21
68355,18
68356,22
68357,2
68358,0
68359,1
68360,8
68361,8
68362,12
68363,7
68364,5
68365,5
68366,21
68367,8
68368,17
68369,20
68370,0
68371,4
68372,6
68373,11
68374,12
68375,0
68376,7
68377,13
68378,11
68379,7
68380,6
68381,3
68382,15
68383,23
68384,12
68385,7
68386,18
68387,21
68388,19
68389,13
68390,14
68391,15
68392,19
68393,11
68394,17
68395,2
68396,9
68397,1
68398,8
68399,13
68400,21
68401,21
68402,4
68403,0
68404,19
68405,19
68406,23
68407,14
68408,5
68409,2
68410,13
68411,10
68412,17
68413,7
68414,12
68415,8
68416,6
68417,7
68418,11
68419,23
68420,18
68421,15
68422,0
68423,4
68424,2
68425,5
68426,7
68427,9
68428,19
68429,21
68430,23
68431,1
68432,7
68433,10
68434,9
68435,9
68436,1
68437,12
68438,8
68439,2
68440,21
68441,4
68442,6
68443,15
68444,0
68445,4
68446,5
68447,6
68448,16
68449,21
68450,16
68451,13
68452,15
68453,10
68454,0
68455,13
68456,23
68457,11
68458,17
68459,13
68460,18
68461,15
68462,8
68463,8
68464,22
68465,23
68466,4
68467,9
68468,13
68469,4
68470,16
68471,15
68472,7
68473,9
68474,4
68475,12
68476,4
68477,7
68478,22
68479,6
68480,8
68481,13
68482,14
68483,7
68484,10
68485,11
68486,7
68487,11
68488,19
68489,23
68490,18
68491,18
68492,7
68493,18
68494,4
68495,15
68496,6
68497,10
68498,11
68499,1
68500,17
68501,19
68502,16
68503,4
68504,3
68505,14
68506,5
68507,14
68508,5
68509,4
68510,1
68511,19
68512,23
68513,0
68514,19
68515,21
68516,7
68517,21
68518,22
68519,6
68520,6
68521,8
68522,23
68523,0
68524,7
68525,7
68526,4
68527,13
68528,15
68529,17
68530,11
68531,10
68532,18
68533,22
68534,12
68535,11
68536,23
68537,7
68538,22
68539,13
68540,6
68541,9
68542,3
68543,15
68544,20
68545,15
68546,8
68547,15
68548,15
68549,3
68550,4
68551,8
68552,18
68553,10
68554,6
68555,15
68556,7
68557,22
68558,7
68559,9
68560,11
68561,16
68562,4
68563,14
68564,6
68565,8
68566,15
68567,14
68568,7
68569,4
68570,3
68571,14
68572,9
68573,19
68574,8
68575,5
68576,3
68577,22
68578,20
68579,21
68580,13
68581,11
68582,21
68583,4
68584,0
68585,3
68586,11
68587,7
68588,20
68589,15
68590,16
68591,7
68592,8
68593,9
68594,13
68595,22
68596,18
68597,0
68598,19
68599,1
68600,11
68601,8
68602,6
68603,5
68604,9
68605,7
68606,7
68607,21
68608,23
68609,11
68610,18
68611,13
68612,10
68613,19
68614,7
68615,13
68616,15
68617,3
68618,8
68619,11
68620,10
68621,7
68622,8
68623,6
68624,15
68625,7
68626,13
68627,23
68628,18
68629,6
68630,12
68631,17
68632,7
68633,10
68634,1
68635,22
68636,15
68637,6
68638,22
68639,3
68640,11
68641,7
68642,6
68643,6
68644,1
68645,4
68646,7
68647,12
68648,15
68649,11
68650,5
68651,12
68652,4
68653,6
68654,21
68655,0
68656,8
68657,20
68658,16
68659,4
68660,6
68661,13
68662,11
68663,19
68664,20
68665,20
68666,22
68667,15
68668,7
68669,4
68670,3
68671,1
68672,22
68673,8
68674,15
68675,6
68676,0
68677,15
68678,12
68679,13
68680,22
68681,22
68682,6
68683,4
68684,13
68685,11
68686,23
68687,21
68688,17
68689,20
68690,8
68691,11
68692,6
68693,13
68694,8
68695,6
68696,15
68697,7
68698,15
68699,8
68700,23
68701,2
68702,7
68703,9
68704,7
68705,7
68706,12
68707,9
68708,6
68709,11
68710,8
68711,17
68712,17
68713,14
68714,7
68715,4
68716,7
68717,20
68718,13
68719,3
68720,2
68721,4
68722,8
68723,4
68724,6
68725,19
68726,0
68727,13
68728,5
68729,3
68730,22
68731,6
68732,1
68733,15
68734,6
68735,12
68736,1
68737,5
68738,21
68739,12
68740,18
68741,14
68742,8
68743,15
68744,7
68745,15
68746,5
68747,17
68748,17
68749,10
68750,16
68751,6
68752,9
68753,5
68754,22
68755,20
68756,7
68757,11
68758,16
68759,16
68760,13
68761,7
68762,5
68763,15
68764,14
68765,7
68766,14
68767,7
68768,8
68769,15
68770,7
68771,8
68772,23
68773,16
68774,21
68775,8
68776,4
68777,6
68778,11
68779,0
68780,17
68781,23
68782,14
68783,7
68784,9
68785,17
68786,14
68787,6
68788,14
68789,9
68790,12
68791,8
68792,5
68793,1
68794,13
68795,22
68796,4
68797,4
68798,11
68799,3
68800,3
68801,7
68802,22
68803,6
68804,19
68805,11
68806,13
68807,8
68808,23
68809,15
68810,19
68811,8
68812,1
68813,22
68814,4
68815,14
68816,4
68817,15
68818,12
68819,4
68820,1
68821,11
68822,4
68823,11
68824,9
68825,0
68826,21
68827,17
68828,3
68829,6
68830,4
68831,5
68832,11
68833,17
68834,21
68835,5
68836,1
68837,1
68838,9
68839,15
68840,12
68841,7
68842,11
68843,22
68844,16
68845,1
68846,13
68847,15
68848,2
68849,16
68850,20
68851,7
68852,9
68853,0
68854,15
68855,13
68856,12
68857,4
68858,10
68859,10
68860,22
68861,23
68862,4
68863,7
68864,0
68865,13
68866,0
68867,3
68868,3
68869,7
68870,15
68871,8
68872,21
68873,22
68874,4
68875,6
68876,12
68877,12
68878,18
68879,13
68880,8
68881,15
68882,3
68883,6
68884,4
68885,6
68886,19
68887,3
68888,0
68889,8
68890,13
68891,14
68892,19
68893,23
68894,0
68895,13
68896,14
68897,20
68898,6
68899,23
68900,6
68901,18
68902,13
68903,6
68904,19
68905,5
68906,1
68907,6
68908,10
68909,16
68910,7
68911,13
68912,19
68913,19
68914,7
68915,19
68916,11
68917,15
68918,7
68919,9
68920,17
68921,15
68922,7
68923,22
68924,19
68925,13
68926,21
68927,13
68928,20
68929,21
68930,12
68931,19
68932,15
68933,14
68934,16
68935,19
68936,1
68937,10
68938,22
68939,11
68940,19
68941,13
68942,9
68943,20
68944,7
68945,11
68946,3
68947,21
68948,2
68949,0
68950,16
68951,14
68952,23
68953,18
68954,20
68955,13
68956,23
68957,4
68958,8
68959,10
68960,9
68961,5
68962,21
68963,13
68964,9
68965,5
68966,17
68967,10
68968,4
68969,1
68970,16
68971,16
68972,14
68973,11
68974,17
68975,15
68976,18
68977,10
68978,7
68979,4
68980,11
68981,15
68982,7
68983,20
68984,17
68985,17
68986,13
68987,23
68988,18
68989,6
68990,7
68991,13
68992,13
68993,18
68994,6
68995,3
68996,11
68997,0
68998,23
68999,1
69000,18
69001,1
69002,7
69003,0
69004,3
69005,8
69006,13
69007,9
69008,17
69009,10
69010,14
69011,20
69012,9
69013,3
69014,11
69015,13
69016,7
69017,1
69018,13
69019,5
69020,7
69021,17
69022,11
69023,15
69024,16
69025,3
69026,12
69027,2
69028,4
69029,5
69030,11
69031,12
69032,8
69033,0
69034,14
69035,0
69036,18
69037,21
69038,0
69039,21
69040,17
69041,0
69042,15
69043,17
69044,1
69045,11
69046,7
69047,15
69048,18
69049,18
69050,19
69051,10
69052,1
69053,3
69054,2
69055,11
69056,15
69057,6
69058,19
69059,13
69060,17
69061,16
69062,16
69063,21
69064,7
69065,13
69066,22
69067,6
69068,12
69069,5
69070,13
69071,23
69072,9
69073,7
69074,14
69075,19
69076,15
69077,14
69078,15
69079,1
69080,8
69081,11
69082,21
69083,22
69084,15
69085,2
69086,18
69087,23
69088,16
69089,10
69090,9
69091,1
69092,7
69093,5
69094,8
69095,11
69096,22
69097,21
69098,8
69099,15
69100,9
69101,20
69102,12
69103,4
69104,3
69105,7
69106,10
69107,10
69108,17
69109,7
69110,13
69111,6
69112,14
69113,18
69114,0
69115,6
69116,16
69117,11
69118,19
69119,21
69120,7
69121,3
69122,4
69123,6
69124,19
69125,20
69126,3
69127,4
69128,14
69129,7
69130,23
69131,19
69132,9
69133,2
69134,22
69135,1
69136,14
69137,8
69138,20
69139,15
69140,2
69141,16
69142,12
69143,13
69144,7
69145,15
69146,18
69147,7
69148,5
69149,14
69150,4
69151,7
69152,17
69153,22
69154,19
69155,4
69156,7
69157,4
69158,6
69159,22
69160,22
69161,19
69162,19
69163,3
69164,1
69165,2
69166,23
69167,4
69168,1
69169,16
69170,1
69171,13
69172,4
69173,11
69174,4
69175,4
69176,12
69177,0
69178,20
69179,6
69180,12
69181,6
69182,15
69183,13
69184,1
69185,1
69186,3
69187,12
69188,6
69189,0
69190,12
69191,0
69192,4
69193,11
69194,13
69195,12
69196,22
69197,21
69198,20
69199,14
69200,12
69201,6
69202,4
69203,7
69204,12
69205,14
69206,18
69207,4
69208,9
69209,13
69210,12
69211,5
69212,15
69213,15
69214,21
69215,15
69216,1
69217,10
69218,7
69219,20
69220,22
69221,22
69222,10
69223,6
69224,14
69225,23
69226,0
69227,7
69228,5
69229,1
69230,9
69231,9
69232,8
69233,19
69234,0
69235,12
69236,23
69237,10
69238,5
69239,0
69240,15
69241,4
69242,17
69243,6
69244,13
69245,4
69246,4
69247,0
69248,17
69249,5
69250,18
69251,5
69252,19
69253,12
69254,17
69255,19
69256,9
69257,16
69258,7
69259,23
69260,8
69261,0
69262,11
69263,7
69264,10
69265,22
69266,8
69267,7
69268,16
69269,5
69270,1
69271,16
69272,16
69273,14
69274,3
69275,0
69276,4
69277,0
69278,6
69279,3
69280,0
69281,18
69282,8
69283,13
69284,13
69285,17
69286,3
69287,18
69288,4
69289,22
69290,8
69291,7
69292,15
69293,20
69294,10
69295,1
69296,22
69297,2
69298,11
69299,13
69300,22
69301,0
69302,11
69303,4
69304,6
69305,4
69306,4
69307,21
69308,10
69309,20
69310,11
69311,11
69312,4
69313,14
69314,21
69315,9
69316,0
69317,7
69318,16
69319,0
69320,6
69321,5
69322,15
69323,19
69324,10
69325,17
69326,7
69327,7
69328,17
69329,18
69330,3
69331,12
69332,19
69333,7
69334,7
69335,1
69336,17
69337,15
69338,20
69339,9
69340,13
69341,4
69342,17
69343,5
69344,14
69345,14
69346,3
69347,12
69348,12
69349,18
69350,3
69351,6
69352,8
69353,23
69354,18
69355,13
69356,19
69357,16
69358,8
69359,8
69360,19
69361,14
69362,6
69363,12
69364,1
69365,11
69366,7
69367,23
69368,0
69369,4
69370,10
69371,8
69372,14
69373,15
69374,11
69375,4
69376,1
69377,0
69378,9
69379,2
69380,7
69381,6
69382,7
69383,0
69384,19
69385,5
69386,6
69387,19
69388,6
69389,5
69390,7
69391,13
69392,7
69393,11
69394,7
69395,11
69396,15
69397,8
69398,17
69399,22
69400,13
69401,19
69402,22
69403,16
69404,15
69405,3
69406,1
69407,4
69408,0
69409,11
69410,6
69411,7
69412,3
69413,13
69414,19
69415,1
69416,18
69417,12
69418,15
69419,3
69420,1
69421,19
69422,0
69423,9
69424,17
69425,7
69426,4
69427,3
69428,11
69429,7
69430,6
69431,4
69432,7
69433,22
69434,18
69435,17
69436,17
69437,12
69438,4
69439,4
69440,6
69441,3
69442,16
69443,6
69444,16
69445,1
69446,13
69447,21
69448,18
69449,6
69450,22
69451,5
69452,5
69453,4
69454,18
69455,15
69456,7
69457,18
69458,1
69459,10
69460,11
69461,19
69462,14
69463,3
69464,4
69465,13
69466,22
69467,2
69468,0
69469,21
69470,9
69471,19
69472,20
69473,14
69474,7
69475,4
69476,2
69477,11
69478,10
69479,15
69480,1
69481,7
69482,6
69483,8
69484,6
69485,14
69486,4
69487,16
69488,13
69489,13
69490,10
69491,19
69492,15
69493,15
69494,4
69495,5
69496,4
69497,13
69498,4
69499,0
69500,22
69501,2
69502,6
69503,7
69504,22
69505,23
69506,10
69507,1
69508,6
69509,21
69510,17
69511,11
69512,21
69513,5
69514,8
69515,5
69516,7
69517,19
69518,4
69519,4
69520,7
69521,5
69522,12
69523,15
69524,15
69525,22
69526,0
69527,1
69528,23
69529,22
69530,14
69531,5
69532,0
69533,11
69534,21
69535,12
69536,7
69537,4
69538,16
69539,21
69540,15
69541,0
69542,4
69543,0
69544,18
69545,0
69546,16
69547,19
69548,14
69549,22
69550,17
69551,3
69552,4
69553,4
69554,18
69555,21
69556,15
69557,8
69558,23
69559,7
69560,4
69561,5
69562,21
69563,1
69564,7
69565,4
69566,22
69567,23
69568,4
69569,11
69570,23
69571,8
69572,7
69573,15
69574,5
69575,1
69576,7
69577,16
69578,16
69579,16
69580,11
69581,11
69582,9
69583,2
69584,8
69585,21
69586,21
69587,17
69588,13
69589,18
69590,5
69591,17
69592,3
69593,23
69594,1
69595,2
69596,10
69597,7
69598,17
69599,1
69600,5
69601,5
69602,11
69603,15
69604,4
69605,19
69606,20
69607,15
69608,22
69609,7
69610,14
69611,12
69612,12
69613,1
69614,13
69615,10
69616,5
69617,18
69618,22
69619,23
69620,17
69621,4
69622,18
69623,14
69624,19
69625,7
69626,15
69627,0
69628,4
69629,7
69630,3
69631,11
69632,11
69633,15
69634,8
69635,11
69636,14
69637,9
69638,0
69639,3
69640,22
69641,19
69642,7
69643,19
69644,20
69645,12
69646,20
69647,6
69648,7
69649,18
69650,5
69651,23
69652,4
69653,19
69654,20
69655,5
69656,21
69657,7
69658,10
69659,4
69660,7
69661,19
69662,1
69663,15
69664,18
69665,14
69666,5
69667,10
69668,9
69669,0
69670,21
69671,11
69672,6
69673,3
69674,23
69675,1
69676,7
69677,12
69678,4
69679,2
69680,19
69681,7
69682,12
69683,21
69684,19
69685,22
69686,20
69687,15
69688,16
69689,16
69690,20
69691,16
69692,11
69693,4
69694,3
69695,22
69696,7
69697,15
69698,23
69699,7
69700,3
69701,16
69702,15
69703,7
69704,16
69705,5
69706,22
69707,4
69708,15
69709,7
69710,7
69711,13
69712,11
69713,18
69714,13
69715,17
69716,15
69717,11
69718,19
69719,0
69720,9
69721,7
69722,13
69723,10
69724,11
69725,9
69726,8
69727,19
69728,3
69729,4
69730,12
69731,21
69732,21
69733,19
69734,12
69735,11
69736,1
69737,5
69738,4
69739,15
69740,16
69741,12
69742,7
69743,16
69744,1
69745,19
69746,22
69747,12
69748,9
69749,12
69750,9
69751,11
69752,3
69753,11
69754,18
69755,13
69756,15
69757,7
69758,7
69759,7
69760,6
69761,14
69762,13
69763,17
69764,12
69765,7
69766,0
69767,18
69768,7
69769,20
69770,7
69771,9
69772,7
69773,1
69774,0
69775,18
69776,12
69777,0
69778,19
69779,8
69780,22
69781,18
69782,7
69783,0
69784,3
69785,20
69786,20
69787,2
69788,15
69789,5
69790,7
69791,4
69792,11
69793,23
69794,15
69795,19
69796,11
69797,12
69798,19
69799,19
69800,2
69801,16
69802,4
69803,21
69804,17
69805,22
69806,11
69807,7
69808,14
69809,22
69810,15
69811,12
69812,13
69813,10
69814,1
69815,21
69816,10
69817,6
69818,18
69819,22
69820,21
69821,15
69822,0
69823,7
69824,1
69825,17
69826,7
69827,12
69828,20
69829,1
69830,9
69831,1
69832,21
69833,4
69834,15
69835,21
69836,11
69837,22
69838,8
69839,15
69840,2
69841,0
69842,1
69843,20
69844,7
69845,19
69846,0
69847,4
69848,13
69849,21
69850,15
69851,5
69852,17
69853,20
69854,16
69855,15
69856,19
69857,15
69858,5
69859,18
69860,15
69861,11
69862,4
69863,6
69864,9
69865,7
69866,16
69867,21
69868,13
69869,19
69870,3
69871,17
69872,4
69873,7
69874,10
69875,23
69876,15
69877,22
69878,16
69879,7
69880,11
69881,15
69882,1
69883,6
69884,23
69885,11
69886,19
69887,22
69888,7
69889,11
69890,3
69891,20
69892,4
69893,15
69894,14
69895,11
69896,15
69897,17
69898,7
69899,1
69900,21
69901,8
69902,8
69903,0
69904,7
69905,14
69906,22
69907,7
69908,20
69909,12
69910,12
69911,18
69912,6
69913,15
69914,16
69915,14
69916,17
69917,17
69918,7
69919,13
69920,17
69921,13
69922,7
69923,12
69924,15
69925,9
69926,23
69927,9
69928,4
69929,10
69930,7
69931,4
69932,20
69933,4
69934,19
69935,13
69936,15
69937,19
69938,5
69939,22
69940,15
69941,4
69942,19
69943,5
69944,16
69945,10
69946,7
69947,19
69948,7
69949,9
69950,4
69951,23
69952,3
69953,0
69954,8
69955,15
69956,15
69957,15
69958,8
69959,4
69960,4
69961,14
69962,17
69963,6
69964,14
69965,1
69966,6
69967,16
69968,3
69969,11
69970,22
69971,15
69972,11
69973,18
69974,4
69975,9
69976,3
69977,15
69978,9
69979,22
69980,1
69981,21
69982,22
69983,22
69984,0
69985,17
69986,16
69987,10
69988,1
69989,5
69990,16
69991,13
69992,21
69993,0
69994,15
69995,4
69996,16
69997,17
69998,4
69999,17
70000,12
70001,15
70002,7
70003,6
70004,19
70005,0
70006,7
70007,1
70008,18
70009,15
70010,7
70011,4
70012,9
70013,1
70014,20
70015,23
70016,15
70017,7
70018,3
70019,21
70020,14
70021,16
70022,19
70023,1
70024,9
70025,21
70026,3
70027,2
70028,21
70029,7
70030,8
70031,0
70032,4
70033,18
70034,5
70035,6
70036,7
70037,4
70038,22
70039,13
70040,14
70041,20
70042,21
70043,13
70044,6
70045,13
70046,4
70047,16
70048,7
70049,6
70050,19
70051,12
70052,16
70053,20
70054,22
70055,0
70056,21
70057,13
70058,22
70059,21
70060,13
70061,7
70062,15
70063,0
70064,9
70065,22
70066,8
70067,16
70068,23
70069,15
70070,8
70071,9
70072,10
70073,6
70074,4
70075,17
70076,4
70077,22
70078,8
70079,23
70080,1
70081,7
70082,22
70083,1
70084,0
70085,13
70086,15
70087,15
70088,5
70089,6
70090,14
70091,7
70092,8
70093,6
70094,13
70095,6
70096,7
70097,10
70098,10
70099,11
70100,1
70101,12
70102,21
70103,22
70104,17
70105,14
70106,19
70107,8
70108,19
70109,9
70110,21
70111,6
70112,17
70113,16
70114,4
70115,21
70116,10
70117,15
70118,15
70119,15
70120,20
70121,11
70122,10
70123,3
70124,11
70125,18
70126,16
70127,20
70128,8
70129,1
70130,8
70131,5
70132,1
70133,2
70134,3
70135,11
70136,22
70137,1
70138,11
70139,1
70140,9
70141,10
70142,21
70143,18
70144,15
70145,4
70146,13
70147,13
70148,15
70149,6
70150,18
70151,12
70152,9
70153,7
70154,21
70155,5
70156,4
70157,2
70158,11
70159,15
70160,7
70161,6
70162,12
70163,0
70164,3
70165,15
70166,12
70167,0
70168,17
70169,5
70170,2
70171,9
70172,4
70173,1
70174,17
70175,1
70176,18
70177,20
70178,15
70179,15
70180,9
70181,10
70182,22
70183,0
70184,17
70185,10
70186,20
70187,7
70188,15
70189,15
70190,10
70191,0
70192,2
70193,2
70194,7
70195,20
70196,6
70197,3
70198,8
70199,19
70200,10
70201,1
70202,22
70203,7
70204,12
70205,18
70206,5
70207,16
70208,15
70209,8
70210,23
70211,13
70212,4
70213,11
70214,6
70215,11
70216,0
70217,22
70218,22
70219,16
70220,22
70221,23
70222,14
70223,7
70224,12
70225,19
70226,0
70227,4
70228,20
70229,15
70230,18
70231,0
70232,0
70233,18
70234,14
70235,6
70236,15
70237,3
70238,6
70239,23
70240,4
70241,13
70242,8
70243,11
70244,11
70245,5
70246,0
70247,14
70248,17
70249,0
70250,4
70251,7
70252,14
70253,18
70254,11
70255,22
70256,11
70257,3
70258,13
70259,22
70260,6
70261,0
70262,11
70263,15
70264,6
70265,11
70266,6
70267,21
70268,5
70269,0
70270,19
70271,12
70272,9
70273,7
70274,15
70275,15
70276,1
70277,3
70278,16
70279,12
70280,16
70281,10
70282,9
70283,0
70284,17
70285,1
70286,19
70287,23
70288,11
70289,15
70290,23
70291,19
70292,13
70293,1
70294,21
70295,22
70296,12
70297,9
70298,13
70299,22
70300,15
70301,12
70302,5
70303,5
70304,23
70305,21
70306,13
70307,2
70308,13
70309,5
70310,15
70311,7
70312,8
70313,7
70314,1
70315,18
70316,8
70317,0
70318,5
70319,0
70320,16
70321,11
70322,15
70323,16
70324,17
70325,21
70326,3
70327,0
70328,10
70329,0
70330,16
70331,19
70332,5
70333,13
70334,4
70335,0
70336,20
70337,15
70338,8
70339,13
70340,13
70341,23
70342,8
70343,17
70344,9
70345,12
70346,4
70347,11
70348,2
70349,7
70350,6
70351,19
70352,7
70353,17
70354,19
70355,1
70356,16
70357,10
70358,16
70359,4
70360,3
70361,16
70362,1
70363,8
70364,22
70365,11
70366,12
70367,11
70368,18
70369,11
70370,5
70371,3
70372,23
70373,3
70374,3
70375,17
70376,4
70377,15
70378,9
70379,9
70380,7
70381,11
70382,19
70383,18
70384,21
70385,4
70386,22
70387,16
70388,12
70389,22
70390,13
70391,13
70392,8
70393,23
70394,7
70395,18
70396,13
70397,20
70398,22
70399,4
70400,7
70401,19
70402,4
70403,13
70404,6
70405,15
70406,7
70407,9
70408,17
70409,20
70410,10
70411,8
70412,15
70413,13
70414,13
70415,17
70416,14
70417,7
70418,20
70419,7
70420,21
70421,11
70422,1
70423,14
70424,19
70425,7
70426,15
70427,0
70428,22
70429,4
70430,19
70431,17
70432,20
70433,13
70434,16
70435,7
70436,21
70437,10
70438,8
70439,3
70440,10
70441,10
70442,19
70443,4
70444,0
70445,22
70446,9
70447,17
70448,15
70449,13
70450,16
70451,1
70452,10
70453,17
70454,18
70455,23
70456,1
70457,15
70458,7
70459,15
70460,4
70461,22
70462,4
70463,16
70464,10
70465,0
70466,7
70467,0
70468,5
70469,1
70470,7
70471,9
70472,17
70473,9
70474,11
70475,13
70476,19
70477,14
70478,16
70479,0
70480,5
70481,4
70482,0
70483,5
70484,15
70485,14
70486,0
70487,9
70488,7
70489,21
70490,19
70491,10
70492,12
70493,15
70494,17
70495,15
70496,2
70497,12
70498,0
70499,13
70500,7
70501,10
70502,12
70503,7
70504,6
70505,15
70506,13
70507,21
70508,7
70509,23
70510,4
70511,2
70512,21
70513,8
70514,14
70515,7
70516,16
70517,14
70518,11
70519,9
70520,13
70521,21
70522,20
70523,12
70524,10
70525,8
70526,10
70527,15
70528,3
70529,13
70530,13
70531,19
70532,9
70533,14
70534,15
70535,0
70536,23
70537,1
70538,13
70539,1
70540,10
70541,15
70542,21
70543,4
70544,16
70545,4
70546,11
70547,4
70548,13
70549,13
70550,22
70551,4
70552,4
70553,2
70554,19
70555,3
70556,15
70557,12
70558,8
70559,0
70560,23
70561,20
70562,5
70563,7
70564,3
70565,13
70566,3
70567,1
70568,8
70569,13
70570,4
70571,7
70572,6
70573,21
70574,15
70575,13
70576,1
70577,16
70578,10
70579,7
70580,9
70581,6
70582,12
70583,17
70584,12
70585,13
70586,4
70587,16
70588,9
70589,7
70590,0
70591,0
70592,3
70593,17
70594,1
70595,11
70596,19
70597,1
70598,13
70599,1
70600,6
70601,13
70602,17
70603,5
70604,11
70605,21
70606,23
70607,19
70608,9
70609,6
70610,14
70611,21
70612,19
70613,6
70614,4
70615,11
70616,20
70617,13
70618,16
70619,9
70620,16
70621,5
70622,22
70623,6
70624,5
70625,3
70626,6
70627,0
70628,4
70629,16
70630,1
70631,8
70632,4
70633,20
70634,16
70635,5
70636,15
70637,21
70638,7
70639,5
70640,3
70641,20
70642,1
70643,7
70644,7
70645,20
70646,15
70647,22
70648,16
70649,10
70650,6
70651,18
70652,19
70653,21
70654,16
70655,13
70656,3
70657,7
70658,20
70659,23
70660,18
70661,13
70662,19
70663,16
70664,16
70665,7
70666,13
70667,9
70668,7
70669,13
70670,16
70671,21
70672,1
70673,5
70674,4
70675,0
70676,19
70677,13
70678,13
70679,10
70680,3
70681,15
70682,16
70683,21
70684,7
70685,13
70686,20
70687,5
70688,0
70689,1
70690,0
70691,6
70692,22
70693,15
70694,12
70695,22
70696,8
70697,9
70698,6
70699,5
70700,15
70701,1
70702,7
70703,11
70704,4
70705,11
70706,12
70707,7
70708,9
70709,14
70710,7
70711,13
70712,7
70713,7
70714,18
70715,16
70716,6
70717,12
70718,17
70719,12
70720,22
70721,15
70722,10
70723,0
70724,9
70725,7
70726,1
70727,5
70728,13
70729,3
70730,16
70731,11
70732,1
70733,6
70734,18
70735,5
70736,19
70737,14
70738,7
70739,13
70740,21
70741,18
70742,8
70743,6
70744,9
70745,4
70746,22
70747,20
70748,14
70749,2
70750,16
70751,16
70752,15
70753,22
70754,14
70755,13
70756,8
70757,3
70758,15
70759,13
70760,0
70761,1
70762,22
70763,21
70764,19
70765,8
70766,13
70767,22
70768,19
70769,13
70770,16
70771,1
70772,15
70773,16
70774,13
70775,16
70776,17
70777,4
70778,19
70779,9
70780,7
70781,13
70782,6
70783,19
70784,5
70785,13
70786,1
70787,8
70788,0
70789,12
70790,21
70791,1
70792,22
70793,9
70794,14
70795,15
70796,4
70797,7
70798,15
70799,5
70800,6
70801,16
70802,2
70803,11
70804,20
70805,7
70806,17
70807,23
70808,7
70809,15
70810,7
70811,7
70812,13
70813,10
70814,17
70815,13
70816,12
70817,20
70818,1
70819,2
70820,4
70821,14
70822,17
70823,13
70824,14
70825,14
70826,1
70827,22
70828,4
70829,6
70830,7
70831,8
70832,13
70833,4
70834,14
70835,8
70836,0
70837,15
70838,14
70839,1
70840,7
70841,8
70842,18
70843,4
70844,17
70845,12
70846,14
70847,13
70848,18
70849,0
70850,11
70851,7
70852,0
70853,6
70854,8
70855,9
70856,7
70857,12
70858,10
70859,4
70860,23
70861,12
70862,7
70863,21
70864,8
70865,4
70866,17
70867,1
70868,0
70869,21
70870,15
70871,8
70872,11
70873,6
70874,0
70875,15
70876,1
70877,14
70878,8
70879,15
70880,11
70881,17
70882,21
70883,0
70884,5
70885,20
70886,17
70887,7
70888,15
70889,18
70890,6
70891,4
70892,18
70893,21
70894,4
70895,4
70896,16
70897,7
70898,0
70899,7
70900,23
70901,17
70902,6
70903,10
70904,13
70905,10
70906,1
70907,19
70908,19
70909,21
70910,21
70911,14
70912,6
70913,6
70914,0
70915,7
70916,1
70917,16
70918,9
70919,18
70920,13
70921,8
70922,20
70923,22
70924,8
70925,19
70926,17
70927,8
70928,19
70929,3
70930,18
70931,20
70932,2
70933,22
70934,6
70935,7
70936,4
70937,15
70938,4
70939,7
70940,15
70941,23
70942,3
70943,1
70944,15
70945,19
70946,3
70947,22
70948,4
70949,6
70950,9
70951,13
70952,18
70953,7
70954,12
70955,21
70956,21
70957,12
70958,1
70959,22
70960,4
70961,7
70962,7
70963,12
70964,7
70965,1
70966,15
70967,7
70968,15
70969,12
70970,18
70971,15
70972,0
70973,19
70974,5
70975,6
70976,19
70977,9
70978,0
70979,19
70980,14
70981,8
70982,13
70983,16
70984,19
70985,8
70986,4
70987,8
70988,0
70989,13
70990,4
70991,1
70992,21
70993,6
70994,4
70995,13
70996,9
70997,4
70998,3
70999,13
71000,4
71001,19
71002,4
71003,12
71004,15
71005,11
71006,11
71007,3
71008,21
71009,6
71010,0
71011,15
71012,7
71013,18
71014,9
71015,22
71016,15
71017,13
71018,10
71019,0
71020,23
71021,6
71022,14
71023,4
71024,1
71025,1
71026,12
71027,4
71028,1
71029,21
71030,6
71031,11
71032,9
71033,7
71034,14
71035,8
71036,13
71037,8
71038,4
71039,10
71040,4
71041,19
71042,18
71043,21
71044,15
71045,4
71046,22
71047,12
71048,17
71049,14
71050,12
71051,7
71052,19
71053,12
71054,17
71055,18
71056,20
71057,0
71058,21
71059,4
71060,17
71061,23
71062,17
71063,7
71064,16
71065,4
71066,16
71067,13
71068,8
71069,4
71070,7
71071,11
71072,4
71073,20
71074,21
71075,6
71076,6
71077,5
71078,0
71079,11
71080,7
71081,3
71082,19
71083,7
71084,21
71085,6
71086,7
71087,15
71088,9
71089,15
71090,1
71091,18
71092,9
71093,18
71094,20
71095,17
71096,4
71097,5
71098,0
71099,17
71100,23
71101,7
71102,11
71103,13
71104,11
71105,9
71106,2
71107,11
71108,22
71109,17
71110,17
71111,1
71112,11
71113,21
71114,14
71115,17
71116,10
71117,8
71118,7
71119,16
71120,3
71121,6
71122,11
71123,6
71124,15
71125,12
71126,17
71127,5
71128,20
71129,18
71130,21
71131,16
71132,11
71133,13
71134,1
71135,15
71136,8
71137,8
71138,1
71139,6
71140,10
71141,3
71142,19
71143,19
71144,12
71145,1
71146,7
71147,19
71148,9
71149,6
71150,4
71151,1
71152,1
71153,4
71154,15
71155,17
71156,12
71157,18
71158,8
71159,7
71160,0
71161,7
71162,6
71163,0
71164,17
71165,20
71166,5
71167,15
71168,8
71169,21
71170,17
71171,18
71172,12
71173,13
71174,16
71175,11
71176,3
71177,4
71178,21
71179,18
71180,16
71181,4
71182,22
71183,5
71184,10
71185,15
71186,21
71187,10
71188,15
71189,21
71190,11
71191,2
71192,0
71193,19
71194,0
71195,15
71196,4
71197,8
71198,11
71199,7
71200,7
71201,12
71202,7
71203,10
71204,19
71205,11
71206,13
71207,18
71208,11
71209,16
71210,7
71211,4
71212,7
71213,12
71214,4
71215,4
71216,7
71217,14
71218,13
71219,13
71220,15
71221,10
71222,4
71223,7
71224,17
71225,17
71226,23
71227,7
71228,7
71229,21
71230,15
71231,12
71232,7
71233,4
71234,0
71235,22
71236,14
71237,15
71238,13
71239,6
71240,13
71241,7
71242,16
71243,7
71244,2
71245,19
71246,9
71247,17
71248,1
71249,4
71250,7
71251,13
71252,12
71253,16
71254,14
71255,3
71256,6
71257,6
71258,7
71259,17
71260,7
71261,14
71262,23
71263,6
71264,19
71265,4
71266,15
71267,21
71268,7
71269,16
71270,19
71271,4
71272,18
71273,7
71274,17
71275,4
71276,7
71277,6
71278,23
71279,19
71280,12
71281,4
71282,13
71283,13
71284,10
71285,16
71286,4
71287,7
71288,12
71289,19
71290,5
71291,16
71292,4
71293,19
71294,19
71295,7
71296,6
71297,8
71298,3
71299,19
71300,11
71301,6
71302,22
71303,14
71304,15
71305,19
71306,7
71307,5
71308,10
71309,16
71310,19
71311,20
71312,7
71313,15
71314,8
71315,12
71316,4
71317,15
71318,17
71319,15
71320,20
71321,12
71322,19
71323,16
71324,22
71325,3
71326,12
71327,13
71328,8
71329,7
71330,7
71331,19
71332,17
71333,9
71334,8
71335,16
71336,11
71337,3
71338,1
71339,20
71340,21
71341,1
71342,7
71343,4
71344,16
71345,18
71346,0
71347,20
71348,13
71349,13
71350,4
71351,23
71352,12
71353,19
71354,13
71355,23
71356,19
71357,20
71358,11
71359,7
71360,0
71361,13
71362,15
71363,20
71364,17
71365,20
71366,15
71367,20
71368,19
71369,6
71370,14
71371,21
71372,20
71373,22
71374,21
71375,3
71376,20
71377,14
71378,13
71379,7
71380,6
71381,13
71382,15
71383,16
71384,16
71385,0
71386,18
71387,18
71388,7
71389,4
71390,16
71391,14
71392,15
71393,17
71394,11
71395,19
71396,21
71397,0
71398,8
71399,0
71400,5
71401,7
71402,7
71403,0
71404,7
71405,21
71406,15
71407,6
71408,12
71409,1
71410,4
71411,3
71412,7
71413,7
71414,17
71415,20
71416,11
71417,1
71418,22
71419,12
71420,21
71421,21
71422,15
71423,20
71424,14
71425,1
71426,12
71427,5
71428,11
71429,23
71430,7
71431,9
71432,7
71433,20
71434,11
71435,5
71436,10
71437,12
71438,10
71439,1
71440,3
71441,13
71442,13
71443,3
71444,11
71445,7
71446,13
71447,22
71448,15
71449,4
71450,17
71451,17
71452,12
71453,14
71454,1
71455,20
71456,6
71457,5
71458,15
71459,23
71460,19
71461,14
71462,6
71463,19
71464,3
71465,17
71466,19
71467,0
71468,17
71469,5
71470,21
71471,7
71472,23
71473,21
71474,22
71475,0
71476,9
71477,0
71478,0
71479,1
71480,14
71481,3
71482,13
71483,10
71484,17
71485,4
71486,22
71487,6
71488,7
71489,18
71490,1
71491,6
71492,4
71493,11
71494,11
71495,9
71496,8
71497,3
71498,1
71499,6
71500,5
71501,6
71502,13
71503,19
71504,0
71505,4
71506,14
71507,11
71508,15
71509,10
71510,4
71511,7
71512,13
71513,5
71514,9
71515,13
71516,1
71517,19
71518,15
71519,22
71520,9
71521,5
71522,15
71523,16
71524,21
71525,21
71526,11
71527,8
71528,3
71529,10
71530,13
71531,11
71532,21
71533,22
71534,22
71535,13
71536,22
71537,7
71538,16
71539,0
71540,1
71541,23
71542,13
71543,15
71544,7
71545,21
71546,0
71547,10
71548,5
71549,18
71550,6
71551,23
71552,17
71553,4
71554,15
71555,17
71556,1
71557,0
71558,8
71559,23
71560,13
71561,22
71562,4
71563,1
71564,20
71565,13
71566,12
71567,3
71568,22
71569,1
71570,0
71571,10
71572,11
71573,22
71574,15
71575,20
71576,7
71577,0
71578,0
71579,20
71580,7
71581,15
71582,15
71583,4
71584,20
71585,6
71586,23
71587,2
71588,9
71589,21
71590,20
71591,5
71592,7
71593,6
71594,3
71595,8
71596,6
71597,10
71598,1
71599,7
71600,17
71601,21
71602,18
71603,22
71604,10
71605,8
71606,0
71607,4
71608,9
71609,18
71610,13
71611,11
71612,8
71613,1
71614,15
71615,7
71616,3
71617,0
71618,6
71619,4
71620,21
71621,15
71622,8
71623,13
71624,0
71625,0
71626,22
71627,4
71628,21
71629,17
71630,9
71631,14
71632,1
71633,23
71634,6
71635,22
71636,4
71637,17
71638,17
71639,7
71640,8
71641,13
71642,19
71643,15
71644,4
71645,12
71646,1
71647,16
71648,6
71649,6
71650,18
71651,17
71652,21
71653,17
71654,16
71655,7
71656,0
71657,4
71658,8
71659,13
71660,8
71661,21
71662,1
71663,7
71664,9
71665,19
71666,22
71667,4
71668,15
71669,11
71670,0
71671,7
71672,10
71673,11
71674,15
71675,13
71676,18
71677,17
71678,19
71679,10
71680,9
71681,18
71682,2
71683,20
71684,23
71685,11
71686,6
71687,9
71688,14
71689,5
71690,22
71691,13
71692,17
71693,20
71694,10
71695,23
71696,5
71697,8
71698,19
71699,15
71700,6
71701,11
71702,15
71703,8
71704,14
71705,19
71706,23
71707,1
71708,15
71709,7
71710,4
71711,6
71712,5
71713,7
71714,10
71715,5
71716,12
71717,1
71718,14
71719,14
71720,22
71721,13
71722,13
71723,4
71724,17
71725,3
71726,9
71727,14
71728,4
71729,7
71730,3
71731,9
71732,6
71733,18
71734,7
71735,22
71736,16
71737,19
71738,13
71739,18
71740,18
71741,21
71742,5
71743,13
71744,7
71745,18
71746,6
71747,3
71748,22
71749,1
71750,18
71751,18
71752,15
71753,9
71754,11
71755,1
71756,17
71757,0
71758,1
71759,20
71760,15
71761,13
71762,21
71763,20
71764,7
71765,9
71766,6
71767,5
71768,18
71769,10
71770,18
71771,15
71772,14
71773,17
71774,7
71775,1
71776,0
71777,10
71778,15
71779,16
71780,21
71781,17
71782,13
71783,15
71784,22
71785,0
71786,6
71787,12
71788,9
71789,6
71790,9
71791,19
71792,6
71793,7
71794,13
71795,1
71796,18
71797,15
71798,4
71799,18
71800,4
71801,11
71802,5
71803,7
71804,9
71805,21
71806,5
71807,19
71808,17
71809,10
71810,18
71811,7
71812,21
71813,12
71814,4
71815,3
71816,7
71817,16
71818,11
71819,3
71820,7
71821,12
71822,5
71823,7
71824,9
71825,15
71826,0
71827,7
71828,4
71829,11
71830,11
71831,10
71832,7
71833,2
71834,9
71835,11
71836,9
71837,8
71838,13
71839,22
71840,15
71841,1
71842,20
71843,22
71844,8
71845,11
71846,13
71847,11
71848,3
71849,9
71850,6
71851,15
71852,21
71853,5
71854,3
71855,20
71856,13
71857,21
71858,9
71859,1
71860,8
71861,22
71862,0
71863,0
71864,8
71865,21
71866,4
71867,7
71868,4
71869,22
71870,11
71871,4
71872,1
71873,4
71874,13
71875,7
71876,4
71877,17
71878,19
71879,8
71880,14
71881,17
71882,0
71883,14
71884,23
71885,16
71886,0
71887,15
71888,6
71889,13
71890,7
71891,4
71892,14
71893,8
71894,18
71895,17
71896,15
71897,21
71898,15
71899,21
71900,1
71901,15
71902,11
71903,21
71904,10
71905,12
71906,22
71907,0
71908,20
71909,2
71910,13
71911,5
71912,16
71913,15
71914,15
71915,7
71916,15
71917,12
71918,21
71919,16
71920,9
71921,1
71922,7
71923,15
71924,13
71925,15
71926,17
71927,7
71928,22
71929,13
71930,6
71931,15
71932,1
71933,13
71934,17
71935,7
71936,1
71937,12
71938,22
71939,5
71940,23
71941,13
71942,19
71943,12
71944,21
71945,21
71946,2
71947,15
71948,5
71949,1
71950,17
71951,6
71952,14
71953,22
71954,8
71955,13
71956,13
71957,1
71958,5
71959,22
71960,9
71961,19
71962,21
71963,4
71964,7
71965,19
71966,6
71967,15
71968,11
71969,0
71970,12
71971,4
71972,3
71973,19
71974,3
71975,7
71976,19
71977,20
71978,15
71979,11
71980,7
71981,14
71982,19
71983,8
71984,9
71985,18
71986,7
71987,22
71988,23
71989,17
71990,18
71991,6
71992,19
71993,8
71994,7
71995,17
71996,11
71997,1
71998,22
71999,1
72000,4
72001,7
72002,19
72003,9
72004,9
72005,19
72006,5
72007,17
72008,7
72009,18
72010,11
72011,7
72012,3
72013,11
72014,10
72015,18
72016,13
72017,1
72018,1
72019,6
72020,10
72021,4
72022,12
72023,1
72024,7
72025,13
72026,17
72027,4
72028,15
72029,12
72030,10
72031,20
72032,20
72033,20
72034,6
72035,5
72036,12
72037,17
72038,11
72039,8
72040,3
72041,7
72042,13
72043,19
72044,20
72045,11
72046,9
72047,8
72048,8
72049,5
72050,7
72051,19
72052,0
72053,17
72054,15
72055,11
72056,13
72057,8
72058,13
72059,22
72060,7
72061,22
72062,16
72063,7
72064,19
72065,19
72066,7
72067,4
72068,9
72069,9
72070,7
72071,21
72072,0
72073,6
72074,19
72075,1
72076,0
72077,2
72078,16
72079,0
72080,21
72081,22
72082,4
72083,11
72084,5
72085,23
72086,1
72087,14
72088,9
72089,1
72090,13
72091,4
72092,11
72093,13
72094,16
72095,11
72096,22
72097,21
72098,12
72099,21
72100,0
72101,7
72102,12
72103,7
72104,1
72105,10
72106,5
72107,11
72108,23
72109,14
72110,11
72111,20
72112,1
72113,7
72114,10
72115,22
72116,21
72117,4
72118,11
72119,18
72120,13
72121,9
72122,10
72123,15
72124,7
72125,6
72126,22
72127,11
72128,17
72129,17
72130,7
72131,8
72132,9
72133,7
72134,16
72135,11
72136,6
72137,22
72138,22
72139,17
72140,17
72141,17
72142,17
72143,10
72144,15
72145,8
72146,6
72147,5
72148,1
72149,19
72150,9
72151,22
72152,18
72153,8
72154,17
72155,4
72156,8
72157,16
72158,4
72159,21
72160,0
72161,13
72162,7
72163,22
72164,7
72165,21
72166,19
72167,8
72168,14
72169,11
72170,18
72171,14
72172,11
72173,5
72174,0
72175,16
72176,14
72177,12
72178,10
72179,6
72180,22
72181,15
72182,8
72183,8
72184,22
72185,1
72186,3
72187,20
72188,18
72189,5
72190,6
72191,4
72192,0
72193,23
72194,5
72195,12
72196,1
72197,20
72198,4
72199,18
72200,4
72201,1
72202,14
72203,21
72204,23
72205,19
72206,0
72207,4
72208,18
72209,12
72210,23
72211,5
72212,17
72213,16
72214,9
72215,19
72216,22
72217,16
72218,19
72219,18
72220,2
72221,3
72222,5
72223,7
72224,19
72225,13
72226,22
72227,21
72228,7
72229,4
72230,19
72231,13
72232,8
72233,0
72234,15
72235,3
72236,10
72237,13
72238,11
72239,10
72240,4
72241,12
72242,0
72243,22
72244,0
72245,7
72246,7
72247,5
72248,14
72249,19
72250,0
72251,9
72252,21
72253,13
72254,13
72255,7
72256,14
72257,11
72258,14
72259,5
72260,3
72261,15
72262,7
72263,6
72264,9
72265,20
72266,20
72267,19
72268,4
72269,1
72270,15
72271,1
72272,15
72273,11
72274,18
72275,6
72276,21
72277,17
72278,15
72279,1
72280,22
72281,9
72282,19
72283,5
72284,17
72285,7
72286,4
72287,22
72288,19
72289,17
72290,15
72291,6
72292,13
72293,8
72294,14
72295,7
72296,15
72297,15
72298,7
72299,1
72300,18
72301,5
72302,14
72303,16
72304,16
72305,7
72306,4
72307,19
72308,6
72309,3
72310,4
72311,7
72312,13
72313,19
72314,7
72315,13
72316,19
72317,19
72318,15
72319,15
72320,23
72321,4
72322,6
72323,6
72324,14
72325,7
72326,4
72327,11
72328,3
72329,16
72330,7
72331,9
72332,7
72333,1
72334,22
72335,13
72336,15
72337,0
72338,15
72339,8
72340,12
72341,19
72342,0
72343,19
72344,4
72345,5
72346,8
72347,23
72348,9
72349,8
72350,0
72351,10
72352,17
72353,20
72354,21
72355,21
72356,18
72357,15
72358,18
72359,1
72360,5
72361,21
72362,15
72363,12
72364,15
72365,11
72366,13
72367,21
72368,3
72369,6
72370,12
72371,19
72372,14
72373,18
72374,1
72375,13
72376,19
72377,13
72378,13
72379,0
72380,15
72381,13
72382,19
72383,8
72384,16
72385,6
72386,7
72387,16
72388,10
72389,4
72390,11
72391,11
72392,0
72393,22
72394,3
72395,18
72396,15
72397,16
72398,22
72399,15
72400,17
72401,5
72402,23
72403,3
72404,1
72405,1
72406,17
72407,12
72408,4
72409,14
72410,2
72411,4
72412,18
72413,0
72414,3
72415,9
72416,6
72417,6
72418,8
72419,20
72420,2
72421,3
72422,8
72423,1
72424,13
72425,22
72426,3
72427,7
72428,12
72429,16
72430,9
72431,17
72432,8
72433,12
72434,6
72435,18
72436,13
72437,8
72438,9
72439,21
72440,15
72441,1
72442,8
72443,17
72444,17
72445,7
72446,15
72447,4
72448,19
72449,7
72450,11
72451,23
72452,17
72453,7
72454,15
72455,14
72456,13
72457,5
72458,7
72459,6
72460,15
72461,22
72462,23
72463,20
72464,8
72465,13
72466,22
72467,18
72468,11
72469,3
72470,13
72471,0
72472,14
72473,13
72474,16
72475,21
72476,23
72477,8
72478,6
72479,6
72480,10
72481,1
72482,15
72483,18
72484,14
72485,6
72486,3
72487,14
72488,13
72489,6
72490,12
72491,7
72492,22
72493,5
72494,6
72495,22
72496,9
72497,21
72498,19
72499,7
72500,19
72501,10
72502,12
72503,0
72504,6
72505,6
72506,19
72507,19
72508,15
72509,3
72510,0
72511,15
72512,21
72513,4
72514,15
72515,18
72516,21
72517,19
72518,15
72519,11
72520,9
72521,7
72522,7
72523,9
72524,17
72525,18
72526,8
72527,6
72528,1
72529,0
72530,8
72531,9
72532,18
72533,7
72534,3
72535,6
72536,4
72537,3
72538,3
72539,15
72540,19
72541,7
72542,4
72543,19
72544,14
72545,7
72546,7
72547,15
72548,17
72549,21
72550,16
72551,10
72552,21
72553,23
72554,0
72555,7
72556,19
72557,0
72558,9
72559,10
72560,21
72561,8
72562,14
72563,4
72564,21
72565,3
72566,16
72567,3
72568,7
72569,23
72570,17
72571,0
72572,3
72573,12
72574,22
72575,17
72576,22
72577,7
72578,19
72579,16
72580,2
72581,12
72582,10
72583,0
72584,12
72585,0
72586,7
72587,7
72588,6
72589,10
72590,7
72591,1
72592,7
72593,15
72594,15
72595,18
72596,6
72597,11
72598,9
72599,12
72600,6
72601,18
72602,4
72603,22
72604,13
72605,19
72606,15
72607,18
72608,16
72609,8
72610,20
72611,7
72612,11
72613,23
72614,19
72615,7
72616,15
72617,17
72618,21
72619,22
72620,12
72621,10
72622,7
72623,1
72624,10
72625,14
72626,6
72627,22
72628,1
72629,5
72630,11
72631,10
72632,23
72633,19
72634,15
72635,5
72636,9
72637,11
72638,4
72639,15
72640,1
72641,7
72642,11
72643,13
72644,11
72645,21
72646,7
72647,1
72648,19
72649,5
72650,7
72651,10
72652,4
72653,7
72654,6
72655,7
72656,15
72657,17
72658,23
72659,0
72660,13
72661,11
72662,8
72663,13
72664,21
72665,16
72666,12
72667,7
72668,1
72669,19
72670,17
72671,11
72672,15
72673,1
72674,19
72675,22
72676,6
72677,7
72678,12
72679,8
72680,3
72681,1
72682,4
72683,1
72684,17
72685,7
72686,7
72687,18
72688,11
72689,17
72690,11
72691,9
72692,5
72693,21
72694,5
72695,4
72696,18
72697,13
72698,5
72699,3
72700,7
72701,21
72702,13
72703,19
72704,19
72705,17
72706,21
72707,7
72708,22
72709,20
72710,4
72711,7
72712,3
72713,15
72714,11
72715,14
72716,21
72717,8
72718,20
72719,23
72720,1
72721,8
72722,0
72723,16
72724,15
72725,11
72726,13
72727,1
72728,10
72729,23
72730,18
72731,19
72732,9
72733,15
72734,13
72735,1
72736,22
72737,7
72738,22
72739,5
72740,9
72741,11
72742,15
72743,23
72744,22
72745,7
72746,6
72747,6
72748,10
72749,19
72750,12
72751,21
72752,0
72753,22
72754,9
72755,7
72756,21
72757,19
72758,5
72759,5
72760,19
72761,19
72762,11
72763,14
72764,12
72765,11
72766,5
72767,19
72768,12
72769,23
72770,17
72771,5
72772,22
72773,19
72774,17
72775,4
72776,17
72777,17
72778,7
72779,19
72780,15
72781,13
72782,6
72783,5
72784,15
72785,12
72786,9
72787,11
72788,7
72789,15
72790,13
72791,16
72792,21
72793,9
72794,10
72795,13
72796,5
72797,22
72798,21
72799,6
72800,15
72801,17
72802,7
72803,13
72804,4
72805,4
72806,22
72807,21
72808,15
72809,13
72810,15
72811,7
72812,15
72813,17
72814,0
72815,15
72816,22
72817,16
72818,17
72819,8
72820,13
72821,6
72822,1
72823,19
72824,4
72825,15
72826,17
72827,0
72828,10
72829,22
72830,5
72831,15
72832,1
72833,7
72834,19
72835,6
72836,21
72837,5
72838,4
72839,13
72840,1
72841,7
72842,19
72843,13
72844,9
72845,13
72846,12
72847,20
72848,15
72849,20
72850,4
72851,13
72852,9
72853,7
72854,19
72855,23
72856,22
72857,3
72858,4
72859,17
72860,7
72861,16
72862,9
72863,13
72864,17
72865,10
72866,21
72867,19
72868,4
72869,4
72870,4
72871,20
72872,0
72873,20
72874,6
72875,17
72876,11
72877,16
72878,15
72879,12
72880,9
72881,8
72882,17
72883,7
72884,0
72885,17
72886,17
72887,11
72888,7
72889,23
72890,7
72891,11
72892,15
72893,0
72894,4
72895,19
72896,16
72897,6
72898,10
72899,1
72900,4
72901,0
72902,22
72903,18
72904,3
72905,13
72906,18
72907,9
72908,5
72909,20
72910,8
72911,12
72912,16
72913,7
72914,15
72915,7
72916,12
72917,7
72918,11
72919,23
72920,20
72921,7
72922,19
72923,13
72924,10
72925,7
72926,7
72927,15
72928,0
72929,15
72930,4
72931,19
72932,4
72933,18
72934,5
72935,12
72936,0
72937,21
72938,17
72939,20
72940,23
72941,15
72942,5
72943,16
72944,22
72945,20
72946,7
72947,18
72948,21
72949,4
72950,15
72951,12
72952,12
72953,18
72954,19
72955,15
72956,9
72957,23
72958,15
72959,19
72960,12
72961,1
72962,3
72963,7
72964,19
72965,21
72966,5
72967,18
72968,14
72969,12
72970,6
72971,20
72972,20
72973,22
72974,15
72975,9
72976,1
72977,19
72978,7
72979,17
72980,1
72981,10
72982,19
72983,4
72984,11
72985,4
72986,1
72987,23
72988,19
72989,6
72990,8
72991,7
72992,1
72993,5
72994,9
72995,7
72996,3
72997,3
72998,15
72999,21
73000,15
73001,13
73002,12
73003,23
73004,19
73005,15
73006,21
73007,17
73008,0
73009,5
73010,1
73011,0
73012,18
73013,22
73014,7
73015,3
73016,4
73017,0
73018,21
73019,7
73020,9
73021,16
73022,7
73023,18
73024,12
73025,1
73026,7
73027,0
73028,8
73029,3
73030,17
73031,13
73032,12
73033,13
73034,7
73035,7
73036,13
73037,6
73038,22
73039,7
73040,6
73041,0
73042,21
73043,7
73044,7
73045,6
73046,7
73047,6
73048,17
73049,5
73050,6
73051,11
73052,4
73053,16
73054,16
73055,4
73056,7
73057,23
73058,13
73059,20
73060,21
73061,13
73062,7
73063,11
73064,3
73065,20
73066,18
73067,4
73068,17
73069,11
73070,7
73071,15
73072,8
73073,13
73074,21
73075,23
73076,5
73077,23
73078,1
73079,9
73080,7
73081,11
73082,20
73083,22
73084,5
73085,17
73086,20
73087,1
73088,5
73089,7
73090,21
73091,0
73092,7
73093,18
73094,10
73095,6
73096,0
73097,1
73098,11
73099,13
73100,21
73101,3
73102,23
73103,6
73104,7
73105,4
73106,15
73107,18
73108,13
73109,13
73110,22
73111,17
73112,1
73113,17
73114,16
73115,15
73116,7
73117,18
73118,22
73119,19
73120,6
73121,3
73122,19
73123,17
73124,5
73125,3
73126,13
73127,7
73128,13
73129,0
73130,14
73131,15
73132,12
73133,5
73134,11
73135,21
73136,7
73137,21
73138,5
73139,15
73140,20
73141,5
73142,20
73143,19
73144,20
73145,23
73146,7
73147,6
73148,4
73149,7
73150,14
73151,19
73152,22
73153,17
73154,4
73155,1
73156,15
73157,5
73158,0
73159,7
73160,11
73161,8
73162,0
73163,7
73164,4
73165,19
73166,12
73167,7
73168,0
73169,15
73170,1
73171,9
73172,7
73173,1
73174,17
73175,8
73176,0
73177,3
73178,7
73179,5
73180,17
73181,15
73182,19
73183,15
73184,22
73185,14
73186,6
73187,4
73188,15
73189,7
73190,7
73191,19
73192,11
73193,6
73194,16
73195,12
73196,13
73197,6
73198,21
73199,15
73200,10
73201,19
73202,1
73203,8
73204,7
73205,21
73206,23
73207,10
73208,4
73209,10
73210,3
73211,13
73212,17
73213,0
73214,17
73215,11
73216,8
73217,1
73218,19
73219,21
73220,4
73221,7
73222,3
73223,15
73224,7
73225,4
73226,3
73227,20
73228,0
73229,23
73230,7
73231,23
73232,11
73233,22
73234,5
73235,13
73236,22
73237,18
73238,5
73239,1
73240,13
73241,12
73242,0
73243,15
73244,23
73245,7
73246,3
73247,19
73248,13
73249,7
73250,1
73251,13
73252,3
73253,6
73254,13
73255,3
73256,19
73257,23
73258,16
73259,1
73260,6
73261,6
73262,7
73263,19
73264,15
73265,16
73266,4
73267,10
73268,21
73269,16
73270,20
73271,0
73272,5
73273,9
73274,15
73275,13
73276,17
73277,8
73278,10
73279,1
73280,5
73281,19
73282,18
73283,7
73284,3
73285,11
73286,1
73287,20
73288,0
73289,13
73290,23
73291,14
73292,23
73293,6
73294,19
73295,20
73296,10
73297,19
73298,19
73299,3
73300,21
73301,19
73302,7
73303,18
73304,4
73305,21
73306,19
73307,21
73308,1
73309,22
73310,10
73311,11
73312,23
73313,11
73314,13
73315,4
73316,3
73317,20
73318,5
73319,19
73320,4
73321,4
73322,20
73323,16
73324,22
73325,15
73326,19
73327,15
73328,13
73329,18
73330,15
73331,7
73332,4
73333,22
73334,11
73335,0
73336,16
73337,15
73338,13
73339,23
73340,0
73341,17
73342,2
73343,13
73344,15
73345,12
73346,2
73347,0
73348,7
73349,13
73350,12
73351,18
73352,1
73353,1
73354,21
73355,0
73356,2
73357,23
73358,16
73359,11
73360,14
73361,18
73362,20
73363,4
73364,10
73365,3
73366,7
73367,3
73368,13
73369,15
73370,8
73371,13
73372,0
73373,17
73374,21
73375,4
73376,6
73377,23
73378,4
73379,17
73380,8
73381,3
73382,3
73383,13
73384,15
73385,0
73386,0
73387,20
73388,2
73389,12
73390,7
73391,6
73392,6
73393,18
73394,15
73395,0
73396,7
73397,1
73398,19
73399,19
73400,20
73401,17
73402,9
73403,19
73404,4
73405,4
73406,19
73407,9
73408,10
73409,7
73410,4
73411,15
73412,15
73413,1
73414,15
73415,0
73416,3
73417,9
73418,7
73419,3
73420,22
73421,17
73422,16
73423,4
73424,19
73425,8
73426,14
73427,14
73428,14
73429,18
73430,12
73431,11
73432,6
73433,2
73434,4
73435,5
73436,16
73437,1
73438,12
73439,18
73440,12
73441,10
73442,8
73443,11
73444,7
73445,5
73446,23
73447,21
73448,1
73449,17
73450,10
73451,8
73452,14
73453,0
73454,22
73455,22
73456,17
73457,17
73458,17
73459,11
73460,20
73461,10
73462,12
73463,1
73464,17
73465,9
73466,6
73467,23
73468,19
73469,19
73470,10
73471,3
73472,13
73473,7
73474,8
73475,13
73476,3
73477,16
73478,10
73479,8
73480,4
73481,15
73482,7
73483,0
73484,13
73485,16
73486,12
73487,9
73488,22
73489,21
73490,15
73491,23
73492,10
73493,7
73494,12
73495,22
73496,0
73497,11
73498,16
73499,1
73500,8
73501,19
73502,1
73503,14
73504,7
73505,7
73506,7
73507,16
73508,11
73509,22
73510,13
73511,13
73512,6
73513,0
73514,15
73515,9
73516,6
73517,3
73518,1
73519,4
73520,13
73521,3
73522,22
73523,18
73524,1
73525,17
73526,15
73527,12
73528,7
73529,1
73530,15
73531,15
73532,0
73533,13
73534,20
73535,17
73536,13
73537,22
73538,0
73539,7
73540,12
73541,15
73542,15
73543,4
73544,9
73545,13
73546,3
73547,12
73548,22
73549,18
73550,5
73551,15
73552,15
73553,13
73554,16
73555,3
73556,9
73557,13
73558,13
73559,8
73560,4
73561,3
73562,13
73563,0
73564,16
73565,1
73566,14
73567,1
73568,3
73569,7
73570,12
73571,6
73572,10
73573,2
73574,19
73575,17
73576,15
73577,3
73578,5
73579,14
73580,0
73581,8
73582,21
73583,13
73584,16
73585,6
73586,8
73587,4
73588,11
73589,23
73590,0
73591,17
73592,6
73593,4
73594,13
73595,7
73596,0
73597,0
73598,15
73599,18
73600,7
73601,4
73602,23
73603,12
73604,3
73605,15
73606,16
73607,5
73608,16
73609,18
73610,7
73611,1
73612,11
73613,13
73614,9
73615,12
73616,21
73617,8
73618,15
73619,8
73620,3
73621,23
73622,7
73623,1
73624,20
73625,6
73626,4
73627,3
73628,12
73629,23
73630,13
73631,17
73632,5
73633,5
73634,15
73635,5
73636,5
73637,7
73638,4
73639,16
73640,21
73641,15
73642,22
73643,13
73644,21
73645,6
73646,5
73647,18
73648,19
73649,11
73650,22
73651,4
73652,12
73653,0
73654,10
73655,10
73656,12
73657,13
73658,2
73659,13
73660,0
73661,16
73662,6
73663,1
73664,23
73665,14
73666,5
73667,2
73668,5
73669,3
73670,23
73671,12
73672,15
73673,6
73674,7
73675,15
73676,3
73677,10
73678,14
73679,12
73680,17
73681,1
73682,19
73683,16
73684,17
73685,7
73686,23
73687,5
73688,23
73689,22
73690,4
73691,15
73692,11
73693,21
73694,7
73695,0
73696,3
73697,21
73698,5
73699,3
73700,7
73701,12
73702,13
73703,18
73704,17
73705,15
73706,1
73707,10
73708,14
73709,19
73710,9
73711,13
73712,4
73713,22
73714,0
73715,0
73716,0
73717,17
73718,5
73719,15
73720,4
73721,13
73722,21
73723,0
73724,12
73725,20
73726,5
73727,14
73728,20
73729,18
73730,11
73731,9
73732,15
73733,18
73734,13
73735,3
73736,8
73737,13
73738,4
73739,16
73740,15
73741,21
73742,12
73743,13
73744,7
73745,9
73746,3
73747,5
73748,11
73749,23
73750,16
73751,21
73752,15
73753,16
73754,12
73755,0
73756,16
73757,9
73758,11
73759,17
73760,0
73761,17
73762,1
73763,4
73764,19
73765,13
73766,7
73767,8
73768,13
73769,21
73770,16
73771,13
73772,3
73773,12
73774,15
73775,4
73776,21
73777,18
73778,22
73779,15
73780,12
73781,21
73782,15
73783,3
73784,23
73785,0
73786,9
73787,12
73788,10
73789,7
73790,19
73791,15
73792,7
73793,16
73794,12
73795,5
73796,19
73797,13
73798,3
73799,23
73800,14
73801,19
73802,19
73803,21
73804,8
73805,1
73806,17
73807,13
73808,12
73809,14
73810,13
73811,4
73812,6
73813,4
73814,10
73815,13
73816,18
73817,14
73818,6
73819,21
73820,4
73821,14
73822,22
73823,4
73824,7
73825,3
73826,23
73827,13
73828,0
73829,18
73830,7
73831,10
73832,13
73833,17
73834,17
73835,18
73836,11
73837,7
73838,21
73839,6
73840,18
73841,12
73842,7
73843,7
73844,6
73845,20
73846,21
73847,8
73848,22
73849,7
73850,7
73851,3
73852,3
73853,15
73854,22
73855,2
73856,1
73857,22
73858,13
73859,17
73860,5
73861,17
73862,1
73863,5
73864,9
73865,23
73866,7
73867,1
73868,13
73869,2
73870,0
73871,16
73872,6
73873,12
73874,18
73875,15
73876,2
73877,15
73878,9
73879,8
73880,17
73881,6
73882,1
73883,9
73884,10
73885,22
73886,22
73887,0
73888,23
73889,14
73890,5
73891,21
73892,20
73893,0
73894,22
73895,1
73896,23
73897,13
73898,22
73899,11
73900,15
73901,19
73902,9
73903,10
73904,4
73905,4
73906,10
73907,6
73908,15
73909,22
73910,15
73911,19
73912,15
73913,18
73914,15
73915,22
73916,9
73917,15
73918,6
73919,4
73920,3
73921,11
73922,9
73923,21
73924,8
73925,12
73926,5
73927,17
73928,9
73929,7
73930,20
73931,21
73932,17
73933,11
73934,16
73935,0
73936,0
73937,0
73938,1
73939,4
73940,7
73941,4
73942,0
73943,22
73944,3
73945,1
73946,11
73947,1
73948,1
73949,5
73950,23
73951,21
73952,1
73953,12
73954,10
73955,23
73956,12
73957,22
73958,6
73959,16
73960,5
73961,19
73962,6
73963,7
73964,5
73965,21
73966,7
73967,14
73968,7
73969,6
73970,9
73971,5
73972,16
73973,7
73974,14
73975,1
73976,3
73977,7
73978,0
73979,19
73980,14
73981,12
73982,10
73983,8
73984,17
73985,21
73986,13
73987,1
73988,15
73989,4
73990,1
73991,17
73992,18
73993,13
73994,17
73995,0
73996,15
73997,9
73998,18
73999,18
74000,4
74001,4
74002,3
74003,7
74004,13
74005,10
74006,6
74007,12
74008,15
74009,5
74010,12
74011,18
74012,22
74013,6
74014,17
74015,13
74016,9
74017,21
74018,15
74019,13
74020,15
74021,8
74022,17
74023,15
74024,4
74025,6
74026,13
74027,9
74028,7
74029,9
74030,1
74031,13
74032,11
74033,14
74034,19
74035,7
74036,12
74037,1
74038,7
74039,2
74040,4
74041,19
74042,13
74043,1
74044,11
74045,3
74046,22
74047,17
74048,15
74049,9
74050,10
74051,5
74052,21
74053,12
74054,1
74055,1
74056,7
74057,7
74058,0
74059,6
74060,23
74061,13
74062,21
74063,15
74064,20
74065,8
74066,13
74067,7
74068,16
74069,11
74070,0
74071,19
74072,22
74073,16
74074,11
74075,9
74076,7
74077,8
74078,13
74079,15
74080,12
74081,15
74082,19
74083,3
74084,13
74085,7
74086,17
74087,11
74088,19
74089,10
74090,14
74091,5
74092,15
74093,20
74094,21
74095,21
74096,7
74097,3
74098,1
74099,8
74100,22
74101,23
74102,22
74103,13
74104,21
74105,7
74106,0
74107,3
74108,6
74109,12
74110,3
74111,16
74112,2
74113,15
74114,18
74115,7
74116,15
74117,7
74118,4
74119,21
74120,8
74121,13
74122,7
74123,18
74124,16
74125,23
74126,22
74127,23
74128,4
74129,5
74130,10
74131,22
74132,3
74133,10
74134,15
74135,4
74136,5
74137,21
74138,7
74139,6
74140,21
74141,11
74142,9
74143,3
74144,12
74145,23
74146,7
74147,1
74148,19
74149,13
74150,11
74151,8
74152,12
74153,0
74154,6
74155,9
74156,4
74157,19
74158,16
74159,9
74160,23
74161,21
74162,7
74163,1
74164,14
74165,19
74166,6
74167,22
74168,15
74169,19
74170,3
74171,16
74172,0
74173,3
74174,19
74175,10
74176,17
74177,0
74178,18
74179,20
74180,13
74181,4
74182,16
74183,4
74184,23
74185,2
74186,20
74187,19
74188,16
74189,7
74190,5
74191,15
74192,12
74193,20
74194,17
74195,6
74196,6
74197,6
74198,18
74199,11
74200,14
74201,16
74202,7
74203,5
74204,21
74205,15
74206,13
74207,13
74208,21
74209,23
74210,21
74211,16
74212,23
74213,14
74214,7
74215,17
74216,10
74217,11
74218,20
74219,5
74220,17
74221,15
74222,19
74223,2
74224,6
74225,6
74226,15
74227,10
74228,5
74229,5
74230,20
74231,23
74232,12
74233,11
74234,6
74235,1
74236,4
74237,4
74238,8
74239,15
74240,22
74241,5
74242,13
74243,19
74244,0
74245,7
74246,12
74247,20
74248,20
74249,10
74250,14
74251,14
74252,8
74253,16
74254,22
74255,1
74256,22
74257,15
74258,17
74259,22
74260,2
74261,6
74262,11
74263,1
74264,12
74265,12
74266,7
74267,20
74268,1
74269,5
74270,15
74271,16
74272,12
74273,12
74274,16
74275,13
74276,14
74277,6
74278,7
74279,9
74280,10
74281,5
74282,20
74283,1
74284,7
74285,17
74286,14
74287,12
74288,14
74289,11
74290,5
74291,4
74292,12
74293,13
74294,11
74295,5
74296,13
74297,8
74298,6
74299,19
74300,7
74301,23
74302,8
74303,14
74304,9
74305,15
74306,7
74307,8
74308,13
74309,4
74310,20
74311,22
74312,22
74313,8
74314,11
74315,6
74316,9
74317,9
74318,16
74319,1
74320,15
74321,20
74322,15
74323,12
74324,6
74325,21
74326,22
74327,8
74328,22
74329,17
74330,14
74331,5
74332,5
74333,7
74334,8
74335,17
74336,6
74337,7
74338,7
74339,17
74340,14
74341,8
74342,22
74343,6
74344,19
74345,13
74346,22
74347,1
74348,16
74349,19
74350,14
74351,23
74352,14
74353,6
74354,10
74355,13
74356,4
74357,12
74358,13
74359,0
74360,15
74361,6
74362,6
74363,5
74364,19
74365,6
74366,9
74367,7
74368,7
74369,1
74370,11
74371,17
74372,7
74373,1
74374,11
74375,7
74376,7
74377,15
74378,7
74379,14
74380,18
74381,0
74382,12
74383,23
74384,0
74385,0
74386,6
74387,8
74388,2
74389,15
74390,3
74391,6
74392,13
74393,9
74394,10
74395,1
74396,18
74397,23
74398,7
74399,8
74400,7
74401,6
74402,7
74403,17
74404,4
74405,9
74406,7
74407,9
74408,6
74409,7
74410,13
74411,4
74412,14
74413,15
74414,4
74415,19
74416,6
74417,7
74418,20
74419,19
74420,17
74421,1
74422,19
74423,8
74424,16
74425,7
74426,19
74427,2
74428,5
74429,6
74430,15
74431,5
74432,3
74433,0
74434,17
74435,6
74436,1
74437,1
74438,18
74439,1
74440,0
74441,17
74442,12
74443,14
74444,0
74445,4
74446,7
74447,15
74448,23
74449,22
74450,5
74451,17
74452,0
74453,5
74454,7
74455,7
74456,17
74457,15
74458,20
74459,1
74460,15
74461,9
74462,9
74463,7
74464,12
74465,5
74466,17
74467,3
74468,9
74469,7
74470,21
74471,14
74472,16
74473,22
74474,1
74475,17
74476,23
74477,8
74478,13
74479,7
74480,11
74481,0
74482,8
74483,19
74484,10
74485,1
74486,1
74487,7
74488,15
74489,4
74490,13
74491,17
74492,23
74493,13
74494,20
74495,22
74496,6
74497,17
74498,1
74499,5
74500,7
74501,22
74502,4
74503,7
74504,0
74505,12
74506,16
74507,4
74508,7
74509,8
74510,1
74511,7
74512,6
74513,1
74514,11
74515,4
74516,23
74517,7
74518,21
74519,16
74520,8
74521,0
74522,9
74523,20
74524,1
74525,7
74526,17
74527,5
74528,17
74529,7
74530,6
74531,17
74532,23
74533,12
74534,7
74535,5
74536,9
74537,14
74538,20
74539,14
74540,17
74541,0
74542,18
74543,19
74544,9
74545,4
74546,3
74547,19
74548,9
74549,0
74550,10
74551,8
74552,15
74553,21
74554,8
74555,15
74556,16
74557,13
74558,1
74559,4
74560,19
74561,17
74562,11
74563,13
74564,7
74565,7
74566,4
74567,0
74568,18
74569,17
74570,3
74571,9
74572,4
74573,6
74574,5
74575,23
74576,21
74577,7
74578,12
74579,3
74580,3
74581,5
74582,6
74583,5
74584,9
74585,22
74586,19
74587,18
74588,4
74589,18
74590,20
74591,3
74592,0
74593,13
74594,4
74595,4
74596,7
74597,19
74598,17
74599,15
74600,4
74601,19
74602,22
74603,1
74604,22
74605,16
74606,7
74607,12
74608,14
74609,8
74610,0
74611,7
74612,18
74613,21
74614,13
74615,10
74616,15
74617,8
74618,10
74619,13
74620,17
74621,5
74622,4
74623,18
74624,13
74625,8
74626,9
74627,6
74628,22
74629,22
74630,3
74631,18
74632,10
74633,0
74634,3
74635,12
74636,7
74637,17
74638,20
74639,4
74640,19
74641,6
74642,4
74643,0
74644,20
74645,6
74646,17
74647,16
74648,11
74649,7
74650,19
74651,23
74652,0
74653,7
74654,4
74655,7
74656,16
74657,3
74658,13
74659,21
74660,8
74661,11
74662,0
74663,7
74664,22
74665,15
74666,16
74667,1
74668,8
74669,16
74670,19
74671,0
74672,0
74673,1
74674,8
74675,17
74676,18
74677,22
74678,7
74679,19
74680,10
74681,1
74682,15
74683,20
74684,22
74685,3
74686,13
74687,16
74688,19
74689,16
74690,23
74691,9
74692,14
74693,9
74694,19
74695,20
74696,0
74697,2
74698,3
74699,8
74700,11
74701,15
74702,13
74703,8
74704,16
74705,12
74706,15
74707,3
74708,13
74709,8
74710,11
74711,15
74712,12
74713,8
74714,6
74715,0
74716,15
74717,5
74718,13
74719,2
74720,17
74721,21
74722,6
74723,19
74724,19
74725,11
74726,16
74727,9
74728,6
74729,6
74730,17
74731,14
74732,13
74733,6
74734,7
74735,13
74736,7
74737,18
74738,1
74739,21
74740,7
74741,23
74742,15
74743,17
74744,12
74745,1
74746,1
74747,21
74748,4
74749,7
74750,12
74751,15
74752,8
74753,17
74754,15
74755,21
74756,7
74757,14
74758,0
74759,16
74760,12
74761,1
74762,4
74763,6
74764,13
74765,6
74766,16
74767,11
74768,11
74769,9
74770,8
74771,19
74772,15
74773,13
74774,19
74775,7
74776,5
74777,1
74778,14
74779,19
74780,21
74781,23
74782,10
74783,23
74784,21
74785,11
74786,0
74787,7
74788,5
74789,18
74790,19
74791,17
74792,9
74793,6
74794,13
74795,6
74796,21
74797,4
74798,12
74799,7
74800,4
74801,9
74802,22
74803,4
74804,16
74805,1
74806,23
74807,8
74808,22
74809,6
74810,6
74811,4
74812,0
74813,5
74814,7
74815,20
74816,4
74817,15
74818,21
74819,9
74820,5
74821,10
74822,7
74823,17
74824,8
74825,16
74826,9
74827,22
74828,5
74829,6
74830,22
74831,7
74832,15
74833,4
74834,9
74835,9
74836,23
74837,8
74838,15
74839,20
74840,20
74841,15
74842,8
74843,16
74844,23
74845,22
74846,17
74847,18
74848,7
74849,1
74850,1
74851,15
74852,16
74853,14
74854,0
74855,19
74856,13
74857,12
74858,21
74859,7
74860,10
74861,18
74862,1
74863,4
74864,16
74865,2
74866,19
74867,11
74868,12
74869,3
74870,19
74871,12
74872,2
74873,17
74874,13
74875,9
74876,5
74877,11
74878,1
74879,5
74880,7
74881,0
74882,16
74883,5
74884,16
74885,7
74886,6
74887,12
74888,20
74889,1
74890,19
74891,15
74892,22
74893,23
74894,15
74895,7
74896,21
74897,21
74898,0
74899,16
74900,21
74901,6
74902,22
74903,20
74904,7
74905,4
74906,16
74907,14
74908,15
74909,13
74910,4
74911,7
74912,14
74913,12
74914,0
74915,7
74916,12
74917,4
74918,7
74919,6
74920,22
74921,21
74922,4
74923,18
74924,15
74925,18
74926,22
74927,11
74928,21
74929,7
74930,14
74931,12
74932,18
74933,5
74934,7
74935,20
74936,14
74937,12
74938,11
74939,22
74940,6
74941,19
74942,4
74943,21
74944,23
74945,18
74946,12
74947,4
74948,21
74949,7
74950,1
74951,19
74952,7
74953,7
74954,20
74955,1
74956,17
74957,4
74958,5
74959,18
74960,15
74961,8
74962,1
74963,15
74964,11
74965,20
74966,15
74967,6
74968,6
74969,15
74970,10
74971,11
74972,21
74973,0
74974,7
74975,0
74976,12
74977,13
74978,9
74979,21
74980,16
74981,19
74982,18
74983,17
74984,22
74985,7
74986,4
74987,3
74988,8
74989,17
74990,20
74991,1
74992,2
74993,17
74994,13
74995,15
74996,12
74997,1
74998,4
74999,5
75000,12
75001,15
75002,15
75003,7
75004,7
75005,21
75006,15
75007,15
75008,15
75009,6
75010,21
75011,12
75012,8
75013,21
75014,7
75015,0
75016,19
75017,6
75018,19
75019,5
75020,22
75021,15
75022,7
75023,22
75024,4
75025,3
75026,18
75027,20
75028,4
75029,1
75030,13
75031,22
75032,5
75033,16
75034,17
75035,18
75036,21
75037,18
75038,22
75039,21
75040,6
75041,5
75042,22
75043,5
75044,21
75045,4
75046,5
75047,13
75048,19
75049,15
75050,4
75051,18
75052,16
75053,20
75054,17
75055,13
75056,6
75057,21
75058,6
75059,8
75060,7
75061,18
75062,8
75063,19
75064,11
75065,8
75066,4
75067,19
75068,13
75069,7
75070,11
75071,7
75072,19
75073,4
75074,15
75075,7
75076,3
75077,18
75078,7
75079,17
75080,15
75081,6
75082,0
75083,18
75084,6
75085,5
75086,7
75087,17
75088,19
75089,9
75090,17
75091,6
75092,1
75093,22
75094,8
75095,6
75096,22
75097,13
75098,7
75099,17
75100,1
75101,12
75102,15
75103,20
75104,15
75105,1
75106,3
75107,5
75108,14
75109,13
75110,11
75111,15
75112,3
75113,7
75114,17
75115,15
75116,1
75117,15
75118,22
75119,7
75120,11
75121,19
75122,10
75123,7
75124,15
75125,13
75126,7
75127,12
75128,1
75129,4
75130,15
75131,3
75132,9
75133,19
75134,4
75135,13
75136,3
75137,17
75138,17
75139,10
75140,12
75141,18
75142,6
75143,20
75144,4
75145,18
75146,21
75147,10
75148,19
75149,1
75150,7
75151,21
75152,13
75153,15
75154,15
75155,22
75156,14
75157,16
75158,5
75159,11
75160,7
75161,11
75162,13
75163,4
75164,22
75165,7
75166,6
75167,11
75168,19
75169,5
75170,6
75171,7
75172,0
75173,13
75174,18
75175,9
75176,4
75177,17
75178,13
75179,13
75180,7
75181,14
75182,16
75183,11
75184,15
75185,7
75186,22
75187,17
75188,18
75189,10
75190,6
75191,12
75192,6
75193,6
75194,18
75195,11
75196,16
75197,13
75198,20
75199,7
75200,1
75201,17
75202,6
75203,6
75204,4
75205,3
75206,2
75207,7
75208,19
75209,16
75210,7
75211,4
75212,15
75213,3
75214,12
75215,0
75216,0
75217,1
75218,8
75219,21
75220,5
75221,3
75222,22
75223,8
75224,0
75225,1
75226,8
75227,0
75228,4
75229,11
75230,1
75231,1
75232,0
75233,1
75234,7
75235,17
75236,19
75237,4
75238,0
75239,2
75240,23
75241,0
75242,22
75243,4
75244,0
75245,0
75246,15
75247,4
75248,11
75249,11
75250,18
75251,13
75252,5
75253,17
75254,10
75255,0
75256,15
75257,3
75258,9
75259,23
75260,4
75261,13
75262,15
75263,16
75264,19
75265,6
75266,11
75267,10
75268,4
75269,2
75270,9
75271,18
75272,1
75273,4
75274,23
75275,14
75276,13
75277,21
75278,7
75279,5
75280,8
75281,22
75282,22
75283,15
75284,20
75285,23
75286,17
75287,15
75288,22
75289,10
75290,4
75291,16
75292,4
75293,17
75294,2
75295,10
75296,4
75297,5
75298,17
75299,0
75300,9
75301,16
75302,10
75303,7
75304,12
75305,7
75306,13
75307,18
75308,5
75309,21
75310,7
75311,1
75312,6
75313,23
75314,17
75315,8
75316,19
75317,18
75318,22
75319,15
75320,13
75321,16
75322,7
75323,23
75324,13
75325,4
75326,15
75327,19
75328,0
75329,14
75330,21
75331,11
75332,5
75333,4
75334,1
75335,23
75336,17
75337,4
75338,13
75339,22
75340,15
75341,18
75342,9
75343,0
75344,7
75345,3
75346,13
75347,21
75348,6
75349,10
75350,22
75351,4
75352,14
75353,19
75354,19
75355,7
75356,17
75357,7
75358,9
75359,11
75360,17
75361,21
75362,7
75363,22
75364,13
75365,7
75366,0
75367,15
75368,9
75369,15
75370,8
75371,23
75372,18
75373,15
75374,6
75375,11
75376,15
75377,3
75378,4
75379,15
75380,4
75381,14
75382,3
75383,19
75384,15
75385,12
75386,11
75387,7
75388,12
75389,2
75390,13
75391,16
75392,1
75393,21
75394,23
75395,12
75396,6
75397,23
75398,19
75399,15
75400,13
75401,8
75402,14
75403,19
75404,6
75405,19
75406,13
75407,15
75408,5
75409,15
75410,12
75411,17
75412,8
75413,7
75414,22
75415,4
75416,22
75417,7
75418,21
75419,11
75420,3
75421,17
75422,23
75423,14
75424,17
75425,15
75426,15
75427,7
75428,14
75429,21
75430,0
75431,23
75432,0
75433,16
75434,5
75435,12
75436,7
75437,0
75438,8
75439,18
75440,11
75441,19
75442,5
75443,23
75444,4
75445,3
75446,7
75447,15
75448,9
75449,22
75450,22
75451,10
75452,4
75453,6
75454,7
75455,6
75456,15
75457,7
75458,3
75459,7
75460,13
75461,9
75462,12
75463,22
75464,7
75465,19
75466,6
75467,23
75468,7
75469,5
75470,21
75471,21
75472,16
75473,10
75474,5
75475,22
75476,12
75477,16
75478,2
75479,8
75480,23
75481,9
75482,0
75483,1
75484,21
75485,4
75486,3
75487,13
75488,0
75489,11
75490,9
75491,13
75492,10
75493,17
75494,22
75495,15
75496,1
75497,12
75498,14
75499,6
75500,22
75501,15
75502,8
75503,8
75504,23
75505,2
75506,7
75507,12
75508,15
75509,15
75510,8
75511,20
75512,11
75513,0
75514,13
75515,10
75516,0
75517,16
75518,7
75519,4
75520,22
75521,9
75522,4
75523,3
75524,15
75525,22
75526,9
75527,1
75528,10
75529,0
75530,20
75531,1
75532,5
75533,8
75534,18
75535,13
75536,10
75537,17
75538,14
75539,17
75540,18
75541,18
75542,14
75543,1
75544,17
75545,12
75546,23
75547,18
75548,17
75549,10
75550,7
75551,20
75552,18
75553,22
75554,0
75555,22
75556,6
75557,8
75558,10
75559,1
75560,9
75561,1
75562,15
75563,21
75564,12
75565,14
75566,6
75567,4
75568,6
75569,20
75570,17
75571,6
75572,12
75573,10
75574,13
75575,4
75576,15
75577,12
75578,8
75579,4
75580,21
75581,23
75582,19
75583,1
75584,10
75585,6
75586,19
75587,9
75588,13
75589,7
75590,0
75591,23
75592,7
75593,1
75594,14
75595,1
75596,18
75597,7
75598,18
75599,15
75600,17
75601,1
75602,23
75603,12
75604,9
75605,1
75606,10
75607,20
75608,23
75609,14
75610,15
75611,4
75612,20
75613,20
75614,18
75615,0
75616,18
75617,6
75618,4
75619,7
75620,1
75621,21
75622,9
75623,12
75624,4
75625,17
75626,7
75627,11
75628,0
75629,7
75630,22
75631,20
75632,9
75633,10
75634,7
75635,7
75636,0
75637,8
75638,7
75639,13
75640,15
75641,16
75642,1
75643,14
75644,9
75645,15
75646,3
75647,12
75648,4
75649,17
75650,12
75651,18
75652,17
75653,1
75654,8
75655,22
75656,9
75657,7
75658,22
75659,11
75660,6
75661,19
75662,8
75663,13
75664,11
75665,14
75666,20
75667,4
75668,3
75669,8
75670,16
75671,10
75672,16
75673,10
75674,12
75675,22
75676,23
75677,18
75678,1
75679,16
75680,15
75681,9
75682,4
75683,0
75684,13
75685,18
75686,4
75687,9
75688,13
75689,23
75690,20
75691,10
75692,15
75693,10
75694,15
75695,1
75696,7
75697,13
75698,15
75699,22
75700,21
75701,4
75702,6
75703,1
75704,1
75705,17
75706,12
75707,8
75708,7
75709,22
75710,7
75711,13
75712,14
75713,13
75714,0
75715,8
75716,10
75717,17
75718,1
75719,2
75720,17
75721,7
75722,6
75723,22
75724,15
75725,0
75726,5
75727,16
75728,13
75729,0
75730,22
75731,5
75732,4
75733,5
75734,0
75735,8
75736,4
75737,4
75738,21
75739,5
75740,3
75741,6
75742,6
75743,21
75744,23
75745,5
75746,17
75747,15
75748,17
75749,13
75750,12
75751,4
75752,15
75753,8
75754,15
75755,15
75756,18
75757,11
75758,4
75759,15
75760,19
75761,5
75762,5
75763,13
75764,20
75765,23
75766,7
75767,4
75768,9
75769,13
75770,9
75771,0
75772,16
75773,5
75774,4
75775,17
75776,21
75777,18
75778,6
75779,1
75780,1
75781,5
75782,6
75783,18
75784,19
75785,13
75786,3
75787,18
75788,17
75789,5
75790,12
75791,15
75792,22
75793,8
75794,19
75795,9
75796,5
75797,1
75798,11
75799,23
75800,7
75801,19
75802,17
75803,7
75804,9
75805,4
75806,18
75807,16
75808,19
75809,7
75810,15
75811,19
75812,14
75813,7
75814,7
75815,15
75816,16
75817,13
75818,1
75819,4
75820,15
75821,17
75822,7
75823,7
75824,3
75825,11
75826,5
75827,1
75828,3
75829,9
75830,18
75831,16
75832,1
75833,15
75834,22
75835,14
75836,21
75837,18
75838,23
75839,22
75840,19
75841,3
75842,7
75843,19
75844,7
75845,4
75846,0
75847,15
75848,4
75849,5
75850,10
75851,7
75852,6
75853,5
75854,6
75855,22
75856,7
75857,5
75858,3
75859,1
75860,11
75861,11
75862,22
75863,19
75864,17
75865,19
75866,23
75867,10
75868,6
75869,11
75870,7
75871,15
75872,15
75873,17
75874,19
75875,20
75876,10
75877,13
75878,7
75879,14
75880,4
75881,13
75882,4
75883,22
75884,8
75885,21
75886,19
75887,15
75888,0
75889,7
75890,16
75891,8
75892,16
75893,19
75894,13
75895,13
75896,16
75897,20
75898,0
75899,9
75900,4
75901,22
75902,7
75903,11
75904,7
75905,17
75906,16
75907,4
75908,11
75909,0
75910,0
75911,0
75912,11
75913,7
75914,13
75915,15
75916,14
75917,7
75918,5
75919,4
75920,15
75921,22
75922,7
75923,21
75924,0
75925,13
75926,18
75927,18
75928,14
75929,23
75930,16
75931,13
75932,14
75933,10
75934,19
75935,15
75936,8
75937,3
75938,7
75939,22
75940,21
75941,4
75942,0
75943,15
75944,19
75945,7
75946,17
75947,17
75948,15
75949,8
75950,15
75951,9
75952,13
75953,21
75954,10
75955,15
75956,0
75957,17
75958,15
75959,6
75960,13
75961,11
75962,7
75963,21
75964,4
75965,15
75966,7
75967,15
75968,10
75969,19
75970,16
75971,20
75972,7
75973,6
75974,7
75975,10
75976,1
75977,13
75978,5
75979,10
75980,16
75981,22
75982,10
75983,4
75984,15
75985,4
75986,19
75987,8
75988,10
75989,22
75990,8
75991,0
75992,23
75993,9
75994,16
75995,12
75996,14
75997,11
75998,19
75999,22
76000,9
76001,0
76002,7
76003,13
76004,19
76005,8
76006,11
76007,17
76008,17
76009,11
76010,14
76011,8
76012,16
76013,17
76014,11
76015,15
76016,22
76017,6
76018,10
76019,20
76020,5
76021,12
76022,19
76023,2
76024,7
76025,21
76026,21
76027,10
76028,11
76029,12
76030,3
76031,4
76032,15
76033,9
76034,6
76035,14
76036,11
76037,23
76038,15
76039,4
76040,4
76041,15
76042,11
76043,5
76044,5
76045,7
76046,13
76047,1
76048,3
76049,7
76050,14
76051,9
76052,16
76053,10
76054,10
76055,1
76056,9
76057,21
76058,17
76059,20
76060,12
76061,13
76062,10
76063,19
76064,13
76065,11
76066,23
76067,15
76068,13
76069,7
76070,5
76071,1
76072,23
76073,12
76074,22
76075,7
76076,15
76077,23
76078,19
76079,15
76080,14
76081,0
76082,13
76083,3
76084,19
76085,8
76086,14
76087,23
76088,6
76089,15
76090,10
76091,21
76092,23
76093,11
76094,6
76095,6
76096,13
76097,10
76098,22
76099,13
76100,20
76101,4
76102,10
76103,8
76104,5
76105,18
76106,15
76107,21
76108,4
76109,15
76110,15
76111,12
76112,0
76113,7
76114,6
76115,1
76116,17
76117,23
76118,11
76119,14
76120,15
76121,6
76122,4
76123,17
76124,15
76125,14
76126,16
76127,7
76128,19
76129,1
76130,19
76131,22
76132,14
76133,17
76134,21
76135,7
76136,5
76137,23
76138,5
76139,13
76140,5
76141,17
76142,22
76143,19
76144,14
76145,2
76146,23
76147,17
76148,6
76149,19
76150,9
76151,15
76152,15
76153,19
76154,15
76155,14
76156,22
76157,12
76158,18
76159,10
76160,4
76161,13
76162,18
76163,9
76164,1
76165,15
76166,13
76167,11
76168,16
76169,23
76170,13
76171,5
76172,7
76173,10
76174,23
76175,16
76176,6
76177,13
76178,18
76179,20
76180,1
76181,8
76182,10
76183,20
76184,7
76185,7
76186,18
76187,13
76188,4
76189,15
76190,0
76191,5
76192,7
76193,1
76194,5
76195,1
76196,20
76197,22
76198,22
76199,7
76200,18
76201,14
76202,13
76203,7
76204,7
76205,13
76206,13
76207,18
76208,0
76209,21
76210,14
76211,17
76212,21
76213,16
76214,5
76215,7
76216,10
76217,7
76218,20
76219,17
76220,12
76221,3
76222,15
76223,15
76224,0
76225,13
76226,9
76227,18
76228,0
76229,23
76230,13
76231,1
76232,9
76233,23
76234,1
76235,3
76236,1
76237,18
76238,5
76239,22
76240,15
76241,0
76242,13
76243,22
76244,23
76245,20
76246,6
76247,5
76248,2
76249,23
76250,11
76251,20
76252,11
76253,1
76254,19
76255,21
76256,14
76257,19
76258,12
76259,2
76260,9
76261,19
76262,13
76263,4
76264,7
76265,13
76266,17
76267,13
76268,8
76269,22
76270,18
76271,17
76272,14
76273,5
76274,3
76275,19
76276,8
76277,12
76278,22
76279,17
76280,7
76281,11
76282,8
76283,18
76284,15
76285,0
76286,11
76287,4
76288,18
76289,19
76290,3
76291,20
76292,8
76293,15
76294,7
76295,4
76296,4
76297,15
76298,15
76299,6
76300,1
76301,6
76302,8
76303,9
76304,22
76305,1
76306,13
76307,22
76308,0
76309,9
76310,12
76311,10
76312,23
76313,17
76314,6
76315,11
76316,19
76317,22
76318,17
76319,9
76320,1
76321,16
76322,7
76323,1
76324,1
76325,19
76326,13
76327,9
76328,16
76329,7
76330,8
76331,1
76332,1
76333,11
76334,19
76335,20
76336,4
76337,0
76338,23
76339,7
76340,7
76341,7
76342,13
76343,8
76344,22
76345,21
76346,15
76347,7
76348,19
76349,3
76350,6
76351,11
76352,16
76353,22
76354,6
76355,13
76356,21
76357,12
76358,18
76359,14
76360,16
76361,7
76362,14
76363,12
76364,19
76365,1
76366,14
76367,7
76368,19
76369,21
76370,18
76371,7
76372,15
76373,22
76374,6
76375,5
76376,6
76377,11
76378,7
76379,15
76380,6
76381,21
76382,5
76383,16
76384,1
76385,5
76386,19
76387,0
76388,22
76389,0
76390,17
76391,6
76392,15
76393,18
76394,6
76395,13
76396,2
76397,7
76398,13
76399,1
76400,5
76401,1
76402,17
76403,7
76404,21
76405,7
76406,11
76407,19
76408,19
76409,17
76410,7
76411,9
76412,21
76413,16
76414,0
76415,10
76416,19
76417,13
76418,15
76419,6
76420,18
76421,3
76422,23
76423,22
76424,19
76425,12
76426,6
76427,1
76428,5
76429,7
76430,12
76431,7
76432,7
76433,0
76434,1
76435,12
76436,10
76437,1
76438,11
76439,0
76440,9
76441,13
76442,5
76443,9
76444,9
76445,15
76446,10
76447,20
76448,13
76449,17
76450,3
76451,12
76452,15
76453,9
76454,6
76455,5
76456,1
76457,5
76458,1
76459,7
76460,12
76461,7
76462,7
76463,15
76464,16
76465,13
76466,4
76467,11
76468,5
76469,4
76470,3
76471,0
76472,0
76473,9
76474,9
76475,21
76476,7
76477,3
76478,0
76479,14
76480,19
76481,19
76482,4
76483,10
76484,19
76485,6
76486,7
76487,12
76488,9
76489,10
76490,20
76491,22
76492,6
76493,20
76494,19
76495,7
76496,0
76497,8
76498,15
76499,13
76500,21
76501,22
76502,5
76503,6
76504,13
76505,4
76506,7
76507,7
76508,2
76509,17
76510,13
76511,7
76512,9
76513,22
76514,8
76515,19
76516,19
76517,13
76518,15
76519,15
76520,21
76521,7
76522,23
76523,16
76524,4
76525,11
76526,14
76527,15
76528,2
76529,6
76530,23
76531,8
76532,13
76533,21
76534,7
76535,12
76536,18
76537,21
76538,1
76539,8
76540,1
76541,22
76542,16
76543,17
76544,15
76545,10
76546,7
76547,11
76548,4
76549,18
76550,0
76551,5
76552,9
76553,1
76554,4
76555,3
76556,3
76557,0
76558,5
76559,23
76560,1
76561,13
76562,1
76563,0
76564,8
76565,7
76566,4
76567,8
76568,11
76569,7
76570,12
76571,19
76572,20
76573,4
76574,21
76575,19
76576,7
76577,11
76578,8
76579,7
76580,6
76581,19
76582,19
76583,11
76584,4
76585,4
76586,8
76587,8
76588,6
76589,15
76590,20
76591,15
76592,0
76593,17
76594,4
76595,13
76596,17
76597,13
76598,11
76599,13
76600,16
76601,3
76602,4
76603,19
76604,4
76605,18
76606,22
76607,15
76608,2
76609,9
76610,7
76611,13
76612,19
76613,0
76614,4
76615,4
76616,2
76617,12
76618,5
76619,15
76620,10
76621,17
76622,10
76623,9
76624,4
76625,7
76626,4
76627,1
76628,15
76629,14
76630,16
76631,19
76632,0
76633,15
76634,17
76635,16
76636,7
76637,17
76638,13
76639,8
76640,5
76641,1
76642,4
76643,13
76644,14
76645,19
76646,0
76647,6
76648,14
76649,0
76650,4
76651,3
76652,13
76653,5
76654,16
76655,8
76656,18
76657,1
76658,13
76659,13
76660,0
76661,16
76662,4
76663,13
76664,13
76665,7
76666,11
76667,19
76668,1
76669,0
76670,17
76671,13
76672,9
76673,4
76674,10
76675,10
76676,6
76677,11
76678,19
76679,7
76680,11
76681,17
76682,20
76683,13
76684,5
76685,7
76686,7
76687,7
76688,22
76689,17
76690,17
76691,3
76692,4
76693,11
76694,23
76695,1
76696,19
76697,10
76698,3
76699,11
76700,10
76701,7
76702,7
76703,7
76704,0
76705,10
76706,19
76707,4
76708,23
76709,7
76710,23
76711,22
76712,9
76713,23
76714,0
76715,14
76716,14
76717,20
76718,19
76719,13
76720,14
76721,7
76722,18
76723,12
76724,4
76725,21
76726,8
76727,1
76728,4
76729,3
76730,3
76731,12
76732,2
76733,13
76734,9
76735,1
76736,11
76737,23
76738,12
76739,3
76740,7
76741,3
76742,22
76743,22
76744,6
76745,3
76746,18
76747,15
76748,9
76749,17
76750,12
76751,23
76752,7
76753,14
76754,12
76755,3
76756,5
76757,17
76758,13
76759,22
76760,20
76761,14
76762,21
76763,13
76764,0
76765,11
76766,14
76767,6
76768,18
76769,5
76770,1
76771,15
76772,16
76773,7
76774,14
76775,7
76776,10
76777,22
76778,22
76779,1
76780,13
76781,12
76782,21
76783,8
76784,9
76785,15
76786,13
76787,4
76788,23
76789,4
76790,0
76791,19
76792,18
76793,18
76794,11
76795,15
76796,7
76797,8
76798,1
76799,20
76800,13
76801,19
76802,17
76803,16
76804,7
76805,17
76806,4
76807,9
76808,13
76809,9
76810,22
76811,7
76812,14
76813,8
76814,3
76815,22
76816,4
76817,6
76818,15
76819,0
76820,11
76821,23
76822,15
76823,8
76824,4
76825,4
76826,4
76827,11
76828,14
76829,20
76830,9
76831,14
76832,10
76833,6
76834,12
76835,23
76836,15
76837,21
76838,3
76839,8
76840,6
76841,8
76842,15
76843,20
76844,7
76845,20
76846,14
76847,4
76848,13
76849,9
76850,11
76851,1
76852,17
76853,3
76854,22
76855,15
76856,14
76857,7
76858,1
76859,14
76860,7
76861,15
76862,14
76863,16
76864,10
76865,0
76866,7
76867,20
76868,8
76869,12
76870,8
76871,15
76872,7
76873,3
76874,9
76875,7
76876,21
76877,20
76878,4
76879,22
76880,14
76881,7
76882,16
76883,9
76884,10
76885,7
76886,22
76887,13
76888,9
76889,5
76890,11
76891,16
76892,13
76893,17
76894,19
76895,11
76896,13
76897,12
76898,21
76899,13
76900,22
76901,12
76902,11
76903,12
76904,15
76905,13
76906,16
76907,13
76908,5
76909,6
76910,17
76911,13
76912,7
76913,21
76914,19
76915,10
76916,23
76917,4
76918,11
76919,12
76920,7
76921,4
76922,10
76923,22
76924,1
76925,5
76926,9
76927,3
76928,3
76929,16
76930,7
76931,4
76932,9
76933,10
76934,1
76935,0
76936,23
76937,18
76938,11
76939,15
76940,11
76941,17
76942,7
76943,5
76944,4
76945,17
76946,23
76947,22
76948,22
76949,5
76950,7
76951,0
76952,4
76953,19
76954,7
76955,23
76956,21
76957,21
76958,4
76959,16
76960,7
76961,4
76962,5
76963,14
76964,14
76965,6
76966,9
76967,6
76968,20
76969,12
76970,1
76971,15
76972,17
76973,5
76974,12
76975,4
76976,22
76977,13
76978,0
76979,6
76980,16
76981,22
76982,2
76983,5
76984,15
76985,7
76986,3
76987,12
76988,10
76989,3
76990,14
76991,13
76992,7
76993,1
76994,1
76995,7
76996,15
76997,0
76998,0
76999,19
77000,15
77001,19
77002,17
77003,17
77004,5
77005,11
77006,4
77007,7
77008,22
77009,7
77010,0
77011,0
77012,0
77013,19
77014,15
77015,15
77016,15
77017,16
77018,13
77019,13
77020,0
77021,4
77022,17
77023,21
77024,14
77025,20
77026,23
77027,12
77028,12
77029,7
77030,19
77031,6
77032,0
77033,4
77034,18
77035,1
77036,19
77037,6
77038,8
77039,8
77040,1
77041,12
77042,22
77043,8
77044,3
77045,18
77046,13
77047,21
77048,4
77049,20
77050,7
77051,13
77052,10
77053,10
77054,17
77055,7
77056,16
77057,8
77058,10
77059,9
77060,17
77061,22
77062,8
77063,9
77064,16
77065,15
77066,9
77067,19
77068,17
77069,23
77070,0
77071,6
77072,11
77073,13
77074,7
77075,4
77076,3
77077,16
77078,15
77079,6
77080,8
77081,4
77082,3
77083,14
77084,5
77085,8
77086,10
77087,12
77088,9
77089,11
77090,8
77091,16
77092,6
77093,19
77094,15
77095,7
77096,13
77097,14
77098,23
77099,7
77100,2
77101,21
77102,8
77103,10
77104,7
77105,21
77106,5
77107,0
77108,5
77109,7
77110,5
77111,19
77112,14
77113,23
77114,18
77115,1
77116,13
77117,1
77118,18
77119,15
77120,15
77121,0
77122,5
77123,6
77124,21
77125,21
77126,8
77127,22
77128,9
77129,5
77130,13
77131,13
77132,15
77133,1
77134,21
77135,12
77136,19
77137,10
77138,19
77139,17
77140,13
77141,13
77142,22
77143,22
77144,20
77145,0
77146,7
77147,18
77148,6
77149,5
77150,19
77151,23
77152,17
77153,16
77154,17
77155,15
77156,11
77157,22
77158,7
77159,17
77160,1
77161,6
77162,6
77163,3
77164,0
77165,7
77166,22
77167,21
77168,4
77169,13
77170,8
77171,6
77172,6
77173,22
77174,4
77175,12
77176,4
77177,21
77178,13
77179,1
77180,11
77181,0
77182,0
77183,6
77184,6
77185,11
77186,4
77187,9
77188,13
77189,4
77190,13
77191,13
77192,5
77193,13
77194,11
77195,4
77196,8
77197,3
77198,21
77199,21
77200,4
77201,6
77202,12
77203,13
77204,1
77205,7
77206,16
77207,7
77208,14
77209,22
77210,15
77211,6
77212,13
77213,16
77214,11
77215,13
77216,12
77217,16
77218,7
77219,23
77220,22
77221,7
77222,9
77223,6
77224,13
77225,20
77226,7
77227,5
77228,7
77229,0
77230,4
77231,7
77232,20
77233,10
77234,21
77235,19
77236,17
77237,13
77238,0
77239,4
77240,19
77241,4
77242,20
77243,21
77244,4
77245,17
77246,15
77247,8
77248,9
77249,11
77250,4
77251,7
77252,9
77253,11
77254,0
77255,7
77256,14
77257,1
77258,3
77259,9
77260,19
77261,1
77262,17
77263,6
77264,4
77265,21
77266,13
77267,23
77268,1
77269,1
77270,4
77271,10
77272,7
77273,1
77274,20
77275,1
77276,19
77277,17
77278,22
77279,7
77280,20
77281,1
77282,2
77283,22
77284,0
77285,16
77286,2
77287,5
77288,13
77289,13
77290,22
77291,9
77292,13
77293,9
77294,9
77295,7
77296,4
77297,7
77298,15
77299,14
77300,13
77301,6
77302,13
77303,0
77304,4
77305,18
77306,15
77307,14
77308,20
77309,21
77310,19
77311,11
77312,17
77313,23
77314,1
77315,12
77316,6
77317,11
77318,1
77319,21
77320,13
77321,6
77322,5
77323,4
77324,7
77325,7
77326,19
77327,7
77328,12
77329,20
77330,16
77331,15
77332,22
77333,22
77334,3
77335,0
77336,1
77337,5
77338,11
77339,23
77340,9
77341,16
77342,12
77343,11
77344,13
77345,6
77346,10
77347,12
77348,8
77349,4
77350,7
77351,4
77352,17
77353,5
77354,10
77355,4
77356,2
77357,11
77358,7
77359,10
77360,1
77361,13
77362,1
77363,21
77364,1
77365,17
77366,0
77367,17
77368,11
77369,4
77370,22
77371,15
77372,14
77373,17
77374,16
77375,3
77376,12
77377,20
77378,10
77379,22
77380,22
77381,19
77382,22
77383,4
77384,0
77385,22
77386,7
77387,22
77388,15
77389,23
77390,5
77391,4
77392,22
77393,7
77394,7
77395,22
77396,22
77397,10
77398,8
77399,18
77400,19
77401,14
77402,14
77403,23
77404,15
77405,2
77406,11
77407,22
77408,10
77409,19
77410,6
77411,19
77412,7
77413,23
77414,13
77415,1
77416,21
77417,11
77418,15
77419,1
77420,1
77421,19
77422,13
77423,11
77424,17
77425,22
77426,8
77427,0
77428,4
77429,15
77430,1
77431,23
77432,14
77433,5
77434,12
77435,1
77436,22
77437,7
77438,7
77439,20
77440,1
77441,18
77442,2
77443,8
77444,15
77445,13
77446,12
77447,0
77448,7
77449,17
77450,17
77451,15
77452,13
77453,0
77454,6
77455,17
77456,8
77457,8
77458,22
77459,5
77460,7
77461,4
77462,14
77463,7
77464,16
77465,7
77466,4
77467,22
77468,20
77469,9
77470,7
77471,19
77472,1
77473,13
77474,13
77475,8
77476,8
77477,19
77478,0
77479,17
77480,8
77481,12
77482,22
77483,8
77484,3
77485,2
77486,7
77487,23
77488,5
77489,17
77490,12
77491,8
77492,20
77493,13
77494,0
77495,11
77496,12
77497,13
77498,4
77499,15
77500,2
77501,17
77502,7
77503,2
77504,22
77505,13
77506,9
77507,2
77508,16
77509,18
77510,21
77511,7
77512,9
77513,10
77514,6
77515,22
77516,2
77517,7
77518,21
77519,18
77520,14
77521,11
77522,12
77523,9
77524,22
77525,12
77526,6
77527,8
77528,14
77529,12
77530,6
77531,6
77532,11
77533,13
77534,7
77535,14
77536,8
77537,17
77538,0
77539,16
77540,15
77541,21
77542,17
77543,18
77544,19
77545,4
77546,14
77547,1
77548,14
77549,6
77550,6
77551,12
77552,20
77553,10
77554,11
77555,1
77556,13
77557,4
77558,6
77559,4
77560,9
77561,7
77562,16
77563,7
77564,17
77565,5
77566,13
77567,13
77568,0
77569,10
77570,0
77571,7
77572,0
77573,16
77574,15
77575,3
77576,22
77577,17
77578,14
77579,13
77580,23
77581,0
77582,20
77583,19
77584,4
77585,2
77586,10
77587,4
77588,13
77589,19
77590,8
77591,17
77592,0
77593,13
77594,1
77595,14
77596,20
77597,1
77598,1
77599,6
77600,19
77601,22
77602,21
77603,19
77604,19
77605,8
77606,19
77607,6
77608,8
77609,4
77610,17
77611,22
77612,19
77613,21
77614,7
77615,5
77616,18
77617,4
77618,15
77619,3
77620,15
77621,12
77622,21
77623,7
77624,7
77625,5
77626,7
77627,20
77628,22
77629,12
77630,15
77631,7
77632,10
77633,5
77634,1
77635,22
77636,21
77637,21
77638,7
77639,7
77640,7
77641,3
77642,3
77643,14
77644,22
77645,13
77646,7
77647,15
77648,3
77649,12
77650,9
77651,7
77652,10
77653,7
77654,7
77655,7
77656,12
77657,7
77658,3
77659,7
77660,16
77661,10
77662,18
77663,22
77664,1
77665,4
77666,7
77667,7
77668,15
77669,21
77670,13
77671,10
77672,7
77673,13
77674,3
77675,10
77676,22
77677,1
77678,17
77679,12
77680,23
77681,10
77682,23
77683,13
77684,12
77685,13
77686,21
77687,15
77688,4
77689,10
77690,21
77691,13
77692,10
77693,11
77694,7
77695,14
77696,11
77697,11
77698,16
77699,23
77700,23
77701,13
77702,5
77703,17
77704,10
77705,7
77706,8
77707,10
77708,8
77709,23
77710,6
77711,5
77712,13
77713,7
77714,19
77715,13
77716,18
77717,1
77718,6
77719,10
77720,7
77721,22
77722,10
77723,5
77724,3
77725,6
77726,4
77727,23
77728,10
77729,2
77730,6
77731,1
77732,7
77733,4
77734,17
77735,13
77736,11
77737,6
77738,19
77739,4
77740,15
77741,22
77742,10
77743,23
77744,8
77745,18
77746,8
77747,8
77748,15
77749,22
77750,11
77751,7
77752,0
77753,7
77754,23
77755,1
77756,11
77757,5
77758,16
77759,16
77760,11
77761,18
77762,16
77763,13
77764,22
77765,4
77766,12
77767,14
77768,16
77769,21
77770,12
77771,11
77772,16
77773,18
77774,9
77775,7
77776,19
77777,5
77778,15
77779,17
77780,4
77781,0
77782,17
77783,13
77784,8
77785,8
77786,6
77787,7
77788,18
77789,4
77790,18
77791,7
77792,11
77793,18
77794,10
77795,1
77796,0
77797,21
77798,16
77799,12
77800,8
77801,18
77802,14
77803,1
77804,22
77805,13
77806,1
77807,22
77808,0
77809,20
77810,5
77811,15
77812,13
77813,21
77814,22
77815,9
77816,3
77817,16
77818,15
77819,1
77820,7
77821,12
77822,11
77823,5
77824,13
77825,17
77826,13
77827,13
77828,8
77829,9
77830,7
77831,3
77832,6
77833,11
77834,6
77835,12
77836,20
77837,0
77838,20
77839,4
77840,8
77841,7
77842,15
77843,20
77844,6
77845,19
77846,7
77847,7
77848,15
77849,1
77850,15
77851,16
77852,4
77853,21
77854,19
77855,20
77856,10
77857,3
77858,17
77859,8
77860,9
77861,5
77862,5
77863,13
77864,17
77865,16
77866,8
77867,7
77868,15
77869,19
77870,2
77871,19
77872,17
77873,19
77874,0
77875,20
77876,3
77877,23
77878,16
77879,7
77880,18
77881,4
77882,15
77883,7
77884,13
77885,21
77886,14
77887,13
77888,3
77889,9
77890,22
77891,19
77892,13
77893,10
77894,4
77895,3
77896,20
77897,11
77898,13
77899,6
77900,13
77901,1
77902,15
77903,18
77904,21
77905,22
77906,1
77907,4
77908,17
77909,22
77910,6
77911,23
77912,11
77913,20
77914,13
77915,3
77916,10
77917,19
77918,5
77919,11
77920,18
77921,15
77922,5
77923,22
77924,21
77925,19
77926,7
77927,5
77928,15
77929,20
77930,9
77931,9
77932,14
77933,11
77934,23
77935,22
77936,7
77937,20
77938,5
77939,13
77940,20
77941,16
77942,15
77943,14
77944,8
77945,0
77946,14
77947,7
77948,4
77949,13
77950,4
77951,22
77952,0
77953,13
77954,8
77955,15
77956,20
77957,7
77958,0
77959,15
77960,5
77961,14
77962,11
77963,4
77964,10
77965,7
77966,4
77967,15
77968,6
77969,4
77970,23
77971,0
77972,2
77973,8
77974,8
77975,22
77976,21
77977,16
77978,0
77979,17
77980,5
77981,4
77982,14
77983,23
77984,1
77985,14
77986,13
77987,12
77988,22
77989,4
77990,16
77991,4
77992,14
77993,15
77994,5
77995,10
77996,20
77997,15
77998,0
77999,13
78000,14
78001,21
78002,0
78003,14
78004,7
78005,13
78006,10
78007,3
78008,4
78009,10
78010,17
78011,12
78012,20
78013,21
78014,15
78015,16
78016,7
78017,19
78018,7
78019,12
78020,4
78021,7
78022,7
78023,15
78024,20
78025,19
78026,4
78027,15
78028,7
78029,1
78030,0
78031,17
78032,5
78033,23
78034,1
78035,19
78036,13
78037,18
78038,4
78039,21
78040,0
78041,5
78042,21
78043,23
78044,13
78045,17
78046,21
78047,13
78048,10
78049,0
78050,0
78051,19
78052,6
78053,22
78054,5
78055,0
78056,23
78057,8
78058,19
78059,13
78060,19
78061,16
78062,22
78063,7
78064,3
78065,3
78066,11
78067,8
78068,4
78069,7
78070,9
78071,18
78072,12
78073,7
78074,15
78075,6
78076,21
78077,11
78078,17
78079,4
78080,16
78081,0
78082,8
78083,3
78084,4
78085,11
78086,13
78087,22
78088,13
78089,11
78090,10
78091,14
78092,17
78093,19
78094,21
78095,4
78096,4
78097,13
78098,7
78099,6
78100,15
78101,18
78102,21
78103,22
78104,6
78105,10
78106,16
78107,17
78108,21
78109,7
78110,14
78111,14
78112,4
78113,15
78114,20
78115,7
78116,5
78117,14
78118,6
78119,1
78120,14
78121,12
78122,15
78123,18
78124,23
78125,21
78126,5
78127,17
78128,4
78129,12
78130,10
78131,21
78132,19
78133,4
78134,19
78135,19
78136,15
78137,15
78138,13
78139,17
78140,0
78141,11
78142,4
78143,13
78144,4
78145,1
78146,0
78147,14
78148,20
78149,7
78150,15
78151,4
78152,10
78153,12
78154,6
78155,23
78156,16
78157,17
78158,7
78159,19
78160,6
78161,9
78162,5
78163,17
78164,22
78165,22
78166,12
78167,17
78168,17
78169,0
78170,18
78171,10
78172,0
78173,10
78174,14
78175,3
78176,2
78177,11
78178,19
78179,16
78180,0
78181,11
78182,13
78183,19
78184,15
78185,19
78186,6
78187,4
78188,5
78189,4
78190,21
78191,1
78192,2
78193,12
78194,17
78195,13
78196,7
78197,0
78198,22
78199,9
78200,22
78201,15
78202,22
78203,23
78204,22
78205,15
78206,4
78207,12
78208,15
78209,11
78210,18
78211,8
78212,10
78213,11
78214,15
78215,18
78216,21
78217,11
78218,7
78219,7
78220,19
78221,0
78222,15
78223,11
78224,8
78225,9
78226,3
78227,22
78228,0
78229,8
78230,21
78231,5
78232,3
78233,10
78234,1
78235,13
78236,6
78237,20
78238,10
78239,0
78240,4
78241,0
78242,11
78243,5
78244,20
78245,22
78246,16
78247,20
78248,3
78249,23
78250,18
78251,8
78252,19
78253,17
78254,23
78255,11
78256,4
78257,19
78258,23
78259,5
78260,21
78261,6
78262,7
78263,11
78264,13
78265,5
78266,7
78267,15
78268,10
78269,12
78270,1
78271,12
78272,9
78273,18
78274,6
78275,3
78276,6
78277,19
78278,7
78279,15
78280,14
78281,21
78282,21
78283,14
78284,22
78285,15
78286,18
78287,6
78288,16
78289,18
78290,11
78291,12
78292,13
78293,8
78294,21
78295,10
78296,7
78297,4
78298,8
78299,15
78300,0
78301,17
78302,14
78303,19
78304,7
78305,4
78306,22
78307,15
78308,0
78309,1
78310,0
78311,5
78312,10
78313,15
78314,10
78315,22
78316,4
78317,18
78318,7
78319,3
78320,7
78321,6
78322,11
78323,6
78324,6
78325,10
78326,21
78327,11
78328,15
78329,3
78330,21
78331,9
78332,10
78333,9
78334,0
78335,6
78336,23
78337,18
78338,13
78339,10
78340,20
78341,5
78342,17
78343,4
78344,0
78345,17
78346,17
78347,16
78348,7
78349,19
78350,5
78351,23
78352,23
78353,13
78354,5
78355,15
78356,9
78357,23
78358,9
78359,6
78360,9
78361,7
78362,8
78363,15
78364,20
78365,22
78366,3
78367,22
78368,11
78369,12
78370,23
78371,22
78372,19
78373,4
78374,12
78375,13
78376,9
78377,1
78378,8
78379,4
78380,9
78381,13
78382,21
78383,4
78384,7
78385,5
78386,20
78387,21
78388,5
78389,5
78390,6
78391,15
78392,13
78393,4
78394,6
78395,4
78396,1
78397,19
78398,4
78399,11
78400,1
78401,0
78402,17
78403,3
78404,5
78405,18
78406,7
78407,4
78408,15
78409,7
78410,5
78411,1
78412,11
78413,19
78414,1
78415,1
78416,19
78417,0
78418,0
78419,20
78420,0
78421,14
78422,22
78423,9
78424,1
78425,15
78426,7
78427,3
78428,16
78429,13
78430,9
78431,17
78432,16
78433,4
78434,7
78435,16
78436,11
78437,11
78438,4
78439,16
78440,11
78441,19
78442,18
78443,7
78444,17
78445,15
78446,13
78447,12
78448,19
78449,6
78450,7
78451,4
78452,0
78453,14
78454,6
78455,12
78456,4
78457,12
78458,1
78459,6
78460,14
78461,1
78462,4
78463,15
78464,14
78465,1
78466,4
78467,12
78468,1
78469,4
78470,14
78471,1
78472,19
78473,22
78474,13
78475,1
78476,11
78477,7
78478,9
78479,4
78480,0
78481,12
78482,12
78483,11
78484,7
78485,17
78486,7
78487,15
78488,18
78489,19
78490,4
78491,1
78492,15
78493,7
78494,4
78495,1
78496,13
78497,4
78498,19
78499,11
78500,23
78501,5
78502,9
78503,17
78504,4
78505,9
78506,23
78507,4
78508,20
78509,10
78510,5
78511,1
78512,11
78513,7
78514,3
78515,15
78516,22
78517,10
78518,1
78519,1
78520,3
78521,23
78522,18
78523,12
78524,19
78525,7
78526,5
78527,10
78528,15
78529,5
78530,12
78531,21
78532,3
78533,15
78534,12
78535,8
78536,13
78537,0
78538,4
78539,18
78540,19
78541,10
78542,11
78543,17
78544,4
78545,23
78546,16
78547,23
78548,8
78549,11
78550,17
78551,6
78552,13
78553,15
78554,23
78555,23
78556,17
78557,7
78558,14
78559,10
78560,3
78561,19
78562,22
78563,16
78564,7
78565,4
78566,6
78567,23
78568,4
78569,6
78570,7
78571,5
78572,10
78573,4
78574,13
78575,5
78576,7
78577,16
78578,13
78579,4
78580,11
78581,19
78582,0
78583,11
78584,22
78585,18
78586,15
78587,15
78588,17
78589,1
78590,11
78591,6
78592,5
78593,15
78594,20
78595,14
78596,11
78597,10
78598,18
78599,3
78600,11
78601,0
78602,5
78603,9
78604,13
78605,23
78606,6
78607,23
78608,12
78609,13
78610,13
78611,5
78612,22
78613,7
78614,13
78615,2
78616,13
78617,0
78618,7
78619,10
78620,16
78621,20
78622,19
78623,3
78624,7
78625,15
78626,10
78627,7
78628,13
78629,14
78630,15
78631,23
78632,0
78633,7
78634,19
78635,7
78636,16
78637,22
78638,19
78639,15
78640,18
78641,5
78642,5
78643,6
78644,4
78645,8
78646,7
78647,17
78648,22
78649,15
78650,22
78651,3
78652,21
78653,23
78654,13
78655,19
78656,20
78657,5
78658,15
78659,11
78660,4
78661,5
78662,8
78663,18
78664,7
78665,0
78666,23
78667,14
78668,7
78669,17
78670,18
78671,7
78672,1
78673,12
78674,23
78675,5
78676,1
78677,12
78678,4
78679,11
78680,22
78681,16
78682,15
78683,11
78684,12
78685,16
78686,12
78687,9
78688,23
78689,22
78690,5
78691,12
78692,22
78693,13
78694,8
78695,0
78696,5
78697,7
78698,20
78699,15
78700,0
78701,20
78702,9
78703,16
78704,4
78705,12
78706,22
78707,4
78708,4
78709,3
78710,11
78711,17
78712,18
78713,18
78714,6
78715,12
78716,10
78717,22
78718,6
78719,4
78720,18
78721,15
78722,7
78723,5
78724,15
78725,19
78726,19
78727,11
78728,19
78729,7
78730,15
78731,8
78732,7
78733,10
78734,7
78735,23
78736,22
78737,13
78738,19
78739,23
78740,23
78741,19
78742,11
78743,19
78744,15
78745,11
78746,4
78747,1
78748,5
78749,19
78750,3
78751,13
78752,16
78753,18
78754,7
78755,5
78756,4
78757,20
78758,15
78759,16
78760,7
78761,12
78762,7
78763,10
78764,21
78765,9
78766,22
78767,7
78768,6
78769,5
78770,5
78771,15
78772,17
78773,21
78774,12
78775,13
78776,10
78777,6
78778,16
78779,7
78780,18
78781,16
78782,12
78783,19
78784,18
78785,6
78786,10
78787,15
78788,22
78789,21
78790,19
78791,12
78792,22
78793,0
78794,13
78795,7
78796,7
78797,3
78798,17
78799,18
78800,9
78801,1
78802,4
78803,19
78804,9
78805,20
78806,11
78807,22
78808,20
78809,11
78810,13
78811,7
78812,7
78813,21
78814,23
78815,22
78816,5
78817,15
78818,1
78819,22
78820,22
78821,17
78822,9
78823,23
78824,23
78825,17
78826,3
78827,19
78828,4
78829,15
78830,1
78831,16
78832,0
78833,18
78834,11
78835,22
78836,8
78837,22
78838,5
78839,1
78840,19
78841,13
78842,7
78843,7
78844,8
78845,18
78846,21
78847,1
78848,19
78849,12
78850,11
78851,7
78852,4
78853,10
78854,15
78855,12
78856,6
78857,8
78858,16
78859,7
78860,13
78861,5
78862,0
78863,21
78864,23
78865,4
78866,23
78867,4
78868,23
78869,17
78870,12
78871,2
78872,17
78873,5
78874,5
78875,15
78876,1
78877,4
78878,20
78879,22
78880,11
78881,18
78882,8
78883,14
78884,22
78885,20
78886,5
78887,8
78888,23
78889,20
78890,18
78891,19
78892,21
78893,22
78894,9
78895,0
78896,17
78897,8
78898,23
78899,13
78900,11
78901,5
78902,3
78903,4
78904,1
78905,7
78906,23
78907,6
78908,19
78909,11
78910,12
78911,6
78912,0
78913,22
78914,20
78915,19
78916,7
78917,22
78918,13
78919,3
78920,17
78921,7
78922,20
78923,19
78924,19
78925,19
78926,13
78927,8
78928,7
78929,16
78930,22
78931,18
78932,4
78933,11
78934,8
78935,15
78936,12
78937,23
78938,21
78939,1
78940,15
78941,12
78942,9
78943,10
78944,0
78945,21
78946,23
78947,18
78948,16
78949,5
78950,6
78951,7
78952,18
78953,15
78954,21
78955,5
78956,13
78957,7
78958,17
78959,21
78960,18
78961,1
78962,19
78963,15
78964,19
78965,17
78966,5
78967,6
78968,4
78969,7
78970,4
78971,11
78972,5
78973,0
78974,13
78975,19
78976,13
78977,4
78978,15
78979,9
78980,10
78981,19
78982,20
78983,3
78984,14
78985,5
78986,14
78987,5
78988,17
78989,7
78990,15
78991,16
78992,20
78993,15
78994,3
78995,4
78996,7
78997,23
78998,15
78999,17
79000,6
79001,3
79002,9
79003,7
79004,6
79005,0
79006,18
79007,13
79008,4
79009,13
79010,2
79011,1
79012,17
79013,8
79014,15
79015,4
79016,5
79017,7
79018,1
79019,12
79020,19
79021,0
79022,13
79023,10
79024,0
79025,14
79026,11
79027,4
79028,18
79029,0
79030,14
79031,13
79032,20
79033,20
79034,19
79035,6
79036,21
79037,9
79038,7
79039,21
79040,12
79041,0
79042,10
79043,7
79044,7
79045,12
79046,19
79047,1
79048,9
79049,0
79050,8
79051,14
79052,22
79053,6
79054,4
79055,20
79056,14
79057,20
79058,1
79059,19
79060,4
79061,20
79062,20
79063,22
79064,3
79065,12
79066,14
79067,6
79068,17
79069,0
79070,11
79071,17
79072,14
79073,6
79074,22
79075,16
79076,12
79077,10
79078,6
79079,3
79080,15
79081,7
79082,13
79083,5
79084,13
79085,9
79086,3
79087,14
79088,17
79089,16
79090,4
79091,22
79092,15
79093,23
79094,5
79095,5
79096,10
79097,14
79098,9
79099,13
79100,13
79101,16
79102,1
79103,0
79104,5
79105,7
79106,4
79107,12
79108,12
79109,7
79110,10
79111,21
79112,5
79113,6
79114,4
79115,4
79116,15
79117,1
79118,8
79119,13
79120,5
79121,8
79122,22
79123,20
79124,18
79125,15
79126,7
79127,4
79128,15
79129,13
79130,9
79131,22
79132,11
79133,7
79134,19
79135,21
79136,0
79137,0
79138,16
79139,16
79140,21
79141,13
79142,15
79143,10
79144,7
79145,3
79146,5
79147,22
79148,7
79149,19
79150,19
79151,5
79152,13
79153,7
79154,11
79155,5
79156,19
79157,3
79158,3
79159,3
79160,11
79161,15
79162,12
79163,18
79164,16
79165,18
79166,11
79167,22
79168,13
79169,9
79170,19
79171,19
79172,15
79173,2
79174,2
79175,15
79176,19
79177,22
79178,19
79179,12
79180,17
79181,7
79182,17
79183,17
79184,10
79185,23
79186,9
79187,0
79188,18
79189,17
79190,6
79191,14
79192,6
79193,8
79194,15
79195,21
79196,3
79197,6
79198,13
79199,8
79200,17
79201,1
79202,13
79203,4
79204,8
79205,0
79206,21
79207,13
79208,15
79209,12
79210,8
79211,1
79212,1
79213,21
79214,4
79215,21
79216,17
79217,7
79218,0
79219,1
79220,18
79221,7
79222,15
79223,1
79224,22
79225,11
79226,15
79227,0
79228,7
79229,13
79230,7
79231,21
79232,7
79233,8
79234,20
79235,19
79236,3
79237,2
79238,10
79239,4
79240,21
79241,1
79242,5
79243,16
79244,0
79245,13
79246,16
79247,16
79248,15
79249,16
79250,7
79251,15
79252,4
79253,17
79254,6
79255,23
79256,19
79257,16
79258,12
79259,21
79260,12
79261,19
79262,12
79263,17
79264,13
79265,7
79266,10
79267,11
79268,5
79269,7
79270,2
79271,15
79272,6
79273,4
79274,21
79275,13
79276,4
79277,13
79278,0
79279,7
79280,4
79281,4
79282,20
79283,16
79284,13
79285,4
79286,21
79287,15
79288,6
79289,6
79290,19
79291,6
79292,3
79293,11
79294,7
79295,4
79296,17
79297,1
79298,7
79299,18
79300,21
79301,9
79302,17
79303,17
79304,6
79305,5
79306,11
79307,15
79308,22
79309,7
79310,22
79311,17
79312,13
79313,19
79314,7
79315,14
79316,20
79317,15
79318,22
79319,14
79320,6
79321,21
79322,19
79323,23
79324,7
79325,3
79326,6
79327,3
79328,15
79329,15
79330,16
79331,21
79332,13
79333,15
79334,21
79335,11
79336,19
79337,16
79338,4
79339,22
79340,22
79341,14
79342,22
79343,3
79344,6
79345,10
79346,16
79347,23
79348,4
79349,22
79350,0
79351,7
79352,21
79353,11
79354,6
79355,9
79356,23
79357,11
79358,9
79359,0
79360,22
79361,4
79362,21
79363,7
79364,15
79365,5
79366,15
79367,13
79368,15
79369,4
79370,5
79371,13
79372,9
79373,19
79374,15
79375,22
79376,0
79377,1
79378,6
79379,23
79380,15
79381,13
79382,7
79383,19
79384,3
79385,10
79386,15
79387,6
79388,5
79389,6
79390,3
79391,17
79392,13
79393,15
79394,15
79395,17
79396,14
79397,17
79398,5
79399,21
79400,4
79401,22
79402,22
79403,16
79404,4
79405,12
79406,15
79407,13
79408,1
79409,3
79410,5
79411,10
79412,6
79413,6
79414,6
79415,22
79416,1
79417,8
79418,2
79419,3
79420,0
79421,12
79422,3
79423,19
79424,19
79425,5
79426,0
79427,4
79428,10
79429,23
79430,4
79431,1
79432,19
79433,5
79434,23
79435,0
79436,21
79437,19
79438,17
79439,16
79440,7
79441,3
79442,5
79443,10
79444,3
79445,13
79446,6
79447,11
79448,1
79449,18
79450,13
79451,4
79452,18
79453,7
79454,12
79455,7
79456,0
79457,7
79458,8
79459,6
79460,21
79461,13
79462,18
79463,19
79464,23
79465,3
79466,7
79467,6
79468,4
79469,19
79470,0
79471,4
79472,5
79473,17
79474,0
79475,13
79476,0
79477,9
79478,20
79479,18
79480,13
79481,7
79482,2
79483,12
79484,15
79485,5
79486,20
79487,19
79488,7
79489,11
79490,14
79491,20
79492,19
79493,6
79494,7
79495,7
79496,15
79497,7
79498,7
79499,4
79500,5
79501,14
79502,19
79503,19
79504,12
79505,22
79506,21
79507,21
79508,16
79509,23
79510,6
79511,4
79512,14
79513,7
79514,13
79515,7
79516,19
79517,6
79518,7
79519,23
79520,11
79521,6
79522,7
79523,5
79524,7
79525,7
79526,7
79527,11
79528,12
79529,18
79530,18
79531,6
79532,7
79533,15
79534,20
79535,12
79536,11
79537,10
79538,8
79539,6
79540,8
79541,14
79542,6
79543,21
79544,0
79545,15
79546,11
79547,1
79548,5
79549,7
79550,7
79551,8
79552,1
79553,12
79554,8
79555,4
79556,11
79557,20
79558,11
79559,14
79560,13
79561,16
79562,6
79563,22
79564,9
79565,17
79566,15
79567,17
79568,16
79569,13
79570,13
79571,19
79572,5
79573,4
79574,8
79575,21
79576,13
79577,5
79578,23
79579,21
79580,1
79581,7
79582,15
79583,7
79584,6
79585,13
79586,19
79587,17
79588,9
79589,9
79590,4
79591,17
79592,4
79593,21
79594,13
79595,2
79596,6
79597,22
79598,1
79599,1
79600,19
79601,14
79602,11
79603,9
79604,19
79605,12
79606,6
79607,12
79608,14
79609,8
79610,1
79611,4
79612,12
79613,11
79614,7
79615,7
79616,20
79617,1
79618,20
79619,17
79620,15
79621,14
79622,13
79623,9
79624,19
79625,19
79626,0
79627,11
79628,4
79629,6
79630,0
79631,5
79632,21
79633,11
79634,7
79635,5
79636,10
79637,4
79638,16
79639,14
79640,7
79641,12
79642,9
79643,15
79644,13
79645,11
79646,12
79647,15
79648,12
79649,17
79650,7
79651,11
79652,4
79653,11
79654,15
79655,5
79656,11
79657,20
79658,13
79659,13
79660,7
79661,21
79662,11
79663,6
79664,11
79665,12
79666,3
79667,7
79668,12
79669,5
79670,13
79671,3
79672,13
79673,7
79674,17
79675,16
79676,8
79677,7
79678,17
79679,11
79680,17
79681,5
79682,0
79683,22
79684,1
79685,21
79686,6
79687,13
79688,7
79689,15
79690,15
79691,14
79692,6
79693,20
79694,10
79695,14
79696,14
79697,20
79698,22
79699,4
79700,10
79701,3
79702,17
79703,6
79704,1
79705,0
79706,8
79707,13
79708,3
79709,7
79710,10
79711,3
79712,11
79713,20
79714,5
79715,1
79716,17
79717,4
79718,8
79719,9
79720,6
79721,20
79722,11
79723,9
79724,22
79725,8
79726,6
79727,3
79728,18
79729,9
79730,23
79731,19
79732,19
79733,10
79734,5
79735,4
79736,4
79737,7
79738,1
79739,20
79740,7
79741,22
79742,17
79743,19
79744,6
79745,7
79746,5
79747,10
79748,16
79749,7
79750,16
79751,4
79752,9
79753,16
79754,4
79755,18
79756,11
79757,22
79758,15
79759,15
79760,16
79761,8
79762,16
79763,1
79764,14
79765,0
79766,5
79767,4
79768,5
79769,4
79770,18
79771,22
79772,21
79773,15
79774,4
79775,1
79776,1
79777,9
79778,12
79779,19
79780,1
79781,15
79782,11
79783,14
79784,12
79785,4
79786,20
79787,0
79788,4
79789,9
79790,1
79791,8
79792,7
79793,13
79794,5
79795,15
79796,11
79797,15
79798,21
79799,8
79800,13
79801,19
79802,5
79803,18
79804,4
79805,3
79806,17
79807,17
79808,13
79809,21
79810,8
79811,15
79812,12
79813,13
79814,16
79815,0
79816,4
79817,18
79818,11
79819,10
79820,15
79821,11
79822,6
79823,15
79824,0
79825,7
79826,8
79827,13
79828,11
79829,9
79830,16
79831,14
79832,7
79833,13
79834,0
79835,10
79836,16
79837,7
79838,5
79839,21
79840,0
79841,5
79842,19
79843,13
79844,7
79845,21
79846,19
79847,7
79848,6
79849,19
79850,16
79851,19
79852,19
79853,23
79854,4
79855,7
79856,12
79857,10
79858,10
79859,5
79860,10
79861,9
79862,5
79863,11
79864,19
79865,12
79866,15
79867,4
79868,22
79869,15
79870,14
79871,7
79872,5
79873,15
79874,10
79875,7
79876,4
79877,15
79878,0
79879,23
79880,4
79881,10
79882,19
79883,20
79884,12
79885,1
79886,14
79887,7
79888,20
79889,18
79890,19
79891,9
79892,12
79893,23
79894,8
79895,18
79896,10
79897,7
79898,1
79899,18
79900,13
79901,22
79902,17
79903,5
79904,13
79905,11
79906,17
79907,17
79908,15
79909,0
79910,5
79911,12
79912,13
79913,7
79914,19
79915,16
79916,8
79917,13
79918,9
79919,1
79920,5
79921,11
79922,6
79923,4
79924,15
79925,15
79926,15
79927,23
79928,1
79929,20
79930,11
79931,7
79932,7
79933,0
79934,6
79935,14
79936,7
79937,11
79938,13
79939,10
79940,19
79941,13
79942,19
79943,17
79944,9
79945,22
79946,14
79947,15
79948,21
79949,20
79950,10
79951,8
79952,17
79953,12
79954,19
79955,23
79956,19
79957,13
79958,16
79959,19
79960,3
79961,4
79962,4
79963,22
79964,1
79965,8
79966,12
79967,7
79968,11
79969,18
79970,7
79971,6
79972,12
79973,7
79974,13
79975,7
79976,23
79977,2
79978,4
79979,16
79980,17
79981,9
79982,11
79983,9
79984,6
79985,13
79986,13
79987,19
79988,14
79989,20
79990,0
79991,14
79992,11
79993,0
79994,1
79995,17
79996,19
79997,15
79998,1
79999,15
80000,12
80001,0
80002,7
80003,22
80004,15
80005,14
80006,13
80007,6
80008,4
80009,15
80010,19
80011,16
80012,17
80013,0
80014,7
80015,6
80016,7
80017,4
80018,19
80019,23
80020,19
80021,1
80022,0
80023,23
80024,19
80025,1
80026,19
80027,8
80028,13
80029,17
80030,6
80031,15
80032,11
80033,4
80034,6
80035,17
80036,8
80037,7
80038,21
80039,23
80040,12
80041,20
80042,21
80043,7
80044,19
80045,1
80046,21
80047,3
80048,18
80049,11
80050,7
80051,14
80052,18
80053,19
80054,18
80055,19
80056,7
80057,4
80058,15
80059,18
80060,0
80061,17
80062,11
80063,1
80064,13
80065,7
80066,7
80067,8
80068,10
80069,2
80070,1
80071,17
80072,15
80073,2
80074,11
80075,1
80076,4
80077,9
80078,11
80079,21
80080,0
80081,15
80082,7
80083,9
80084,19
80085,12
80086,23
80087,8
80088,9
80089,11
80090,15
80091,7
80092,1
80093,7
80094,15
80095,19
80096,14
80097,19
80098,7
80099,7
80100,4
80101,17
80102,15
80103,16
80104,4
80105,19
80106,5
80107,21
80108,0
80109,22
80110,22
80111,18
80112,15
80113,18
80114,16
80115,8
80116,14
80117,7
80118,1
80119,4
80120,7
80121,0
80122,12
80123,8
80124,21
80125,12
80126,18
80127,15
80128,6
80129,8
80130,10
80131,14
80132,11
80133,6
80134,18
80135,22
80136,22
80137,6
80138,6
80139,13
80140,1
80141,5
80142,20
80143,14
80144,1
80145,7
80146,5
80147,11
80148,11
80149,9
80150,20
80151,8
80152,7
80153,3
80154,7
80155,19
80156,16
80157,1
80158,20
80159,22
80160,13
80161,11
80162,15
80163,14
80164,7
80165,6
80166,20
80167,0
80168,11
80169,15
80170,4
80171,17
80172,16
80173,12
80174,18
80175,5
80176,10
80177,1
80178,12
80179,21
80180,2
80181,17
80182,16
80183,6
80184,5
80185,6
80186,17
80187,21
80188,19
80189,6
80190,15
80191,13
80192,22
80193,5
80194,4
80195,22
80196,12
80197,7
80198,6
80199,12
80200,7
80201,7
80202,20
80203,14
80204,20
80205,12
80206,6
80207,22
80208,15
80209,13
80210,15
80211,20
80212,23
80213,0
80214,16
80215,18
80216,11
80217,12
80218,7
80219,21
80220,21
80221,13
80222,14
80223,0
80224,8
80225,1
80226,1
80227,4
80228,10
80229,0
80230,22
80231,16
80232,13
80233,11
80234,19
80235,0
80236,4
80237,12
80238,7
80239,20
80240,13
80241,19
80242,16
80243,18
80244,22
80245,7
80246,0
80247,5
80248,16
80249,7
80250,7
80251,5
80252,9
80253,7
80254,17
80255,0
80256,9
80257,10
80258,1
80259,10
80260,23
80261,18
80262,17
80263,9
80264,6
80265,0
80266,17
80267,15
80268,7
80269,10
80270,3
80271,3
80272,13
80273,21
80274,22
80275,4
80276,9
80277,13
80278,18
80279,4
80280,7
80281,23
80282,10
80283,11
80284,7
80285,7
80286,6
80287,7
80288,13
80289,13
80290,7
80291,17
80292,7
80293,4
80294,3
80295,14
80296,8
80297,11
80298,22
80299,10
80300,9
80301,22
80302,14
80303,17
80304,9
80305,13
80306,1
80307,13
80308,10
80309,6
80310,7
80311,18
80312,11
80313,0
80314,1
80315,13
80316,22
80317,5
80318,12
80319,7
80320,12
80321,21
80322,2
80323,1
80324,16
80325,4
80326,23
80327,13
80328,14
80329,22
80330,20
80331,14
80332,7
80333,5
80334,7
80335,15
80336,7
80337,4
80338,4
80339,19
80340,20
80341,16
80342,22
80343,7
80344,11
80345,7
80346,22
80347,8
80348,17
80349,0
80350,9
80351,9
80352,21
80353,18
80354,13
80355,15
80356,20
80357,8
80358,7
80359,19
80360,17
80361,1
80362,0
80363,22
80364,15
80365,7
80366,6
80367,15
80368,5
80369,22
80370,19
80371,19
80372,16
80373,5
80374,16
80375,22
80376,19
80377,17
80378,10
80379,20
80380,8
80381,0
80382,12
80383,22
80384,23
80385,8
80386,10
80387,6
80388,8
80389,8
80390,19
80391,1
80392,17
80393,6
80394,13
80395,14
80396,15
80397,13
80398,8
80399,15
80400,8
80401,20
80402,1
80403,7
80404,7
80405,15
80406,19
80407,16
80408,7
80409,16
80410,8
80411,7
80412,7
80413,6
80414,5
80415,21
80416,19
80417,15
80418,19
80419,20
80420,4
80421,14
80422,7
80423,10
80424,17
80425,6
80426,10
80427,5
80428,19
80429,9
80430,22
80431,13
80432,16
80433,18
80434,2
80435,12
80436,22
80437,15
80438,7
80439,1
80440,22
80441,7
80442,15
80443,3
80444,7
80445,12
80446,15
80447,7
80448,7
80449,2
80450,23
80451,22
80452,12
80453,8
80454,15
80455,7
80456,7
80457,21
80458,15
80459,22
80460,14
80461,4
80462,7
80463,5
80464,5
80465,0
80466,4
80467,11
80468,10
80469,15
80470,17
80471,17
80472,15
80473,23
80474,13
80475,12
80476,3
80477,5
80478,13
80479,1
80480,11
80481,22
80482,13
80483,4
80484,18
80485,17
80486,22
80487,22
80488,14
80489,19
80490,3
80491,19
80492,12
80493,13
80494,15
80495,15
80496,16
80497,17
80498,16
80499,9
80500,7
80501,6
80502,8
80503,12
80504,15
80505,22
80506,13
80507,14
80508,0
80509,11
80510,0
80511,11
80512,22
80513,2
80514,7
80515,10
80516,18
80517,2
80518,5
80519,19
80520,4
80521,20
80522,14
80523,9
80524,22
80525,14
80526,0
80527,10
80528,10
80529,22
80530,23
80531,5
80532,15
80533,17
80534,11
80535,16
80536,22
80537,15
80538,9
80539,11
80540,4
80541,7
80542,9
80543,9
80544,22
80545,0
80546,19
80547,7
80548,6
80549,9
80550,16
80551,9
80552,12
80553,22
80554,13
80555,5
80556,1
80557,9
80558,19
80559,5
80560,20
80561,10
80562,19
80563,6
80564,20
80565,23
80566,5
80567,3
80568,9
80569,8
80570,7
80571,15
80572,11
80573,5
80574,0
80575,5
80576,0
80577,15
80578,8
80579,7
80580,22
80581,22
80582,19
80583,5
80584,19
80585,12
80586,16
80587,12
80588,0
80589,11
80590,0
80591,15
80592,20
80593,17
80594,4
80595,19
80596,10
80597,17
80598,22
80599,21
80600,21
80601,11
80602,8
80603,21
80604,0
80605,12
80606,14
80607,16
80608,22
80609,2
80610,0
80611,9
80612,5
80613,1
80614,5
80615,0
80616,4
80617,13
80618,21
80619,10
80620,6
80621,22
80622,16
80623,7
80624,13
80625,15
80626,19
80627,12
80628,19
80629,4
80630,10
80631,8
80632,18
80633,3
80634,4
80635,1
80636,14
80637,14
80638,15
80639,7
80640,9
80641,18
80642,4
80643,11
80644,1
80645,7
80646,9
80647,3
80648,15
80649,13
80650,0
80651,8
80652,0
80653,18
80654,5
80655,19
80656,7
80657,19
80658,4
80659,21
80660,1
80661,4
80662,17
80663,5
80664,13
80665,13
80666,23
80667,5
80668,9
80669,3
80670,19
80671,1
80672,1
80673,7
80674,2
80675,10
80676,1
80677,15
80678,10
80679,15
80680,5
80681,0
80682,11
80683,20
80684,23
80685,1
80686,9
80687,13
80688,20
80689,10
80690,22
80691,22
80692,23
80693,10
80694,20
80695,19
80696,4
80697,15
80698,4
80699,3
80700,13
80701,19
80702,1
80703,3
80704,15
80705,19
80706,15
80707,6
80708,15
80709,19
80710,21
80711,13
80712,15
80713,13
80714,8
80715,3
80716,21
80717,17
80718,12
80719,20
80720,14
80721,6
80722,7
80723,18
80724,1
80725,12
80726,7
80727,3
80728,14
80729,9
80730,1
80731,9
80732,4
80733,4
80734,4
80735,21
80736,3
80737,7
80738,0
80739,4
80740,6
80741,1
80742,3
80743,11
80744,7
80745,15
80746,15
80747,16
80748,22
80749,11
80750,4
80751,9
80752,7
80753,21
80754,9
80755,5
80756,4
80757,15
80758,4
80759,11
80760,22
80761,13
80762,20
80763,4
80764,1
80765,1
80766,20
80767,7
80768,19
80769,0
80770,10
80771,15
80772,3
80773,7
80774,17
80775,14
80776,8
80777,14
80778,11
80779,15
80780,22
80781,5
80782,7
80783,9
80784,1
80785,6
80786,5
80787,12
80788,6
80789,22
80790,6
80791,4
80792,4
80793,1
80794,23
80795,21
80796,21
80797,0
80798,12
80799,19
80800,4
80801,6
80802,11
80803,1
80804,4
80805,15
80806,17
80807,22
80808,7
80809,13
80810,4
80811,6
80812,6
80813,8
80814,18
80815,17
80816,9
80817,12
80818,13
80819,7
80820,15
80821,9
80822,8
80823,0
80824,1
80825,7
80826,15
80827,13
80828,4
80829,17
80830,1
80831,3
80832,10
80833,7
80834,19
80835,12
80836,15
80837,8
80838,3
80839,5
80840,21
80841,5
80842,15
80843,1
80844,23
80845,9
80846,22
80847,17
80848,16
80849,0
80850,0
80851,14
80852,1
80853,1
80854,13
80855,7
80856,5
80857,15
80858,17
80859,15
80860,7
80861,8
80862,20
80863,15
80864,17
80865,22
80866,7
80867,10
80868,7
80869,7
80870,17
80871,20
80872,9
80873,6
80874,23
80875,20
80876,0
80877,22
80878,19
80879,1
80880,4
80881,20
80882,6
80883,0
80884,6
80885,16
80886,6
80887,13
80888,9
80889,1
80890,4
80891,17
80892,21
80893,22
80894,16
80895,6
80896,14
80897,14
80898,11
80899,1
80900,8
80901,18
80902,0
80903,15
80904,18
80905,8
80906,7
80907,15
80908,15
80909,7
80910,5
80911,16
80912,19
80913,17
80914,0
80915,4
80916,23
80917,3
80918,14
80919,1
80920,0
80921,1
80922,15
80923,7
80924,6
80925,20
80926,15
80927,19
80928,23
80929,7
80930,16
80931,10
80932,6
80933,11
80934,18
80935,15
80936,7
80937,6
80938,7
80939,4
80940,0
80941,16
80942,0
80943,11
80944,15
80945,17
80946,19
80947,3
80948,0
80949,19
80950,20
80951,5
80952,2
80953,10
80954,23
80955,18
80956,6
80957,6
80958,10
80959,4
80960,16
80961,6
80962,15
80963,18
80964,11
80965,22
80966,6
80967,15
80968,1
80969,20
80970,4
80971,10
80972,1
80973,9
80974,13
80975,14
80976,17
80977,6
80978,5
80979,23
80980,20
80981,12
80982,20
80983,1
80984,18
80985,22
80986,5
80987,12
80988,1
80989,9
80990,14
80991,15
80992,5
80993,14
80994,3
80995,21
80996,1
80997,14
80998,5
80999,19
81000,4
81001,4
81002,18
81003,21
81004,3
81005,5
81006,12
81007,8
81008,8
81009,12
81010,13
81011,0
81012,8
81013,5
81014,22
81015,16
81016,7
81017,22
81018,7
81019,12
81020,19
81021,20
81022,16
81023,20
81024,7
81025,22
81026,8
81027,8
81028,18
81029,20
81030,20
81031,1
81032,11
81033,7
81034,7
81035,6
81036,7
81037,18
81038,3
81039,20
81040,5
81041,22
81042,14
81043,5
81044,4
81045,15
81046,10
81047,6
81048,14
81049,4
81050,6
81051,13
81052,8
81053,10
81054,13
81055,15
81056,23
81057,0
81058,19
81059,22
81060,23
81061,17
81062,18
81063,19
81064,21
81065,15
81066,9
81067,9
81068,8
81069,15
81070,6
81071,4
81072,17
81073,7
81074,10
81075,6
81076,6
81077,6
81078,7
81079,8
81080,19
81081,22
81082,17
81083,4
81084,14
81085,9
81086,14
81087,7
81088,16
81089,3
81090,7
81091,4
81092,16
81093,0
81094,12
81095,14
81096,7
81097,19
81098,11
81099,0
81100,13
81101,21
81102,9
81103,13
81104,7
81105,17
81106,11
81107,13
81108,4
81109,19
81110,9
81111,8
81112,5
81113,13
81114,14
81115,13
81116,14
81117,7
81118,10
81119,14
81120,7
81121,14
81122,23
81123,5
81124,17
81125,17
81126,0
81127,6
81128,7
81129,22
81130,15
81131,0
81132,22
81133,7
81134,8
81135,1
81136,19
81137,8
81138,18
81139,1
81140,16
81141,4
81142,15
81143,7
81144,22
81145,7
81146,8
81147,0
81148,8
81149,21
81150,13
81151,15
81152,19
81153,7
81154,12
81155,15
81156,8
81157,22
81158,6
81159,0
81160,18
81161,12
81162,21
81163,14
81164,4
81165,15
81166,14
81167,4
81168,1
81169,11
81170,7
81171,21
81172,15
81173,14
81174,18
81175,17
81176,15
81177,1
81178,7
81179,13
81180,22
81181,7
81182,12
81183,4
81184,16
81185,5
81186,22
81187,8
81188,23
81189,7
81190,18
81191,20
81192,15
81193,19
81194,9
81195,10
81196,13
81197,1
81198,13
81199,13
81200,5
81201,19
81202,15
81203,14
81204,17
81205,22
81206,1
81207,16
81208,1
81209,4
81210,16
81211,5
81212,3
81213,9
81214,15
81215,18
81216,13
81217,22
81218,20
81219,1
81220,5
81221,19
81222,8
81223,19
81224,18
81225,6
81226,7
81227,4
81228,21
81229,10
81230,22
81231,6
81232,4
81233,15
81234,9
81235,6
81236,15
81237,21
81238,6
81239,18
81240,0
81241,17
81242,19
81243,7
81244,6
81245,17
81246,17
81247,6
81248,17
81249,19
81250,7
81251,1
81252,22
81253,7
81254,22
81255,16
81256,22
81257,7
81258,12
81259,18
81260,17
81261,1
81262,12
81263,0
81264,4
81265,19
81266,13
81267,16
81268,7
81269,7
81270,10
81271,19
81272,8
81273,5
81274,15
81275,18
81276,20
81277,20
81278,21
81279,9
81280,3
81281,7
81282,21
81283,17
81284,9
81285,5
81286,7
81287,1
81288,14
81289,6
81290,7
81291,11
81292,13
81293,19
81294,22
81295,2
81296,15
81297,0
81298,7
81299,17
81300,12
81301,7
81302,6
81303,12
81304,5
81305,11
81306,11
81307,9
81308,0
81309,4
81310,23
81311,15
81312,5
81313,1
81314,13
81315,19
81316,6
81317,3
81318,12
81319,4
81320,12
81321,0
81322,4
81323,17
81324,13
81325,7
81326,22
81327,5
81328,15
81329,4
81330,14
81331,15
81332,19
81333,13
81334,21
81335,4
81336,20
81337,6
81338,11
81339,1
81340,2
81341,16
81342,19
81343,4
81344,19
81345,7
81346,11
81347,6
81348,20
81349,20
81350,15
81351,17
81352,5
81353,22
81354,6
81355,4
81356,0
81357,5
81358,0
81359,13
81360,0
81361,15
81362,6
81363,13
81364,16
81365,7
81366,21
81367,7
81368,4
81369,3
81370,23
81371,12
81372,15
81373,20
81374,22
81375,10
81376,5
81377,6
81378,0
81379,13
81380,8
81381,7
81382,7
81383,7
81384,0
81385,12
81386,21
81387,7
81388,5
81389,15
81390,13
81391,3
81392,8
81393,11
81394,4
81395,11
81396,4
81397,18
81398,22
81399,0
81400,16
81401,13
81402,7
81403,11
81404,6
81405,12
81406,13
81407,7
81408,13
81409,14
81410,4
81411,2
81412,15
81413,21
81414,17
81415,7
81416,3
81417,22
81418,13
81419,13
81420,4
81421,18
81422,10
81423,14
81424,7
81425,21
81426,1
81427,14
81428,4
81429,10
81430,13
81431,0
81432,12
81433,8
81434,15
81435,7
81436,7
81437,22
81438,9
81439,21
81440,10
81441,13
81442,18
81443,20
81444,12
81445,22
81446,4
81447,22
81448,0
81449,7
81450,6
81451,13
81452,13
81453,8
81454,16
81455,16
81456,6
81457,9
81458,23
81459,19
81460,0
81461,20
81462,8
81463,4
81464,11
81465,21
81466,4
81467,15
81468,1
81469,1
81470,12
81471,12
81472,14
81473,3
81474,4
81475,11
81476,23
81477,6
81478,9
81479,7
81480,17
81481,23
81482,6
81483,5
81484,15
81485,23
81486,8
81487,5
81488,10
81489,22
81490,15
81491,19
81492,14
81493,0
81494,4
81495,11
81496,11
81497,10
81498,19
81499,13
81500,3
81501,8
81502,6
81503,20
81504,15
81505,19
81506,22
81507,14
81508,13
81509,15
81510,11
81511,10
81512,21
81513,11
81514,8
81515,19
81516,15
81517,7
81518,0
81519,15
81520,4
81521,4
81522,15
81523,21
81524,12
81525,15
81526,18
81527,12
81528,15
81529,0
81530,15
81531,15
81532,6
81533,3
81534,22
81535,16
81536,0
81537,11
81538,1
81539,20
81540,13
81541,14
81542,7
81543,10
81544,7
81545,12
81546,12
81547,22
81548,18
81549,4
81550,5
81551,8
81552,8
81553,13
81554,7
81555,7
81556,7
81557,10
81558,4
81559,0
81560,21
81561,7
81562,13
81563,10
81564,7
81565,10
81566,1
81567,6
81568,14
81569,18
81570,5
81571,23
81572,1
81573,16
81574,0
81575,5
81576,13
81577,13
81578,10
81579,7
81580,0
81581,15
81582,10
81583,16
81584,16
81585,16
81586,8
81587,14
81588,4
81589,11
81590,4
81591,10
81592,0
81593,1
81594,13
81595,9
81596,0
81597,1
81598,20
81599,20
